OCC,total_usage_global_v3,classified_global_v3,automation_share_global_v3,total_usage_US_v3,classified_US_v3,automation_share_US_v3,usage_z_global_v3,automation_z_global_v3,usage_z_US_v3,automation_z_US_v3,us_automation_is_global_fallback_v3,total_usage_global_v4,classified_global_v4,automation_share_global_v4,total_usage_US_v4,classified_US_v4,automation_share_US_v4,usage_z_global_v4,automation_z_global_v4,usage_z_US_v4,automation_z_US_v4,us_automation_is_global_fallback_v4,total_usage_global_v5,classified_global_v5,automation_share_global_v5,total_usage_US_v5,classified_US_v5,automation_share_US_v5,usage_z_global_v5,automation_z_global_v5,usage_z_US_v5,automation_z_US_v5,us_automation_is_global_fallback_v5,total_usage_global_pooled,classified_global_pooled,automation_share_global_pooled,total_usage_US_pooled,classified_US_pooled,automation_share_US_pooled,usage_z_global_pooled,automation_z_global_pooled,usage_z_US_pooled,automation_z_US_pooled,us_automation_is_global_fallback_pooled,total_usage_global_pooled_dup,classified_global_pooled_dup,automation_share_global_pooled_dup,total_usage_US_pooled_dup,classified_US_pooled_dup,automation_share_US_pooled_dup,usage_z_global_pooled_dup,automation_z_global_pooled_dup,usage_z_US_pooled_dup,automation_z_US_pooled_dup,total_usage_global_pooled_unif,classified_global_pooled_unif,automation_share_global_pooled_unif,total_usage_US_pooled_unif,classified_US_pooled_unif,automation_share_US_pooled_unif,usage_z_global_pooled_unif,automation_z_global_pooled_unif,usage_z_US_pooled_unif,automation_z_US_pooled_unif,total_usage_global,automation_share_global,usage_z_global,automation_z_global,total_usage_US,automation_share_US,usage_z_US,automation_z_US,us_automation_is_global_fallback,automation_z_global_pooled_min50,usage_z_global_pooled_min50,automation_z_US_pooled_min50,usage_z_US_pooled_min50,usage_z_global_zmean,automation_z_global_zmean,usage_z_US_zmean,automation_z_US_zmean,emp_pretreat_2019_2022
10,2372.0,2158.0,0.3387395736793327,561.0,2158.0,0.3387395736793327,-0.227137139346425,-0.7271468873494815,-0.5802855807421302,-0.7271468873494815,True,3053.0,2830.0,0.3010600706713781,740.0,2830.0,0.3010600706713781,-0.1752313547024852,-0.6442962539932345,-0.39443472737388874,-0.6442962539932345,True,3720.0,3429.0,0.3108778069407991,954.0,3429.0,0.3108778069407991,-0.11129725588982295,-0.5398460400605491,-0.2999961108210803,-0.5398460400605491,True,9145.0,8417.0,0.3147202091006297,2255.0,8417.0,0.3147202091006297,-0.09542589376356513,-0.6379406506167755,-0.262334919775944,-0.6379406506167755,True,9145.0,8417.0,0.3147202091006297,2255.0,8417.0,0.3147202091006297,-0.11993491912367532,-0.6405927131292475,-0.2860729415784092,-0.6405927131292475,9145.0,8417.0,0.3147202091006297,2255.0,8417.0,0.3147202091006297,-0.09554306329035739,-0.6379652591232702,-0.2622103002346534,-0.6379652591232702,2372.0,0.3387395736793327,-0.227137139346425,-0.7271468873494815,561.0,0.3387395736793327,-0.5802855807421302,-0.7271468873494815,True,-0.7830838305099513,-0.09542589376356513,-0.7830838305099513,-0.262334919775944,-0.12377032811015251,-0.754355710393271,-0.34702070592460693,-0.754355710393271,1678509.0445326087
20,374.0,354.0,0.5310734463276836,77.0,354.0,0.5310734463276836,-0.912254954569085,0.06298233439085558,-1.4334643377551288,0.06298233439085558,True,312.0,270.0,0.45925925925925926,86.0,270.0,0.45925925925925926,-1.143132939774447,0.05050245256965076,-1.349416942049683,0.05050245256965076,True,450.0,408.0,0.43137254901960786,112.0,408.0,0.43137254901960786,-0.9852385658669065,-0.0018599227981061714,-1.283086965340951,-0.0018599227981061714,True,1136.0,1032.0,0.4728682170542636,275.0,1032.0,0.4728682170542636,-0.9137488708819046,0.06311784819741703,-1.1465206326082118,0.06311784819741703,True,1136.0,1032.0,0.4728682170542636,275.0,1032.0,0.4728682170542636,-0.9366185045204025,0.06116495721109207,-1.1632474184691568,0.06116495721109207,1136.0,1032.0,0.4728682170542636,275.0,1032.0,0.4728682170542636,-0.9140165920759413,0.06310151761262359,-1.1462727575178484,0.06310151761262359,374.0,0.5310734463276836,-0.912254954569085,0.06298233439085558,77.0,0.5310734463276836,-1.4334643377551288,0.06298233439085558,True,0.06445779570120311,-0.9137488708819046,0.06445779570120311,-1.1465206326082118,-0.9728503926715688,0.017408755415000927,-1.2914737710542676,0.017408755415000927,1083776.4778
40,1650.875190258752,1550.0,0.43806451612903224,362.0,1550.0,0.43806451612903224,1.187830737108553,-0.31910883145970553,0.9822827776871962,-0.31910883145970553,True,3769.8538812785387,3638.6331811263317,0.3545793451134494,763.0958904109589,3638.6331811263317,0.3545793451134494,1.654561831419219,-0.4092437041637608,1.4459562458890929,-0.4092437041637608,True,4557.9497716894975,4378.20700152207,0.39635325373146785,1007.1841704718418,4378.20700152207,0.39635325373146785,1.7031842058958282,-0.15821441907157266,1.6193932821004284,-0.15821441907157266,True,9978.678843226788,9566.840182648402,0.38722302142706905,2132.2800608828006,9566.840182648402,0.38722302142706905,1.5733899980301154,-0.3165410109559158,1.4448763081653198,-0.3165410109559158,True,10080.0,9650.0,0.3872538860103627,2160.0,9650.0,0.3872538860103627,1.550543442998191,-0.3187355820276254,1.4143986787337008,-0.3187355820276254,9974.0,9563.0,0.38722158318519295,2131.0,9563.0,0.38722158318519295,1.5733469599501926,-0.31656820015247394,1.4444444144137785,-0.31656820015247394,1650.875190258752,0.43806451612903224,1.187830737108553,-0.31910883145970553,362.0,0.43806451612903224,0.9822827776871962,-0.31910883145970553,True,-0.39452913254595096,1.5733899980301154,-0.39452913254595096,1.4448763081653198,1.5761777366761602,-0.3634126529604011,1.45385892788407,-0.3634126529604011,63537.45296304348
51,1138.0,1040.0,0.37884615384615383,261.0,1040.0,0.37884615384615383,-0.08297190042704798,-0.5623845366645591,-0.43377211766026164,-0.5623845366645591,True,890.0,747.0,0.29049531459170014,194.0,747.0,0.29049531459170014,-0.28105450452710445,-0.6906958526563778,-0.565778441099325,-0.6906958526563778,True,1293.0,1185.0,0.34767932489451475,276.0,1185.0,0.34767932489451475,-0.12468005914807388,-0.37553425838683624,-0.42061119878779546,-0.37553425838683624,True,3321.0,2972.0,0.3442126514131898,731.0,2972.0,0.3442126514131898,-0.08640425237159942,-0.5072028208992532,-0.31293435499229,-0.5072028208992532,True,3321.0,2972.0,0.3442126514131898,731.0,2972.0,0.3442126514131898,-0.11093135128533928,-0.5097244974766236,-0.33627114368992134,-0.5097244974766236,3321.0,2972.0,0.3442126514131898,731.0,2972.0,0.3442126514131898,-0.08651976213422664,-0.5072258856864724,-0.3128026818862564,-0.5072258856864724,1138.0,0.37884615384615383,-0.08297190042704798,-0.5623845366645591,261.0,0.37884615384615383,-0.43377211766026164,-0.5623845366645591,True,-0.6250288992973227,-0.08640425237159942,-0.6250288992973227,-0.31293435499229,-0.11538379802152704,-0.6465121957499682,-0.3962338563001811,-0.6465121957499682,598573.1660970589
52,59.1248097412481,35.0,0.5142857142857142,16.0,35.0,0.5142857142857142,-1.4706077584586188,-0.005983560542058163,-1.915875695587029,-0.005983560542058163,True,231.1461187214612,116.3668188736682,0.4452801067322407,46.9041095890411,116.3668188736682,0.4452801067322407,-0.9353575248826659,-0.010892913495847546,-1.2996137066107154,-0.010892913495847546,True,260.0502283105023,152.79299847792998,0.4887881655625841,53.8158295281583,152.79299847792998,0.4887881655625841,-0.9083735678203976,0.2544898903247142,-1.3045734383065934,0.2544898903247142,True,550.3211567732116,304.1598173515982,0.47507668903534456,116.71993911719939,304.1598173515982,0.47507668903534456,-0.9281933352730566,0.07290784221481726,-1.2321024374577776,0.07290784221481726,True,661.0,395.0,0.45569620253164556,147.0,395.0,0.45569620253164556,-0.8602348933352278,-0.01503323878500238,-1.1267566438098349,-0.01503323878500238,555.0,308.0,0.474025974025974,118.0,308.0,0.474025974025974,-0.9242596736667825,0.0682338297985508,-1.2260570683986147,0.0682338297985508,59.1248097412481,0.5142857142857142,-1.4706077584586188,-0.005983560542058163,16.0,0.5142857142857142,-1.915875695587029,-0.005983560542058163,True,0.07629336643337392,-0.9281933352730566,0.07629336643337392,-1.2321024374577776,-1.0648200594873036,0.06547480539937499,-1.4451220475796251,0.06547480539937499,540521.25615
60,1889.5,1759.5,0.40977550440466043,477.5,1759.5,0.40977550440466043,1.0439340826771801,-0.43532327933518655,0.8973289773084014,-0.43532327933518655,True,2615.5,2458.5,0.2808623144193614,662.0,2458.5,0.2808623144193614,1.2362562787540996,-0.7330032508156483,1.1267337915619717,-0.7330032508156483,True,3273.5,3067.0,0.30469514183240953,919.0,3067.0,0.30469514183240953,1.3054914027551972,-0.5674504644413326,1.317938014456581,-0.5674504644413326,True,7778.5,7285.0,0.3220315717227179,2058.5,7285.0,0.3220315717227179,1.2356860022044418,-0.6055299173394388,1.1974903990129104,-0.6055299173394388,True,11576.0,10913.0,0.31558691468890315,3228.0,10913.0,0.31558691468890315,1.405501825709057,-0.6367468392395426,1.3989513529717792,-0.6367468392395426,7778.5,7285.0,0.3220315717227179,2058.5,7285.0,0.3220315717227179,1.235813725123335,-0.6055541431481802,1.197411518804537,-0.6055541431481802,1889.5,0.40977550440466043,1.0439340826771801,-0.43532327933518655,477.5,0.40977550440466043,0.8973289773084014,-0.43532327933518655,True,-0.7439010153311422,1.2356860022044418,-0.7439010153311422,1.1974903990129104,1.253644935136605,-0.6873958366438,1.2151001574005922,-0.6873958366438,97781.44572391304
101,0.0,0.0,,0.0,0.0,,,,,,True,6.729957805907174,0.0,,0.0,0.0,,-1.6795560280481372,,,,True,7.627285513361463,0.0,,0.0,0.0,,-1.6441626558846014,,,,True,14.357243319268637,0.0,,0.0,0.0,,-1.686389300325804,,,,True,32.0,0.0,,0.0,0.0,,-1.310586396424441,,,,16.0,0.0,,0.0,0.0,,-1.633003212765842,,,,0.0,,,,0.0,,,,True,,-1.686389300325804,,,-1.62637048669242,,,,64937.17991176471
102,1155.0,1026.0,0.44834307992202727,211.0,1026.0,0.44834307992202727,0.6449801023835227,-0.27688333317102853,0.2662151190814912,-0.27688333317102853,True,1741.2700421940929,1484.0,0.5148247978436657,312.0,1484.0,0.5148247978436657,0.8500438584810603,0.29454203761764386,0.5247439927589143,0.29454203761764386,True,1992.3727144866384,1708.0,0.4994145199063232,312.0,1708.0,0.4994145199063232,0.8748517885232914,0.3019345423934662,0.5053775349663225,0.3019345423934662,True,4888.6427566807315,4218.0,0.4924134660976766,835.0,4218.0,0.4924134660976766,0.8418899076017213,0.149760501055504,0.5444234543107468,0.149760501055504,True,4903.0,4218.0,0.4924134660976766,835.0,4218.0,0.4924134660976766,0.8169561512607484,0.14789401951422632,0.5142881641217564,0.14789401951422632,4887.0,4218.0,0.4924134660976766,835.0,4218.0,0.4924134660976766,0.8417782869877152,0.14974519352527385,0.5444356116793014,0.14974519352527385,1155.0,0.44834307992202727,0.6449801023835227,-0.27688333317102853,211.0,0.44834307992202727,0.2662151190814912,-0.27688333317102853,True,0.16920405443253644,0.8418899076017213,0.16920405443253644,0.5444234543107468,0.8451238824177606,0.09675103301403248,0.5229255045006368,0.09675103301403248,135837.2411470588
110,1727.550724637681,1680.4057971014493,0.33636630213544,373.18840579710144,1680.4057971014493,0.33636630213544,0.03231732114255769,-0.7368965542809165,-0.33604761484253737,-0.7368965542809165,True,1049.536231884058,901.1739130434783,0.26384265290040365,227.69565217391306,901.1739130434783,0.26384265290040365,-0.28909705689279974,-0.8077522992467084,-0.5769429564846555,-0.8077522992467084,True,1440.463768115942,1289.6376811594203,0.3580378715513851,297.9855072463768,1289.6376811594203,0.3580378715513851,-0.1623556814382304,-0.32928531672955863,-0.4803308172388016,-0.32928531672955863,True,4217.550724637681,3871.217391304348,0.32670320537298675,898.8695652173913,3871.217391304348,0.32670320537298675,-0.057216548016709584,-0.5848209086314219,-0.2988627642217171,-0.5848209086314219,True,4391.0,4034.0,0.326970748636589,942.0,4034.0,0.326970748636589,-0.06183273601523058,-0.5862328119429646,-0.2976448305969996,-0.5862328119429646,4204.0,3858.5,0.32668135285732797,895.5,3858.5,0.32668135285732797,-0.05892471852379179,-0.5849417616534721,-0.3007252081568077,-0.5849417616534721,1727.550724637681,0.33636630213544,0.03231732114255769,-0.7368965542809165,373.18840579710144,0.33636630213544,-0.33604761484253737,-0.7368965542809165,True,-0.7188649492292382,-0.057216548016709584,-0.7188649492292382,-0.2988627642217171,-0.09200734077586453,-0.740104353403777,-0.3871521000373954,-0.740104353403777,716765.3030760869
120,2826.0,2467.0,0.44061613295500607,717.0,2467.0,0.44061613295500607,-0.014622348920465284,-0.3086265020128673,-0.3006489138531963,-0.3086265020128673,True,3914.0,3452.0,0.4690034762456547,931.0,3452.0,0.4690034762456547,0.0928635460366923,0.09329830644885505,-0.12056975346852021,0.09329830644885505,True,5906.0,5393.0,0.41906174670869645,1573.0,5393.0,0.41906174670869645,0.26671917490292296,-0.056825314825759865,0.13958226425693457,-0.056825314825759865,True,12646.0,11312.0,0.439002828854314,3221.0,11312.0,0.439002828854314,0.19566218844736893,-0.08700492932234229,0.0658943676775457,-0.08700492932234229,True,12646.0,11312.0,0.439002828854314,3221.0,11312.0,0.439002828854314,0.1705700102178171,-0.08910753901494561,0.03955362006323501,-0.08910753901494561,12646.0,11312.0,0.439002828854314,3221.0,11312.0,0.439002828854314,0.19559857209862158,-0.08702303251897907,0.06597323203363054,-0.08702303251897907,2826.0,0.44061613295500607,-0.014622348920465284,-0.3086265020128673,717.0,0.44061613295500607,-0.3006489138531963,-0.3086265020128673,True,-0.11703248393401232,0.19566218844736893,-0.11703248393401232,0.0658943676775457,0.1647352747283377,-0.12900701191544034,-0.011000338251945819,-0.12900701191544034,1291416.125523913
135,78.0,0.0,,0.0,0.0,,0.28269533283706183,,,,True,298.0,245.0,0.45714285714285713,59.0,245.0,0.45714285714285713,0.9468594231174183,0.04120737674676631,0.6830129626041006,0.04120737674676631,True,241.0,166.0,0.2710843373493976,38.0,166.0,0.2710843373493976,0.7899938915576193,-0.7175163170248106,0.4155580410197193,-0.7175163170248106,True,617.0,411.0,0.3819951338199513,97.0,411.0,0.3819951338199513,0.782245533139704,-0.3397158525820576,0.4367020792252489,-0.3397158525820576,True,617.0,411.0,0.3819951338199513,97.0,411.0,0.3819951338199513,0.7559782200230558,-0.34207049299989767,0.40742097607604916,-0.34207049299989767,617.0,411.0,0.3819951338199513,97.0,411.0,0.3819951338199513,0.7822898339617933,-0.33973693972545393,0.43672925296088605,-0.33973693972545393,78.0,,0.28269533283706183,,0.0,,,,True,-0.422546256640772,0.782245533139704,-0.422546256640772,0.4367020792252489,0.7274110279720286,-0.41220658963084456,0.6418664057904538,-0.41220658963084456,19332.55032608696
136,26.0,0.0,,0.0,0.0,,-1.5765207741138316,,,,True,115.0,69.0,0.5942028985507246,20.0,69.0,0.5942028985507246,-0.9849769036300552,0.6431645697113884,-1.4381445527462147,0.6431645697113884,True,121.0,45.0,0.37777777777777777,0.0,45.0,0.37777777777777777,-0.9926323025916061,-0.2411503879961878,,-0.2411503879961878,True,262.0,114.0,0.5087719298245614,20.0,114.0,0.5087719298245614,-0.9969773142446982,0.22227636876493842,-1.8477189503238574,0.22227636876493842,True,262.0,114.0,0.5087719298245614,20.0,114.0,0.5087719298245614,-1.019680211735163,0.22048220790728704,-1.8588855164527354,0.22048220790728704,262.0,114.0,0.5087719298245614,20.0,114.0,0.5087719298245614,-0.9972603474625455,0.22226191748376023,-1.8473733281398634,0.22226191748376023,26.0,,-1.5765207741138316,,0.0,,,,True,0.256871797635884,-0.9969773142446982,0.256871797635884,-1.8477189503238574,-1.1453918968777876,0.20488201334618955,-1.375544981960745,0.20488201334618955,295573.90497826086
137,620.0,563.0,0.44582593250444047,132.0,563.0,0.44582593250444047,0.8039022997527009,-0.28722405840407084,0.5307412461886759,-0.28722405840407084,True,908.0,797.0,0.3877038895859473,188.0,797.0,0.3877038895859473,1.0065251919832656,-0.26376324462150896,0.7712190132006603,-0.26376324462150896,True,870.0,783.0,0.43039591315453385,169.0,783.0,0.43039591315453385,0.9377655530824167,-0.006220416276624693,0.6991736702460098,-0.006220416276624693,True,2398.0,2143.0,0.41857209519365374,489.0,2143.0,0.41857209519365374,0.9594935363762986,-0.177572870424796,0.7640979231990767,-0.177572870424796,True,2398.0,2143.0,0.41857209519365374,489.0,2143.0,0.41857209519365374,0.9328711325224924,-0.1797658042853649,0.732220703108538,-0.1797658042853649,2398.0,2143.0,0.41857209519365374,489.0,2143.0,0.41857209519365374,0.9595704465508677,-0.1775920430248083,0.7640794579315864,-0.1775920430248083,620.0,0.44582593250444047,0.8039022997527009,-0.28722405840407084,132.0,0.44582593250444047,0.5307412461886759,-0.28722405840407084,True,-0.22652420283394115,0.9594935363762986,-0.22652420283394115,0.7640979231990767,0.972241677452373,-0.23775839942493093,0.7614020001763027,-0.23775839942493093,52578.34419999999
140,94.0,15.0,1.0,0.0,15.0,1.0,-0.9136171894530472,1.9893854572765666,,1.9893854572765666,True,125.0,36.0,0.5,16.0,36.0,0.5,-0.8997856589829103,0.22943266216017538,-1.518489136807869,0.22943266216017538,True,101.0,18.0,0.0,0.0,18.0,0.0,-1.045754216152885,-1.9278563500021768,,-1.9278563500021768,True,320.0,69.0,0.4782608695652174,16.0,69.0,0.4782608695652174,-0.858534840295394,0.08702308053562184,-1.9242571796195944,0.08702308053562184,True,320.0,69.0,0.4782608695652174,16.0,69.0,0.4782608695652174,-0.88151508725796,0.08509403043818857,-1.9348168284726666,0.08509403043818857,320.0,69.0,0.4782608695652174,16.0,69.0,0.4782608695652174,-0.8587924034410898,0.08700703221777456,-1.9239008880011819,0.08700703221777456,94.0,1.0,-0.9136171894530472,1.9893854572765666,0.0,1.0,,1.9893854572765666,True,0.09335792247400106,-0.858534840295394,0.09335792247400106,-1.9242571796195944,-0.9118751485674612,0.08582780228477478,-1.4571016025111738,0.08582780228477478,273157.6329065217
150,286.0,223.0,0.7130044843049327,42.0,223.0,0.7130044843049327,-0.280642400311557,0.8103755390719452,-0.9035225427458856,0.8103755390719452,True,379.0,299.0,0.5384615384615384,65.0,299.0,0.5384615384615384,-0.21773235956231227,0.39835279009528596,-0.6321514277350634,0.39835279009528596,True,557.0,465.0,0.5548387096774193,105.0,465.0,0.5548387096774193,-0.05573091074002787,0.5493930135512112,-0.41608688700552304,0.5493930135512112,True,1222.0,987.0,0.585612968591692,212.0,987.0,0.585612968591692,-0.09906023261305695,0.5629070474719472,-0.45274495269625925,0.5629070474719472,True,1222.0,987.0,0.585612968591692,212.0,987.0,0.585612968591692,-0.12356197710095654,0.5614526004497131,-0.4749730997664574,0.5614526004497131,1222.0,987.0,0.585612968591692,212.0,987.0,0.585612968591692,-0.0991780707704369,0.5628966182717966,-0.45259378998330696,0.5628966182717966,286.0,0.7130044843049327,-0.280642400311557,0.8103755390719452,42.0,0.7130044843049327,-0.9035225427458856,0.8103755390719452,True,0.668675776700495,-0.09906023261305695,0.668675776700495,-0.45274495269625925,-0.1373584817835172,0.645565684778096,-0.5761066985293971,0.645565684778096,225938.5256173913
160,216.0,118.0,0.576271186440678,31.0,118.0,0.576271186440678,-0.5696091095052088,0.248659743825623,-1.2438002259107708,0.248659743825623,True,215.0,110.0,0.2909090909090909,0.0,110.0,0.2909090909090909,-0.6802005908909009,-0.6888785787961536,,-0.6888785787961536,True,262.0,128.0,0.6015625,20.0,128.0,0.6015625,-0.613102633397902,0.7580058551222497,-1.5533940180853325,0.7580058551222497,True,693.0,356.0,0.49719101123595505,51.0,356.0,0.49719101123595505,-0.5365176018366105,0.1709390076076731,-1.3751160971079885,0.1709390076076731,True,693.0,356.0,0.49719101123595505,51.0,356.0,0.49719101123595505,-0.560142963759537,0.16909364756877024,-1.3900302131717304,0.16909364756877024,693.0,356.0,0.49719101123595505,51.0,356.0,0.49719101123595505,-0.536715921586377,0.17092395014789966,-1.3748363557941794,0.17092395014789966,216.0,0.576271186440678,-0.5696091095052088,0.248659743825623,31.0,0.576271186440678,-1.2438002259107708,0.248659743825623,True,0.1948077179132731,-0.5365176018366105,0.1948077179132731,-1.3751160971079885,-0.5771285350155263,0.0960619372126917,-1.335400959299588,0.0960619372126917,309253.4967434783
205,90.0,51.0,0.3137254901960784,25.0,51.0,0.3137254901960784,-1.5274650179635862,-0.8299075609792754,-1.965942646392507,-0.8299075609792754,True,139.0,88.0,0.25,30.0,88.0,0.25,-1.484425889782711,-0.8685481694180439,-1.8476287037147263,-0.8685481694180439,True,147.0,60.0,0.2833333333333333,31.0,60.0,0.2833333333333333,-1.4863460776754078,-0.6628268784976851,-1.9324372470509805,-0.6628268784976851,True,376.0,199.0,0.27638190954773867,86.0,199.0,0.27638190954773867,-1.3839985218739017,-0.8078915155022731,-1.6791000105547906,-0.8078915155022731,True,376.0,199.0,0.27638190954773867,86.0,199.0,0.27638190954773867,-1.4059260783540113,-0.8107130714390071,-1.6916036568397628,-0.8107130714390071,376.0,199.0,0.27638190954773867,86.0,199.0,0.27638190954773867,-1.384352757648315,-0.807918130745659,-1.678777893862577,-0.807918130745659,90.0,0.3137254901960784,-1.5274650179635862,-0.8299075609792754,25.0,0.3137254901960784,-1.965942646392507,-0.8299075609792754,True,-0.9885451902177137,-1.3839985218739017,-0.9885451902177137,-1.6791000105547906,-1.4626197958209783,-0.926033265327783,-1.8599352925483357,-0.926033265327783,924903.2762195652
220,244.0,123.0,0.43089430894308944,17.0,123.0,0.43089430894308944,-1.0794633554069895,-0.34856485054535113,-2.2200350103913404,-0.34856485054535113,True,325.0,263.0,0.3231939163498099,61.0,263.0,0.3231939163498099,-1.078108872595675,-0.5470861008571204,-1.4944608946004805,-0.5470861008571204,True,400.0,299.0,0.34448160535117056,95.0,299.0,0.34448160535117056,-1.0033788187191304,-0.38981146825955254,-1.330146092563536,-0.38981146825955254,True,969.0,685.0,0.3518248175182482,173.0,685.0,0.3518248175182482,-0.9514736435031148,-0.4734586478844335,-1.3483571598503552,-0.4734586478844335,True,981.0,685.0,0.3518248175182482,173.0,685.0,0.3518248175182482,-0.9681693058197601,-0.475946671114779,-1.3634834634895519,-0.475946671114779,969.0,685.0,0.3518248175182482,173.0,685.0,0.3518248175182482,-0.9517483051443506,-0.4734813142289799,-1.348081148734237,-0.4734813142289799,244.0,0.43089430894308944,-1.0794633554069895,-0.34856485054535113,17.0,0.43089430894308944,-2.2200350103913404,-0.34856485054535113,True,-0.5842340279413578,-0.9514736435031148,-0.5842340279413578,-1.3483571598503552,-1.0132804663439063,-0.515595760348685,-1.6226196091138425,-0.515595760348685,997435.00715
230,1722.0,1568.0,0.5102040816326531,404.0,1568.0,0.5102040816326531,-0.11261369810109136,-0.022751367414483324,-0.45488257330115445,-0.022751367414483324,True,2201.0,1815.0,0.39008264462809916,566.0,1815.0,0.39008264462809916,-0.05515557543458763,-0.25331593486429793,-0.23413512764660135,-0.25331593486429793,True,2292.0,1829.0,0.4390377255330782,496.0,1829.0,0.4390377255330782,-0.07393191311214704,0.03236363318009618,-0.35661781077125365,0.03236363318009618,True,6215.0,5212.0,0.4433998465080583,1466.0,5212.0,0.4433998465080583,-0.011191411624023173,-0.06751327314860646,-0.19586684281728936,-0.06751327314860646,True,6215.0,5212.0,0.4433998465080583,1466.0,5212.0,0.4433998465080583,-0.03586918858534117,-0.06959644364887822,-0.22013192965074618,-0.06959644364887822,6215.0,5212.0,0.4433998465080583,1466.0,5212.0,0.4433998465080583,-0.011293084040163296,-0.06753114619268977,-0.19575148893049024,-0.06753114619268977,1722.0,0.5102040816326531,-0.11261369810109136,-0.022751367414483324,404.0,0.5102040816326531,-0.45488257330115445,-0.022751367414483324,True,-0.09346813088932412,-0.011191411624023173,-0.09346813088932412,-0.19586684281728936,-0.03238794609732267,-0.11815307740721154,-0.2695084718247252,-0.11815307740721154,962714.8615891304
300,331.0,284.0,0.323943661971831,88.0,284.0,0.323943661971831,-0.09156581809839967,-0.787930159902629,-0.3621210529830773,-0.787930159902629,True,720.0,612.0,0.26633986928104575,200.0,612.0,0.26633986928104575,0.24676155958345516,-0.7967847163737158,0.12904474408484143,-0.7967847163737158,True,1141.0,1053.0,0.2934472934472934,270.0,1053.0,0.2934472934472934,0.44523961130918366,-0.61766996925846,0.26867642276160103,-0.61766996925846,True,2192.0,1949.0,0.28937916880451514,558.0,1949.0,0.28937916880451514,0.31166280535701346,-0.7502756202332919,0.18954663359596371,-0.7502756202332919,True,2192.0,1949.0,0.28937916880451514,558.0,1949.0,0.28937916880451514,0.286338236669927,-0.7530397153539973,0.16222537340553303,-0.7530397153539973,2192.0,1949.0,0.28937916880451514,558.0,1949.0,0.28937916880451514,0.3116205303206397,-0.7503015551627373,0.18960826081769014,-0.7503015551627373,331.0,0.323943661971831,-0.09156581809839967,-0.787930159902629,88.0,0.323943661971831,-0.3621210529830773,-0.787930159902629,True,-0.9188907039594618,0.31166280535701346,-0.9188907039594618,0.18954663359596371,0.25057701824599443,-0.8654119810341528,0.09634038893382403,-0.8654119810341528,177207.85747608697
310,64.0,0.0,,0.0,0.0,,-1.8018485253033634,,,,True,101.0,16.0,1.0,0.0,16.0,1.0,-1.76954775340724,2.4253943253166144,,2.4253943253166144,True,121.0,31.0,0.5161290322580645,0.0,31.0,0.5161290322580645,-1.704635636532402,0.376561662605626,,0.376561662605626,True,286.0,47.0,0.6808510638297872,0.0,47.0,0.6808510638297872,-1.6308868061783062,0.9850905257305994,,0.9850905257305994,True,286.0,47.0,0.6808510638297872,0.0,47.0,0.6808510638297872,-1.6523197576909776,0.9840571258353988,,0.9840571258353988,286.0,47.0,0.6808510638297872,0.0,47.0,0.6808510638297872,-1.6312864634352693,0.9850850815663373,,0.9850850815663373,64.0,,-1.8018485253033634,,0.0,,,,True,,-1.6308868061783062,,,-1.72396543785797,1.5782892103289876,,1.5782892103289876,1156746.0849152172
335,0.0,0.0,,0.0,0.0,,,,,,True,68.33333333333333,18.0,1.0,16.0,18.0,1.0,-0.21195072013665603,2.4253943253166144,-0.4526371157115317,2.4253943253166144,True,73.33333333333333,0.0,,0.0,0.0,,-0.21405275646238836,,,,True,141.66666666666666,18.0,1.0,16.0,18.0,1.0,-0.31285439092743417,2.399854309256934,-0.9089002972764718,2.399854309256934,True,179.0,18.0,1.0,16.0,18.0,1.0,-0.2210286810119234,2.4002318651597716,-0.9275113165188602,2.4002318651597716,141.66666666666666,18.0,1.0,16.0,18.0,1.0,-0.3130115620473257,2.3998655702661282,-0.9086855464771676,2.3998655702661282,0.0,,,,0.0,,,,True,,-0.31285439092743417,,-0.9089002972764718,-0.16588544314442852,,-0.375170693755011,,40290.39013478261
340,234.0,188.0,0.43617021276595747,44.0,188.0,0.43617021276595747,-0.10387526082604967,-0.3268908431324124,-0.5669107190175502,-0.3268908431324124,True,266.0,189.0,0.4074074074074074,47.0,189.0,0.4074074074074074,-0.10727742523775669,-0.17722690509101702,-0.49840435356349105,-0.17722690509101702,True,289.0,204.0,0.44607843137254904,87.0,204.0,0.44607843137254904,-0.10359851779357318,0.06379904631112351,-0.19904628626913498,0.06379904631112351,True,789.0,581.0,0.43029259896729777,178.0,581.0,0.43029259896729777,-0.036041815341067956,-0.12561673839873866,-0.24605681973732385,-0.12561673839873866,True,789.0,581.0,0.43029259896729777,178.0,581.0,0.43029259896729777,-0.060669808112925806,-0.12775785597267417,-0.2699239203050236,-0.12775785597267417,789.0,581.0,0.43029259896729777,178.0,581.0,0.43029259896729777,-0.03614805963141412,-0.1256352975138656,-0.24593446936429625,-0.1256352975138656,234.0,0.43617021276595747,-0.10387526082604967,-0.3268908431324124,44.0,0.43617021276595747,-0.5669107190175502,-0.3268908431324124,True,-0.16371206275791444,-0.036041815341067956,-0.16371206275791444,-0.24605681973732385,-0.056933366640023214,-0.1931639243099275,-0.343516948883817,-0.1931639243099275,128490.5642521739
350,890.0,858.0,0.5944055944055944,132.0,858.0,0.5944055944055944,-0.3084034173148094,0.32315793519848834,-0.9295409697498074,0.32315793519848834,True,431.0,390.0,0.4564102564102564,56.0,390.0,0.4564102564102564,-0.7762783994038032,0.03798985050038327,-1.3791579758519894,0.03798985050038327,True,389.0,332.0,0.4367469879518072,54.0,332.0,0.4367469879518072,-0.8652595239959853,0.022135925350246704,-1.4871921282633942,0.022135925350246704,True,1710.0,1580.0,0.5272151898734178,242.0,1580.0,0.5272151898734178,-0.5242231724460577,0.30403398538241594,-1.0150839364726132,0.30403398538241594,True,1710.0,1580.0,0.5272151898734178,242.0,1580.0,0.5272151898734178,-0.5478731644799898,0.30232136208216,-1.0328529623003504,0.30232136208216,1710.0,1580.0,0.5272151898734178,242.0,1580.0,0.5272151898734178,-0.5244192303176974,0.30402049947452686,-1.0148543836667148,0.30402049947452686,890.0,0.5944055944055944,-0.3084034173148094,0.32315793519848834,132.0,0.5944055944055944,-0.9295409697498074,0.32315793519848834,True,0.35571231302843803,-0.5242231724460577,0.35571231302843803,-1.0150839364726132,-0.6063710137428279,0.12104966161622963,-1.2000899661813293,0.12104966161622963,744428.5864326088
360,988.0,867.0,0.43944636678200694,229.0,867.0,0.43944636678200694,1.5058201158409732,-0.31343203326517993,1.37336533162644,-0.31343203326517993,True,1249.0,988.0,0.708502024291498,278.0,988.0,0.708502024291498,1.687649521733622,1.1451575662294595,1.533915798049875,1.1451575662294595,True,700.0,387.0,0.4496124031007752,80.0,387.0,0.4496124031007752,1.3348602449795033,0.07957755826760506,0.8321084306664178,0.07957755826760506,True,2937.0,2242.0,0.5597680642283676,587.0,2242.0,0.5597680642283676,1.545908827769936,0.44833848546855665,1.3800419849309458,0.44833848546855665,True,2937.0,2242.0,0.5597680642283676,587.0,2242.0,0.5597680642283676,1.51811162569951,0.4467697782576509,1.343280576958941,0.4467697782576509,2937.0,2242.0,0.5597680642283676,587.0,2242.0,0.5597680642283676,1.5460936241975929,0.44832670347176035,1.379937657018962,0.44832670347176035,988.0,0.43944636678200694,1.5058201158409732,-0.31343203326517993,229.0,0.43944636678200694,1.37336533162644,-0.31343203326517993,True,0.5301686114392938,1.545908827769936,0.5301686114392938,1.3800419849309458,1.570382635864931,0.32249499528052616,1.3495613496787777,0.32249499528052616,19765.12812826087
410,289.0,161.0,0.6770186335403726,42.0,161.0,0.6770186335403726,-0.8874835853825139,0.662541609110729,-1.5972910034657148,0.662541609110729,True,488.0,339.0,0.39823008849557523,114.0,339.0,0.39823008849557523,-0.7461302332015751,-0.21753298609290497,-1.0204882882700825,-0.21753298609290497,True,699.0,529.0,0.4952741020793951,220.0,529.0,0.4952741020793951,-0.5942844707387609,0.28344836389203104,-0.7156634608429103,0.28344836389203104,True,1476.0,1029.0,0.49173955296404276,376.0,1029.0,0.49173955296404276,-0.6304437691152649,0.14677309365208588,-0.8167469366146892,0.14677309365208588,True,1476.0,1029.0,0.49173955296404276,376.0,1029.0,0.49173955296404276,-0.6538809635476223,0.14490363274432594,-0.8360886948240465,0.14490363274432594,1476.0,1029.0,0.49173955296404276,376.0,1029.0,0.49173955296404276,-0.630659369011718,0.14675775084730355,-0.8165450320001879,0.14675775084730355,289.0,0.6770186335403726,-0.8874835853825139,0.662541609110729,42.0,0.6770186335403726,-1.5972910034657148,0.662541609110729,True,0.16559244123173947,-0.6304437691152649,0.16559244123173947,-0.8167469366146892,-0.6997668876518499,0.2527371494953608,-1.0436151076959401,0.2527371494953608,795845.743526087
420,117.0,69.0,0.6086956521739131,21.0,69.0,0.6086956521739131,-1.02903666136507,0.38186310276795615,-1.6414638084133193,0.38186310276795615,True,260.0,222.0,0.36486486486486486,78.0,222.0,0.36486486486486486,-0.7548762210355392,-0.3640704900442675,-0.8904617301843142,-0.3640704900442675,True,287.0,245.0,0.43673469387755104,92.0,245.0,0.43673469387755104,-0.7389302946669587,0.02208103464580341,-0.8649470287758145,0.02208103464580341,True,664.0,536.0,0.4291044776119403,191.0,536.0,0.4291044776119403,-0.7227063457114912,-0.1308835930659197,-0.8508793262165831,-0.1308835930659197,True,664.0,536.0,0.4291044776119403,191.0,536.0,0.4291044776119403,-0.7459587054165883,-0.13302996331822922,-0.8699504283485195,-0.13302996331822922,664.0,536.0,0.4291044776119403,191.0,536.0,0.4291044776119403,-0.7229389196941172,-0.13090221437073638,-0.850672663544628,-0.13090221437073638,117.0,0.6086956521739131,-1.02903666136507,0.38186310276795615,21.0,0.6086956521739131,-1.6414638084133193,0.38186310276795615,True,-0.17007940382458844,-0.7227063457114912,-0.17007940382458844,-0.8508793262165831,-0.7988708520745568,-0.00996514097998296,-1.0650773356615442,-0.00996514097998296,431138.2586434782
425,16.0,0.0,,0.0,0.0,,-0.35725044133642314,,,,True,35.0,0.0,,0.0,0.0,,-0.037334775960704704,,,,True,23.0,0.0,,0.0,0.0,,-0.2964519194837534,,,,True,74.0,0.0,,0.0,0.0,,-0.13799127187712293,,,,True,74.0,0.0,,0.0,0.0,,-0.16241502365888097,,,,74.0,0.0,,0.0,0.0,,-0.13811627240563587,,,,16.0,,-0.35725044133642314,,0.0,,,,True,,-0.13799127187712293,,,-0.183368606777131,,,,14798.08155
440,4170.554517133956,3377.0,0.40835060704767545,1052.0,3377.0,0.40835060704767545,-0.5146242076972541,-0.44117691824045013,-0.8707400923687248,-0.44117691824045013,True,5079.583592938733,4033.0654205607475,0.38233944635234907,1112.0,4033.0654205607475,0.38233944635234907,-0.514826573033299,-0.2873234679918304,-0.8113322948043861,-0.2873234679918304,True,7716.5,6433.0,0.46758899424840666,1582.0,6433.0,0.46758899424840666,-0.3337229426539029,0.15983962038151284,-0.6749034390041182,0.15983962038151284,True,16966.63811007269,13843.065420560748,0.42830108938109973,3746.0,13843.065420560748,0.42830108938109973,-0.36245477053422415,-0.1344449540616473,-0.6062860773758024,-0.1344449540616473,True,17004.0,13852.0,0.4280248339589951,3746.0,13852.0,0.4280248339589951,-0.38533893688780047,-0.13782071740038432,-0.6272967052797992,-0.13782071740038432,16966.5,13843.0,0.42830311348696093,3746.0,13843.0,0.42830311348696093,-0.36262510910566564,-0.13445464459961282,-0.6061135110195284,-0.13445464459961282,4170.554517133956,0.40835060704767545,-0.5146242076972541,-0.44117691824045013,1052.0,0.40835060704767545,-0.8707400923687248,-0.44117691824045013,True,-0.17438489572711788,-0.36245477053422415,-0.17438489572711788,-0.6062860773758024,-0.40921215631379565,-0.2421278655279543,-0.7132159753144417,-0.2421278655279543,5332331.311447826
500,958.0,934.0,0.30085653104925053,345.0,934.0,0.30085653104925053,1.1386993161493777,-0.8827746952769454,1.199929912615338,-0.8827746952769454,True,1109.0,1017.0,0.29301868239921336,353.0,1017.0,0.29301868239921336,1.2447743915182,-0.6796134147216936,1.263407036643082,-0.6796134147216936,True,2073.0,1985.0,0.44130982367758187,595.0,1985.0,0.44130982367758187,1.523278841506163,0.04250811946814736,1.5713907734148973,0.04250811946814736,True,4140.0,3936.0,0.3696646341463415,1293.0,3936.0,0.3696646341463415,1.3566054596868875,-0.39437605161121125,1.414577841135448,-0.39437605161121125,True,4140.0,3936.0,0.3696646341463415,1293.0,3936.0,0.3696646341463415,1.3291874995333894,-0.3967852051044071,1.3775425777586592,-0.3967852051044071,4140.0,3936.0,0.3696646341463415,1293.0,3936.0,0.3696646341463415,1.356755428866041,-0.3943977841684332,1.4144686989227384,-0.3943977841684332,958.0,0.30085653104925053,1.1386993161493777,-0.8827746952769454,345.0,0.30085653104925053,1.199929912615338,-0.8827746952769454,True,-0.48862746677167235,1.3566054596868875,-0.48862746677167235,1.414577841135448,1.3615274208981103,-0.6050287007911872,1.4494925096134776,-0.6050287007911872,40793.18553043479
510,342.0,211.0,0.6113744075829384,45.0,211.0,0.6113744075829384,1.2344787371524992,0.3928677318404214,0.7537655258477534,0.3928677318404214,True,434.0,251.0,0.649402390438247,43.0,251.0,0.649402390438247,1.3964919485423952,0.8855965057328163,0.7743773808447043,0.8855965057328163,True,630.0,419.0,0.5465393794749404,73.0,419.0,0.5465393794749404,1.5421124143034781,0.5123380819045644,1.0691058163716975,0.5123380819045644,True,1406.0,881.0,0.5913734392735528,161.0,881.0,0.5913734392735528,1.4296763407660147,0.5884427907351345,0.9603618043095801,0.5884427907351345,True,1406.0,881.0,0.5913734392735528,161.0,881.0,0.5913734392735528,1.4021119936713193,0.5870138107240255,0.9269282908326029,0.5870138107240255,1406.0,881.0,0.5913734392735528,161.0,881.0,0.5913734392735528,1.4298397532227998,0.5884326630545913,0.9603159798435884,0.5884326630545913,342.0,0.6113744075829384,1.2344787371524992,0.3928677318404214,45.0,0.6113744075829384,0.7537655258477534,0.3928677318404214,True,0.6995471025718736,1.4296763407660147,0.6995471025718736,0.9603618043095801,1.4510167273086327,0.658033845066996,0.9631044902693214,0.658033845066996,11957.886783333332
520,342.0,211.0,0.6113744075829384,45.0,211.0,0.6113744075829384,-0.10249095375155809,0.3928677318404214,-0.7620520778816618,0.3928677318404214,True,434.0,251.0,0.649402390438247,43.0,251.0,0.649402390438247,-0.04799477402111001,0.8855965057328163,-0.7576860279110442,0.8855965057328163,True,630.0,419.0,0.5465393794749404,73.0,419.0,0.5465393794749404,0.10651555148209077,0.5123380819045644,-0.5174313743978178,0.5123380819045644,True,1406.0,881.0,0.5913734392735528,161.0,881.0,0.5913734392735528,0.06379924625417857,0.5884427907351345,-0.49911952656609787,0.5884427907351345,True,1406.0,881.0,0.5913734392735528,161.0,881.0,0.5913734392735528,0.03897123635652448,0.5870138107240255,-0.5209799419772451,0.5870138107240255,1406.0,881.0,0.5913734392735528,161.0,881.0,0.5913734392735528,0.06371137030824277,0.5884326630545913,-0.49896189923436424,0.5884326630545913,342.0,0.6113744075829384,-0.10249095375155809,0.3928677318404214,45.0,0.6113744075829384,-0.7620520778816618,0.3928677318404214,True,0.6995471025718736,0.06379924625417857,0.6995471025718736,-0.49911952656609787,0.03405133740933496,0.658033845066996,-0.6050057160755533,0.658033845066996,187259.72948478255
530,342.0,211.0,0.6113744075829384,45.0,211.0,0.6113744075829384,-0.2450375689071479,0.3928677318404214,-0.9236673112522676,0.3928677318404214,True,434.0,251.0,0.649402390438247,43.0,251.0,0.649402390438247,-0.2020047671716548,0.8855965057328163,-0.9210333757287738,0.8855965057328163,True,630.0,419.0,0.5465393794749404,73.0,419.0,0.5465393794749404,-0.04654661209231009,0.5123380819045644,-0.6865866723086681,0.5123380819045644,True,1406.0,881.0,0.5913734392735528,161.0,881.0,0.5913734392735528,-0.08182945263544035,0.5884427907351345,-0.6547282325932515,0.5884427907351345,True,1406.0,881.0,0.5913734392735528,161.0,881.0,0.5913734392735528,-0.10636571649874804,0.5870138107240255,-0.675354733752362,0.5870138107240255,1406.0,881.0,0.5913734392735528,161.0,881.0,0.5913734392735528,-0.0819441207453866,0.5884326630545913,-0.6545489133972143,0.5884326630545913,342.0,0.6113744075829384,-0.2450375689071479,0.3928677318404214,45.0,0.6113744075829384,-0.9236673112522676,0.3928677318404214,True,0.6995471025718736,-0.08182945263544035,0.6995471025718736,-0.6547282325932515,-0.11702435375774362,0.658033845066996,-0.7721963439754618,0.658033845066996,251091.4470695652
540,43.0,0.0,,0.0,0.0,,-1.399919878036701,,,,True,183.0,17.0,0.0,16.0,17.0,0.0,-0.8144147428061257,-1.966529000996263,-1.6402134728288575,-1.966529000996263,True,246.0,41.0,0.3902439024390244,33.0,41.0,0.3902439024390244,-0.6952794073022028,-0.18549151120115506,-1.3190794664924934,-0.18549151120115506,True,472.0,58.0,0.27586206896551724,49.0,58.0,0.27586206896551724,-0.7740933881573872,-0.8101959306062667,-1.4464543559940581,-0.8101959306062667,True,472.0,58.0,0.27586206896551724,49.0,58.0,0.27586206896551724,-0.7972428013556165,-0.813019784755529,-1.4608027884492,-0.813019784755529,472.0,58.0,0.27586206896551724,49.0,58.0,0.27586206896551724,-0.7743354161149489,-0.8102225730596042,-1.4461646701220627,-0.8102225730596042,43.0,,-1.399919878036701,,0.0,,,,True,-0.9913311028455584,-0.7740933881573872,-0.9913311028455584,-1.4464543559940581,-0.9288291129483535,-1.2567074389026962,-1.4176729751470776,-1.2567074389026962,339891.9530804348
565,1111.0,962.0,0.4864864864864865,268.0,962.0,0.4864864864864865,0.2414256727794598,-0.12018592086236067,-0.038166687556044604,-0.12018592086236067,True,1437.0,1106.0,0.3806509945750452,279.0,1106.0,0.3806509945750452,0.3335884102525003,-0.2947390187379257,0.02167595709222529,-0.2947390187379257,True,1581.5,1292.0,0.3877708978328173,307.0,1292.0,0.3877708978328173,0.3412782067172855,-0.19653300664827855,0.03957487850552303,-0.19653300664827855,True,4129.5,3360.0,0.41369047619047616,854.0,3360.0,0.41369047619047616,0.36510764564264986,-0.19921272877289392,0.1364307330182292,-0.19921272877289392,True,4148.0,3360.0,0.41369047619047616,854.0,3360.0,0.41369047619047616,0.34189081914208985,-0.20142724424585673,0.10953066048757637,-0.20142724424585673,4129.5,3360.0,0.41369047619047616,854.0,3360.0,0.41369047619047616,0.36507520316632336,-0.19923215689088847,0.13649976460014285,-0.19923215689088847,1111.0,0.4864864864864865,0.2414256727794598,-0.12018592086236067,268.0,0.4864864864864865,-0.038166687556044604,-0.12018592086236067,True,-0.25268561556390357,0.36510764564264986,-0.25268561556390357,0.1364307330182292,0.3567076071909614,-0.2584554713104187,0.0921054638825139,-0.2584554713104187,299770.8871152174
600,86.0,60.0,0.3333333333333333,17.0,60.0,0.3333333333333333,-0.5948399744464078,-0.7493563318862515,-1.0960044413292995,-0.7493563318862515,True,67.0,16.0,0.0,20.0,16.0,0.0,-0.8361069104501566,-1.966529000996263,-0.9793948056849199,-1.966529000996263,True,101.0,36.0,0.5,0.0,36.0,0.5,-0.657046002840372,0.30454859971163223,,0.30454859971163223,True,254.0,112.0,0.3392857142857143,37.0,112.0,0.3392857142857143,-0.6033852241663293,-0.5290435711624658,-1.0843422257116153,-0.5290435711624658,True,254.0,112.0,0.3392857142857143,37.0,112.0,0.3392857142857143,-0.6268766264797172,-0.5315870297034235,-1.1015620612508041,-0.5315870297034235,254.0,112.0,0.3392857142857143,37.0,112.0,0.3392857142857143,-0.6035958459439111,-0.5290668938397483,-1.084103018295442,-0.5290668938397483,86.0,0.3333333333333333,-0.5948399744464078,-0.7493563318862515,17.0,0.3333333333333333,-1.0960044413292995,-0.7493563318862515,True,-0.651433179435236,-0.6033852241663293,-0.651433179435236,-1.0843422257116153,-0.6527574953300019,-0.9451294768390692,-0.9690591493844586,-0.9451294768390692,129690.1562173913
630,480.0,336.0,0.6428571428571429,99.0,336.0,0.6428571428571429,-0.6719631836043102,0.5222023559393428,-1.160045446916126,0.5222023559393428,True,1255.0,939.0,0.4898828541001065,256.0,939.0,0.4898828541001065,-0.28371475667509677,0.1849989330867225,-0.605549694666592,0.1849989330867225,True,1334.0,1006.0,0.4701789264413519,330.0,1006.0,0.4701789264413519,-0.290369624505181,0.17140317527542098,-0.5186741198780278,0.17140317527542098,True,3069.0,2281.0,0.5037264357737834,685.0,2281.0,0.5037264357737834,-0.2987252782094975,0.19991006437208494,-0.532421427128768,0.19991006437208494,True,3069.0,2281.0,0.5037264357737834,685.0,2281.0,0.5037264357737834,-0.3228270226582942,0.19809359741130086,-0.5540177719054803,0.19809359741130086,3069.0,2281.0,0.5037264357737834,685.0,2281.0,0.5037264357737834,-0.2988798499138333,0.19989534899523312,-0.5322591575098096,0.19989534899523312,480.0,0.6428571428571429,-0.6719631836043102,0.5222023559393428,99.0,0.6428571428571429,-1.160045446916126,0.5222023559393428,True,0.22983215111634744,-0.2987252782094975,0.22983215111634744,-0.532421427128768,-0.3698567813364325,0.31002010125281365,-0.6886148493046823,0.31002010125281365,848342.7615717392
640,1304.0,1224.0,0.4133986928104575,278.0,1224.0,0.4133986928104575,1.0634899804730351,-0.4204388130897366,0.8257963940344021,-0.4204388130897366,True,660.0,572.0,0.3793706293706294,135.0,572.0,0.3793706293706294,0.7291278188715283,-0.3003622845453989,0.47023027173820087,-0.3003622845453989,True,801.0,711.0,0.47257383966244726,148.0,711.0,0.47257383966244726,0.785420446110441,0.18209600753323765,0.5019450391170874,0.18209600753323765,True,2765.0,2507.0,0.4224172317510969,561.0,2507.0,0.4224172317510969,0.9262745306280766,-0.16052766259968695,0.7259248464565289,-0.16052766259968695,True,2765.0,2507.0,0.4224172317510969,561.0,2507.0,0.4224172317510969,0.899718676247457,-0.16270359713139995,0.6943503234620544,-0.16270359713139995,2765.0,2507.0,0.4224172317510969,561.0,2507.0,0.4224172317510969,0.9263453293077476,-0.16054663393419005,0.7259117025185574,-0.16054663393419005,1304.0,0.4133986928104575,1.0634899804730351,-0.4204388130897366,278.0,0.4133986928104575,0.8257963940344021,-0.4204388130897366,True,-0.20591747289109671,0.9262745306280766,-0.20591747289109671,0.7259248464565289,0.9150682329102302,-0.23069943823371028,0.6926596588089095,-0.23069943823371028,64820.28242826087
650,221.0,135.0,0.5925925925925926,19.0,135.0,0.5925925925925926,-0.17345177307761556,0.31570991945484433,-1.076991064023325,0.31570991945484433,True,355.0,293.0,0.515358361774744,76.0,293.0,0.515358361774744,-0.0008950813545342401,0.29688540949262576,-0.2786692428115882,0.29688540949262576,True,403.0,311.0,0.48231511254019294,73.0,311.0,0.48231511254019294,0.025031193310051682,0.2255889391108223,-0.3498273090695766,0.2255889391108223,True,979.0,739.0,0.5155615696887687,168.0,739.0,0.5155615696887687,0.028379309309013622,0.2523743433918818,-0.32235964217033647,0.2523743433918818,True,979.0,739.0,0.5155615696887687,168.0,739.0,0.5155615696887687,0.0036222581318544798,0.2506101994969938,-0.34562169214366717,0.2506101994969938,979.0,739.0,0.5155615696887687,168.0,739.0,0.5155615696887687,0.028284916949986787,0.25236024749998676,-0.3222266551786231,0.25236024749998676,221.0,0.5925925925925926,-0.17345177307761556,0.31570991945484433,19.0,0.5925925925925926,-1.076991064023325,0.31570991945484433,True,0.29325861329267927,0.028379309309013622,0.29325861329267927,-0.32235964217033647,-0.001345632040334003,0.29459934166598156,-0.49277723477855734,0.29459934166598156,140031.2825347826
700,796.0,446.0,0.5336322869955157,53.0,446.0,0.5336322869955157,0.4245658738756675,0.07349434019405708,-0.5397986117913619,0.07349434019405708,True,871.0,550.0,0.4218181818181818,135.0,550.0,0.4218181818181818,0.4436384490827955,-0.1139358888061041,0.012949680697704066,-0.1139358888061041,True,1174.0,742.0,0.4797843665768194,152.0,742.0,0.4797843665768194,0.5564322135205568,0.2142896394806156,0.043784790475563225,0.2142896394806156,True,2841.0,1738.0,0.475258918296893,340.0,1738.0,0.475258918296893,0.532058547491369,0.073715651141368,0.024643192550513074,0.073715651141368,True,2841.0,1738.0,0.475258918296893,340.0,1738.0,0.475258918296893,0.5062924478131745,0.07177332943288597,-0.0013704498895303696,0.07177332943288597,2841.0,1738.0,0.475258918296893,340.0,1738.0,0.475258918296893,0.5320568199495173,0.07369944569275522,0.02472780732324274,0.07369944569275522,796.0,0.5336322869955157,0.4245658738756675,0.07349434019405708,53.0,0.5336322869955157,-0.5397986117913619,0.07349434019405708,True,0.07726996352539227,0.532058547491369,0.07726996352539227,0.024643192550513074,0.5275155521179451,0.04114761640369152,-0.07915579536552314,0.04114761640369152,147341.2207326087
705,13.5,0.0,,0.0,0.0,,-2.361751858098575,,,,True,22.5,0.0,,0.0,0.0,,-2.345815743427426,,,,True,22.5,0.0,,0.0,0.0,,-2.3716352960417866,,,,True,58.5,0.0,,0.0,0.0,,-2.21817374139055,,,,True,117.0,0.0,,0.0,0.0,,-1.8949837922858497,,,,58.5,0.0,,0.0,0.0,,-2.2186814452620154,,,,13.5,,-2.361751858098575,,0.0,,,,True,,-2.21817374139055,,,-2.3298460626987807,,,,772240.14285
710,854.0,796.0,0.3907035175879397,223.0,796.0,0.3907035175879397,-0.4708026087001303,-0.5136731502811597,-0.8019942982394221,-0.5136731502811597,True,1073.0,973.0,0.32990750256937307,250.0,973.0,0.32990750256937307,-0.451150452490948,-0.5176005449362081,-0.7090922913071017,-0.5176005449362081,True,1268.0,1186.0,0.3676222596964587,341.0,1186.0,0.3676222596964587,-0.4014947553254656,-0.28649284565947747,-0.5933115686363578,-0.28649284565947747,True,3195.0,2955.0,0.3614213197969543,814.0,2955.0,0.3614213197969543,-0.3592853799186701,-0.4309180584174505,-0.5269423410893205,-0.4309180584174505,True,3195.0,2955.0,0.3614213197969543,814.0,2955.0,0.3614213197969543,-0.3832658009631654,-0.43336365556079887,-0.5485821328075621,-0.43336365556079887,3195.0,2955.0,0.3614213197969543,814.0,2955.0,0.3614213197969543,-0.35945109321933855,-0.43094022245346014,-0.5267808352553321,-0.43094022245346014,854.0,0.3907035175879397,-0.4708026087001303,-0.5136731502811597,223.0,0.3907035175879397,-0.8019942982394221,-0.5136731502811597,True,-0.5328047671338603,-0.3592853799186701,-0.5328047671338603,-0.5269423410893205,-0.39586391728852766,-0.5279201460077854,-0.6277533343299553,-0.5279201460077854,997745.5337586956
725,213.0,156.0,0.4551282051282051,34.0,156.0,0.4551282051282051,-0.17178568511088288,-0.2490092742507366,-0.7341570100129545,-0.2490092742507366,True,331.0,224.0,0.45982142857142855,65.0,224.0,0.45982142857142855,-0.016489552624492324,0.05297145708510433,-0.3432947765401,0.05297145708510433,True,495.0,410.0,0.5,145.0,410.0,0.5,0.15335854471804586,0.30454859971163223,0.06918073980900072,0.30454859971163223,True,1039.0,790.0,0.479746835443038,244.0,790.0,0.479746835443038,0.07791898855427867,0.09361025808577743,-0.10299325477974093,0.09361025808577743,True,1039.0,790.0,0.479746835443038,244.0,790.0,0.479746835443038,0.053062691795219816,0.09168777743581329,-0.12799479169265104,0.09168777743581329,1039.0,790.0,0.479746835443038,244.0,790.0,0.479746835443038,0.07783371029996804,0.09359428754765906,-0.1028908474774905,0.09359428754765906,213.0,0.4551282051282051,-0.17178568511088288,-0.2490092742507366,34.0,0.4551282051282051,-0.7341570100129545,-0.2490092742507366,True,0.10132146215356232,0.07791898855427867,0.10132146215356232,-0.10299325477974093,0.03709338397971024,0.01622069824547723,-0.2568657632230942,0.01622069824547723,134500.3727804348
726,287.5,184.5,0.4444444444444444,90.5,184.5,0.4444444444444444,0.1604874711413259,-0.29289936702578184,0.01671574416519696,-0.29289936702578184,True,606.5,504.5,0.3201189296333003,290.0,504.5,0.3201189296333003,0.5029910839177987,-0.560591206745461,0.7032616119229512,-0.560591206745461,True,562.5,422.0,0.31161137440758296,215.0,422.0,0.31161137440758296,0.4203384611499777,-0.5365708007729545,0.5176718782009389,-0.5365708007729545,True,1456.5,1111.0,0.33753375337533753,595.5,1111.0,0.33753375337533753,0.43616675441560077,-0.5368098851470845,0.5739480919202694,-0.5368098851470845,True,1756.0,1314.0,0.3455098934550989,677.0,1314.0,0.3455098934550989,0.503250171420453,-0.5039681837235943,0.6110871879926775,-0.5039681837235943,1456.5,1111.0,0.33753375337533753,595.5,1111.0,0.33753375337533753,0.4361473850993808,-0.5368332995270411,0.5739561335523142,-0.5368332995270411,287.5,0.4444444444444444,0.1604874711413259,-0.29289936702578184,90.5,0.4444444444444444,0.01671574416519696,-0.29289936702578184,True,-0.6608222309841777,0.43616675441560077,-0.6608222309841777,0.5739480919202694,0.41299732510385856,-0.5555014383559631,0.5030679244297976,-0.5555014383559631,91631.35110434782
735,7159.0,6672.0,0.5930755395683454,1179.0,6672.0,0.5930755395683454,0.9939240801269817,0.3176939200515103,0.6046971708342481,0.3176939200515103,True,6950.0,6465.0,0.577107501933488,2020.0,6465.0,0.577107501933488,0.9959492559061319,0.5680828985355767,0.9488757546572044,0.5680828985355767,True,7746.0,7279.0,0.5374364610523423,1757.0,7279.0,0.5374364610523423,1.0061474522918445,0.4716952816176667,0.8641472277917058,0.4716952816176667,True,21855.0,20416.0,0.5681818181818182,4956.0,20416.0,0.5681818181818182,1.0361503365313418,0.4856360385159997,0.9023463697131942,0.4856360385159997,True,21855.0,20416.0,0.5681818181818182,4956.0,20416.0,0.5681818181818182,1.0093743618661402,0.4841045284678555,0.8693728952238434,0.4841045284678555,21855.0,20416.0,0.5681818181818182,4956.0,20416.0,0.5681818181818182,1.0362413497060607,0.4856246969192903,0.9023086326027683,0.4856246969192903,7159.0,0.5930755395683454,0.9939240801269817,0.3176939200515103,1179.0,0.5930755395683454,0.6046971708342481,0.3176939200515103,True,0.5752593261471186,1.0361503365313418,0.5752593261471186,0.9023463697131942,1.0555138848916596,0.4927134915260578,0.9023588755541082,0.4927134915260578,410632.78497391305
750,3429.0,2977.0,0.49546523345649984,888.0,2977.0,0.49546523345649984,0.6585332530654232,-0.08330021655071887,0.47384486912882984,-0.08330021655071887,True,3355.0,2764.0,0.44138929088277856,495.0,2764.0,0.44138929088277856,0.6376884273715351,-0.027981078383488255,0.19131986082094093,-0.027981078383488255,True,4222.0,3528.0,0.46003401360544216,693.0,3528.0,0.46003401360544216,0.7134527051912832,0.1261080680168209,0.35413866777285136,0.1261080680168209,True,11006.0,9269.0,0.46585392167439854,2076.0,9269.0,0.46585392167439854,0.7183878236055645,0.032023992176864385,0.46510559218097286,0.032023992176864385,True,11006.0,9269.0,0.46585392167439854,2076.0,9269.0,0.46585392167439854,0.6922484401735258,0.030040091026901933,0.43559926063460447,0.030040091026901933,11006.0,9269.0,0.46585392167439854,2076.0,9269.0,0.46585392167439854,0.7184203761511108,0.03200729444367183,0.4651288064649539,0.03200729444367183,3429.0,0.49546523345649984,0.6585332530654232,-0.08330021655071887,888.0,0.49546523345649984,0.47384486912882984,-0.08330021655071887,True,0.026867013560468615,0.7183878236055645,0.026867013560468615,0.46510559218097286,0.7240931928811377,-0.01952080529332963,0.42918802843933046,-0.01952080529332963,392186.38193695655
800,667.0,554.0,0.5018050541516246,129.0,554.0,0.5018050541516246,-0.8614385197822129,-0.05725551874041282,-1.4103017115969196,-0.05725551874041282,True,1031.0,884.0,0.4841628959276018,203.0,884.0,0.4841628959276018,-0.7644026830486268,0.15987731536336514,-1.135075356025369,0.15987731536336514,True,1275.0,1117.0,0.4762757385854969,264.0,1117.0,0.4762757385854969,-0.6891102053208152,0.19862428249155,-1.0619365275606207,0.19862428249155,True,2973.0,2555.0,0.48454011741682973,596.0,2555.0,0.48454011741682973,-0.6714205755384602,0.11485852487346138,-0.987633100046651,0.11485852487346138,True,2973.0,2555.0,0.48454011741682973,596.0,2555.0,0.48454011741682973,-0.6947756788660745,0.11295723529834056,-1.0056197999310725,0.11295723529834056,2973.0,2555.0,0.48454011741682973,596.0,2555.0,0.48454011741682973,-0.6716437141778032,0.11484280522951097,-0.987407373889235,0.11484280522951097,667.0,0.5018050541516246,-0.8614385197822129,-0.05725551874041282,129.0,0.5018050541516246,-1.4103017115969196,-0.05725551874041282,True,0.1270094619679332,-0.6714205755384602,0.1270094619679332,-0.987633100046651,-0.7290174681832293,0.08975138212433444,-1.1362825461257124,0.08975138212433444,1740931.0854695654
820,155.0,125.0,0.208,28.0,125.0,0.208,0.10567833896475842,-1.2642397882488614,-0.35141340524479886,-1.2642397882488614,True,202.0,136.0,0.11029411764705882,42.0,136.0,0.11029411764705882,0.19088629396543225,-1.4821256929470488,-0.09152928141831086,-1.4821256929470488,True,283.0,238.0,0.15546218487394958,66.0,238.0,0.15546218487394958,0.3254037043412955,-1.2337472479903202,0.1278478069109885,-1.2337472479903202,True,640.0,499.0,0.156312625250501,136.0,499.0,0.156312625250501,0.27862905302098195,-1.3401498303069383,0.0584380772485606,-1.3401498303069383,True,640.0,499.0,0.156312625250501,136.0,499.0,0.156312625250501,0.2533706626786662,-1.3435022119292546,0.03215645500880348,-1.3435022119292546,640.0,499.0,0.156312625250501,136.0,499.0,0.156312625250501,0.27858070057186457,-1.3401827303220832,0.05851798101204316,-1.3401827303220832,155.0,0.208,0.10567833896475842,-1.2642397882488614,28.0,0.208,-0.35141340524479886,-1.2642397882488614,True,-1.6320165673666787,0.27862905302098195,-1.6320165673666787,0.0584380772485606,0.25781228224350033,-1.5436351677712172,-0.022321409523701628,-1.5436351677712172,55299.14377608696
830,25.0,0.0,,0.0,0.0,,-0.560374272848406,,,,True,48.0,33.0,0.5151515151515151,0.0,33.0,0.5151515151515151,-0.32527885294339165,0.29597695498309773,,0.29597695498309773,True,73.0,64.0,0.390625,16.0,64.0,0.390625,-0.1447537572613717,-0.1837899830382635,-0.4275426932758755,-0.1837899830382635,True,146.0,97.0,0.4329896907216495,16.0,97.0,0.4329896907216495,-0.22970010851797334,-0.11366072882937175,-0.8360314557071895,-0.11366072882937175,True,146.0,97.0,0.4329896907216495,16.0,97.0,0.4329896907216495,-0.2539401349103782,-0.11578992257459482,-0.8552202954612789,-0.11578992257459482,146.0,97.0,0.4329896907216495,16.0,97.0,0.4329896907216495,-0.22984198125787883,-0.11367914677095717,-0.8358268628294028,-0.11367914677095717,25.0,,-0.560374272848406,,0.0,,,,True,-0.1492578969350092,-0.22970010851797334,-0.1492578969350092,-0.8360314557071895,-0.29739969752728473,0.039023501797878744,-0.34969770995131794,0.039023501797878744,35119.483195652174
845,1396.0,1222.0,0.5032733224222586,345.0,1222.0,0.5032733224222586,0.26897282242813597,-0.051223707234681816,0.006403134663255423,-0.051223707234681816,True,1613.5,1457.0,0.48455730954015097,387.0,1457.0,0.48455730954015097,0.30428072339918505,0.1616095497085351,0.1082983512200413,0.1616095497085351,True,2625.5,2430.5,0.4883768771857642,714.0,2430.5,0.4883768771857642,0.5162104490520389,0.25265356590836935,0.42732385936911704,0.25265356590836935,True,5635.0,5109.5,0.4908503767491927,1446.0,5109.5,0.4908503767491927,0.4342054485469884,0.14283144082679808,0.3247390210102356,0.14283144082679808,True,6724.0,6060.0,0.486963696369637,1701.0,6060.0,0.486963696369637,0.49618127259034894,0.12371149734574198,0.38182493600440987,0.12371149734574198,5635.0,5109.5,0.4908503767491927,1446.0,5109.5,0.4908503767491927,0.4341857183978494,0.14281605147997467,0.3247818024038748,0.14281605147997467,1396.0,0.5032733224222586,0.26897282242813597,-0.051223707234681816,345.0,0.5032733224222586,0.006403134663255423,-0.051223707234681816,True,0.1608271971741396,0.4342054485469884,0.1608271971741396,0.3247390210102356,0.4148947574598226,0.11332623240398701,0.26769535502946606,0.11332623240398701,355912.4320152174
850,2736.0,2591.0,0.4345812427634118,786.0,2591.0,0.4345812427634118,0.39628880016971296,-0.33341851095395925,0.23368807350348295,-0.33341851095395925,True,3093.0,2989.0,0.3476078956172633,874.0,2989.0,0.3476078956172633,0.430205123343953,-0.43986177582427277,0.33314270545004737,-0.43986177582427277,True,5196.0,5051.0,0.356761037418333,1461.0,5051.0,0.356761037418333,0.6579966977919145,-0.33498613840673686,0.6032651406914146,-0.33498613840673686,True,11025.0,10631.0,0.3731539836327721,3121.0,10631.0,0.3731539836327721,0.5634213799635954,-0.3789080217292775,0.5148975394769412,-0.3789080217292775,True,11025.0,10631.0,0.3731539836327721,3121.0,10631.0,0.3731539836327721,0.5375924493868938,-0.3813017488264204,0.48499637787913313,-0.3813017488264204,11025.0,10631.0,0.3731539836327721,3121.0,10631.0,0.3731539836327721,0.563425422425581,-0.37892957164390906,0.5149138127600507,-0.37892957164390906,2736.0,0.4345812427634118,0.39628880016971296,-0.33341851095395925,786.0,0.4345812427634118,0.23368807350348295,-0.33341851095395925,True,-0.4699274592507715,0.5634213799635954,-0.4699274592507715,0.5148975394769412,0.5476270283281692,-0.4479934950321131,0.48021046152506625,-0.4479934950321131,536781.1343521739
860,69.0,26.0,1.0,16.0,26.0,1.0,-0.6231860284483454,1.9893854572765666,-1.0401962792786772,1.9893854572765666,True,123.0,55.0,1.0,61.0,55.0,1.0,-0.4321259023066017,2.4253943253166144,-0.2682159675935316,2.4253943253166144,True,35.0,0.0,,0.0,0.0,,-1.125572103562795,,,,True,227.0,81.0,1.0,77.0,81.0,1.0,-0.5787952266095278,2.399854309256934,-0.6096442987277213,2.399854309256934,True,227.0,81.0,1.0,77.0,81.0,1.0,-0.6023358914262992,2.4002318651597716,-0.6306282972914105,2.4002318651597716,227.0,81.0,1.0,77.0,81.0,1.0,-0.5790013244213489,2.3998655702661282,-0.6094712642351602,2.3998655702661282,69.0,1.0,-0.6231860284483454,1.9893854572765666,16.0,1.0,-1.0401962792786772,1.9893854572765666,True,2.889445187742198,-0.5787952266095278,2.889445187742198,-0.6096442987277213,-0.6839697023166053,2.5012548428027803,-0.5797804663951225,2.5012548428027803,110303.48962173912
900,521.0,482.0,0.2946058091286307,69.0,482.0,0.2946058091286307,1.1716656231309184,-0.9084533652816018,0.6861338292079189,-0.9084533652816018,True,474.0,449.0,0.267260579064588,93.0,449.0,0.267260579064588,1.1539009216974188,-0.7927410295986121,0.8975661727538828,-0.7927410295986121,True,579.0,547.0,0.27787934186471663,110.0,547.0,0.27787934186471663,1.210957672406459,-0.6871779135981586,0.988271066917023,-0.6871779135981586,True,1574.0,1478.0,0.28010825439783493,272.0,1478.0,0.28010825439783493,1.212554612687639,-0.791372902587222,0.9466783103226128,-0.791372902587222,True,1574.0,1478.0,0.28010825439783493,272.0,1478.0,0.28010825439783493,1.1854252375704473,-0.7941779843726245,0.9133533014317816,-0.7941779843726245,1574.0,1478.0,0.28010825439783493,272.0,1478.0,0.28010825439783493,1.2126780799894288,-0.7913993227829985,0.9466343933366224,-0.7913993227829985,521.0,0.2946058091286307,1.1716656231309184,-0.9084533652816018,69.0,0.2946058091286307,0.6861338292079189,-0.9084533652816018,True,-0.9685750849034559,1.212554612687639,-0.9685750849034559,0.9466783103226128,1.2371275856702075,-0.9363682904731636,0.9545514970386639,-0.9363682904731636,20730.000960869565
910,4134.0,3792.0,0.33175105485232065,1273.0,3792.0,0.33175105485232065,0.7251589500165104,-0.7558565101833151,0.6448044140734764,-0.7558565101833151,True,3688.0,3353.0,0.24515359379660007,1222.0,3353.0,0.24515359379660007,0.66118608020224,-0.8898332138715435,0.6667962011710047,-0.8898332138715435,True,5215.0,4860.0,0.28559670781893004,1656.0,4860.0,0.28559670781893004,0.7976493416062628,-0.652721341688281,0.8277461939596091,-0.652721341688281,True,13037.0,12005.0,0.2888796334860475,4151.0,12005.0,0.2888796334860475,0.7777031153644289,-0.7524900235950608,0.8062357135795238,-0.7524900235950608,True,13037.0,12005.0,0.2888796334860475,4151.0,12005.0,0.2888796334860475,0.7514449023247738,-0.7552563271588285,0.7740243578134999,-0.7552563271588285,13037.0,12005.0,0.2888796334860475,4151.0,12005.0,0.2888796334860475,0.7777465804913362,-0.752515984671622,0.8062113743011616,-0.752515984671622,4134.0,0.33175105485232065,0.7251589500165104,-0.7558565101833151,1273.0,0.33175105485232065,0.6448044140734764,-0.7558565101833151,True,-0.9215677972826233,0.7777031153644289,-0.9215677972826233,0.8062357135795238,0.7826661752518788,-0.9020470643216139,0.8081679625031066,-0.9020470643216139,412244.7126
930,116.0,95.0,0.17894736842105263,32.0,95.0,0.17894736842105263,-0.0905745993272325,-1.383591272534483,-0.340650868268546,-1.383591272534483,True,157.0,106.0,0.1509433962264151,21.0,106.0,0.1509433962264151,-0.0012950104195534238,-1.3035971781565834,-0.5410205011306719,-1.3035971781565834,True,229.0,143.0,0.23076923076923078,48.0,143.0,0.23076923076923078,0.15543314745259343,-0.8975156039804187,-0.12154318846541633,-0.8975156039804187,True,502.0,344.0,0.19186046511627908,101.0,344.0,0.19186046511627908,0.10145106664622883,-1.1825688681762225,-0.1598828775493097,-1.1825688681762225,True,502.0,344.0,0.19186046511627908,101.0,344.0,0.19186046511627908,0.07654762677241579,-1.1857640929821378,-0.18443330270812477,-1.1857640929821378,502.0,344.0,0.19186046511627908,101.0,344.0,0.19186046511627908,0.10137011772604364,-1.1825999075151639,-0.1597725398297394,-1.1825999075151639,116.0,0.17894736842105263,-0.0905745993272325,-1.383591272534483,32.0,0.17894736842105263,-0.340650868268546,-1.383591272534483,True,-1.4415097478500627,0.10145106664622883,-1.4415097478500627,-0.1598828775493097,0.07018357027367657,-1.3927823101662382,-0.2551548404120025,-1.3927823101662382,61976.51651521739
940,1030.0,969.0,0.2043343653250774,270.0,969.0,0.2043343653250774,0.739271631112364,-1.2792986285508832,0.572083733645746,-1.2792986285508832,True,962.0,917.0,0.16575790621592149,277.0,917.0,0.16575790621592149,0.7005135876846132,-1.2385329861657752,0.6303198625706617,-1.2385329861657752,True,1548.0,1482.0,0.16396761133603238,599.0,1482.0,0.16396761133603238,0.9041806591037,-1.1957721357235593,1.0594765968740767,-1.1957721357235593,True,3540.0,3368.0,0.1760688836104513,1146.0,3368.0,0.1760688836104513,0.8348293535087984,-1.2525717886532441,0.8760795955521647,-1.2525717886532441,True,3540.0,3368.0,0.1760688836104513,1146.0,3368.0,0.1760688836104513,0.8084566963138166,-1.2558368279594148,0.8433144059834963,-1.2558368279594148,3540.0,3368.0,0.1760688836104513,1146.0,3368.0,0.1760688836104513,0.834883328484062,-1.252603654568991,0.8760455200318603,-1.252603654568991,1030.0,0.2043343653250774,0.739271631112364,-1.2792986285508832,270.0,0.2043343653250774,0.572083733645746,-1.2792986285508832,True,-1.526139474414935,0.8348293535087984,-1.526139474414935,0.8760795955521647,0.8364179475507473,-1.4419589942007727,0.8496285820378928,-1.4419589942007727,99772.29802608697
960,2105.0,1731.0,0.4702484113229347,444.0,1731.0,0.4702484113229347,1.261403333319143,-0.18689376340133995,1.0443027652549204,-0.18689376340133995,True,2009.5,1519.0,0.4167215273206057,369.0,1519.0,0.4167215273206057,1.2761173568929116,-0.13632000458016613,0.9903057904102827,-0.13632000458016613,True,2818.5,2265.5,0.4166850584859854,638.0,2265.5,0.4166850584859854,1.4045506093447897,-0.06743677593037312,1.3032549809633185,-0.06743677593037312,True,6933.0,5515.5,0.4335055751971716,1451.0,5515.5,0.4335055751971716,1.347104776886613,-0.11137385085568842,1.192059282304062,-0.11137385085568842,True,8022.0,6466.0,0.43829260748530774,1706.0,6466.0,0.43829260748530774,1.3919951965415769,-0.09225903804290617,1.2419957504751997,-0.09225903804290617,6933.0,5515.5,0.4335055751971716,1451.0,5515.5,0.4335055751971716,1.3472529981695502,-0.11139224179439627,1.1919811591937308,-0.11139224179439627,2105.0,0.4702484113229347,1.261403333319143,-0.18689376340133995,444.0,0.4702484113229347,1.0443027652549204,-0.18689376340133995,True,-0.14649318574465853,1.347104776886613,-0.14649318574465853,1.192059282304062,1.3733948182555824,-0.17421496327477817,1.213700271052523,-0.17421496327477817,69633.64437826087
1005,4104.449275362319,3940.5942028985505,0.3592778253849747,906.8115942028985,3940.5942028985505,0.3592778253849747,1.9004409542980165,-0.6427734350156021,1.7943655279417805,-0.6427734350156021,True,4568.463768115942,4412.826086956522,0.33702481238813076,1079.304347826087,4412.826086956522,0.33702481238813076,2.047159966184241,-0.4863418659226106,1.9484229081460358,-0.4863418659226106,True,5959.536231884058,5800.36231884058,0.36519457804984695,1258.0144927536232,5800.36231884058,0.36519457804984695,2.133013936029193,-0.2973319827079282,2.068035920758638,-0.2973319827079282,True,14632.449275362318,14153.782608695652,0.3547645889714533,3244.1304347826085,14153.782608695652,0.3547645889714533,2.039277325741631,-0.46042685704173736,1.9622480466963845,-0.46042685704173736,True,14833.0,14342.0,0.3544833356575094,3294.0,14342.0,0.3544833356575094,2.0172367214356326,-0.46414990225182595,1.928898845499072,-0.46414990225182595,14646.0,14166.5,0.3547453499452935,3247.5,14166.5,0.3547453499452935,2.040012541620216,-0.4605346557065304,1.9626132158352656,-0.4605346557065304,4104.449275362319,0.3592778253849747,1.9004409542980165,-0.6427734350156021,906.8115942028985,0.3592778253849747,1.7943655279417805,-0.6427734350156021,True,-0.5684793010220717,2.039277325741631,-0.5684793010220717,1.9622480466963845,2.091963450536049,-0.569383072013392,2.0504558101515546,-0.569383072013392,36453.78323043478
1006,24958.0,23881.0,0.3804279552782547,4504.0,23881.0,0.3804279552782547,1.452257877723348,-0.5558863181381808,1.1747442206349217,-0.5558863181381808,True,20465.0,19402.0,0.32826512730646323,3495.0,19402.0,0.32826512730646323,1.402485884680074,-0.524813731163941,1.0839400346460677,-0.524813731163941,True,22701.0,21074.0,0.31541235645819493,4111.0,21074.0,0.31541235645819493,1.407707592195709,-0.5196001384858354,1.1780721595948533,-0.5196001384858354,True,68124.0,64357.0,0.3434125269978402,12110.0,64357.0,0.3434125269978402,1.448825546321813,-0.5107497136407289,1.2141412836426593,-0.5107497136407289,True,68124.0,64357.0,0.3434125269978402,12110.0,64357.0,0.3434125269978402,1.4212228365635464,-0.513274927564006,1.178695401292382,-0.513274927564006,68124.0,64357.0,0.3434125269978402,12110.0,64357.0,0.3434125269978402,1.4489924817700126,-0.5107728203087618,1.2140600822998253,-0.5107728203087618,24958.0,0.3804279552782547,1.452257877723348,-0.5558863181381808,4504.0,0.3804279552782547,1.1747442206349217,-0.5558863181381808,True,-0.6293168998667353,1.448825546321813,-0.6293168998667353,1.2141412836426593,1.481045212942663,-0.6357099107578957,1.2471618459284242,-0.6357099107578957,557466.3326565217
1007,835.0,726.0,0.4903581267217631,150.0,726.0,0.4903581267217631,0.4540906951647234,-0.10428078650492645,0.040534261996979175,-0.10428078650492645,True,1786.0,1649.0,0.391146149181322,331.0,1649.0,0.391146149181322,0.8274617981218523,-0.24864510440935852,0.5195886761946927,-0.24864510440935852,True,1754.0,1639.0,0.39780353874313606,357.0,1639.0,0.39780353874313606,0.7726784332190786,-0.1517391721944849,0.54364677771628,-0.1517391721944849,True,4375.0,4014.0,0.4118086696562033,838.0,4014.0,0.4118086696562033,0.7528304369057547,-0.2075546388674104,0.5100539375574427,-0.2075546388674104,True,4375.0,4014.0,0.4118086696562033,838.0,4014.0,0.4118086696562033,0.7266220526797827,-0.20977747379733952,0.48019118376850506,-0.20977747379733952,4375.0,4014.0,0.4118086696562033,838.0,4014.0,0.4118086696562033,0.7528693260604413,-0.20757416548457258,0.5100708860389923,-0.20757416548457258,835.0,0.4903581267217631,0.4540906951647234,-0.10428078650492645,150.0,0.4903581267217631,0.040534261996979175,-0.10428078650492645,True,-0.2627705315290798,0.7528304369057547,-0.2627705315290798,0.5100539375574427,0.7390645655863186,-0.21771278499155314,0.45776820610775276,-0.21771278499155314,145449.6433021739
1010,46523.0,45674.0,0.6087489600210185,6905.0,45674.0,0.6087489600210185,1.8667069467389714,0.38208209741079313,1.5369322009055335,0.38208209741079313,True,41427.0,40779.0,0.5994261752372545,6429.0,40779.0,0.5994261752372545,1.8935627648400433,0.6661048004307452,1.5514783388898918,0.6661048004307452,True,33287.0,32842.0,0.5907374703124049,4885.0,32842.0,0.5907374703124049,1.7274950247841174,0.709674155411477,1.4102303099569806,0.709674155411477,True,121237.0,119295.0,0.6006035458317616,18219.0,119295.0,0.6006035458317616,1.84923128655043,0.6293591748952816,1.5528701532072804,0.6293591748952816,True,121237.0,119295.0,0.6006035458317616,18219.0,119295.0,0.6006035458317616,1.8208264218066974,0.6279710011375823,1.5147382875955062,0.6279710011375823,121237.0,119295.0,0.6006035458317616,18219.0,119295.0,0.6006035458317616,1.8494718869859894,0.6293495303450691,1.5527417330367734,0.6293495303450691,46523.0,0.6087489600210185,1.8667069467389714,0.38208209741079313,6905.0,0.6087489600210185,1.5369322009055335,0.38208209741079313,True,0.7490127874304526,1.84923128655043,0.7490127874304526,1.5528701532072804,1.8927608209721523,0.6454663814188253,1.6064630024617919,0.6454663814188253,442896.2450304348
1021,8860.0,8643.0,0.37163022098808285,1661.6666666666667,8643.0,0.37163022098808285,0.3460979886703055,-0.5920284019638472,-0.0581733983701606,-0.5920284019638472,True,6200.0,5930.333333333333,0.30700916193581024,1153.3333333333333,5930.333333333333,0.30700916193581024,0.12413875935679003,-0.6181683012986107,-0.22430263527664127,-0.6181683012986107,True,7349.666666666667,7063.666666666667,0.34236232362795527,1424.3333333333333,7063.666666666667,0.34236232362795527,0.17188373721667125,-0.3992736582770402,-0.14859287987708297,-0.3992736582770402,True,22409.666666666668,21637.0,0.34436382123214865,4239.333333333333,21637.0,0.34436382123214865,0.28092193034417745,-0.5065326961995076,-0.0007956308479777695,-0.5065326961995076,True,26589.0,25695.0,0.390932087954855,5110.0,25695.0,0.390932087954855,0.3403900233721281,-0.3024141217638642,0.07170189647135666,-0.3024141217638642,22409.666666666668,21637.0,0.34436382123214865,4239.333333333333,21637.0,0.34436382123214865,0.28087399972911997,-0.5065557530740635,-0.0007074699015198407,-0.5065557530740635,8860.0,0.37163022098808285,0.3460979886703055,-0.5920284019638472,1661.6666666666667,0.37163022098808285,-0.0581733983701606,-0.5920284019638472,True,-0.6242187549530955,0.28092193034417745,-0.6242187549530955,-0.0007956308479777695,0.26458357355475914,-0.6392084352069403,-0.06156259537541655,-0.6392084352069403,1927383.575328261
1022,52716.0,51658.0,0.6411591621820434,6852.666666666667,51658.0,0.6411591621820434,2.762540410835195,0.5152268599912139,2.4795526552634075,0.5152268599912139,True,72182.0,71011.33333333333,0.6773519719856924,9361.333333333334,71011.33333333333,0.6773519719856924,3.08736219069015,1.008348924891726,2.7176999985007777,1.008348924891726,True,55379.666666666664,54540.666666666664,0.6340284313845327,7099.333333333333,54540.666666666664,0.6340284313845327,2.8898326530759424,0.902960066962049,2.6168008217282557,0.902960066962049,True,180277.66666666666,177210.0,0.6534676372665199,23313.333333333332,177210.0,0.6534676372665199,2.8993676136998543,0.8637018078628335,2.5952956961541775,0.8637018078628335,True,184457.0,181268.0,0.6531489286581195,24184.0,181268.0,0.6531489286581195,2.8802146138362885,0.8611331251282748,2.5681950532715234,0.8611331251282748,180277.66666666666,177210.0,0.6534676372665199,23313.333333333332,177210.0,0.6534676372665199,2.8998014138613257,0.8636949303712477,2.5950219617914154,0.8636949303712477,52716.0,0.6411591621820434,2.762540410835195,0.5152268599912139,6852.666666666667,0.6411591621820434,2.4795526552634075,0.5152268599912139,True,1.032320295394297,2.8993676136998543,1.032320295394297,2.5952956961541775,2.9854502824084506,0.9005733395547963,2.7282720729113428,0.9005733395547963,79434.7396617647
1031,13692.163784822285,13354.239193083573,0.574989625416575,1827.2694524495678,13354.239193083573,0.574989625416575,1.926198282487762,0.24339494672751308,1.5458121158084648,0.24339494672751308,True,15406.216618635926,15090.02785782901,0.5747615066511789,4956.566762728146,15090.02785782901,0.5747615066511789,2.080681326748576,0.5577794671317832,2.155945657672448,0.5577794671317832,True,13053.755523535063,12739.882804995197,0.5206764057113222,2993.878482228626,12739.882804995197,0.5206764057113222,1.9411556264305998,0.3968648206161255,1.9038429497494733,0.3968648206161255,True,42152.13592699327,41184.14985590778,0.5581048196171456,9777.71469740634,41184.14985590778,0.5581048196171456,1.9927533603270722,0.44096544431937,1.9365224954183573,0.44096544431937,True,83594.0,81841.0,0.5609046810278466,19505.0,81841.0,0.5609046810278466,2.303315102658233,0.45181334199008805,2.258793159558002,0.45181334199008805,42202.833333333336,41234.0,0.5580305896428513,9787.0,41234.0,0.5580305896428513,1.9936172485941108,0.44062451535640007,1.93684407535422,0.44062451535640007,13692.163784822285,0.574989625416575,1.926198282487762,0.24339494672751308,1827.2694524495678,0.574989625416575,1.5458121158084648,0.24339494672751308,True,0.521255005376072,1.9927533603270722,0.521255005376072,1.9365224954183573,2.0474155821942093,0.43188805965879673,1.9810159667143494,0.43188805965879673,115329.82377391304
1032,16817.166666666668,16329.5,0.5430662298294497,2455.5,16329.5,0.5430662298294497,2.2426135273765193,0.11225004040785955,1.9541052825641236,0.11225004040785955,True,18569.333333333332,18058.333333333332,0.5425196123673282,5530.833333333333,18058.333333333332,0.5425196123673282,2.4126521531413054,0.4161755395420254,2.465098606291215,0.4161755395420254,True,16888.833333333332,16356.166666666666,0.4891019696954258,3779.6666666666665,16356.166666666666,0.4891019696954258,2.308047634115368,0.25589096612350715,2.2951753405746538,0.25589096612350715,True,52275.333333333336,50744.0,0.5254775605654527,11766.0,50744.0,0.5254775605654527,2.3208073986459516,0.2963312023382269,2.2710735094769596,0.2963312023382269,True,91895.0,89609.0,0.5485498108448928,21112.0,89609.0,0.5485498108448928,2.570973680653462,0.39699048946646415,2.534936372797599,0.39699048946646415,52275.333333333336,50744.0,0.5254775605654527,11766.0,50744.0,0.5254775605654527,2.3211347576987,0.2963176254778209,2.2708449717092805,0.2963176254778209,16817.166666666668,0.5430662298294497,2.2426135273765193,0.11225004040785955,2455.5,0.5430662298294497,1.9541052825641236,0.11225004040785955,True,0.3464000669339021,2.3208073986459516,0.3464000669339021,2.2710735094769596,2.3885575609089353,0.274048199726404,2.3561842868556724,0.274048199726404,73867.98175882353
1050,4869.0,4492.0,0.5376224398931434,870.0,4492.0,0.5376224398931434,0.5893135570071029,0.08988633792288028,0.19089594454957784,0.08988633792288028,True,5548.0,5259.0,0.5472523293401788,1018.0,5259.0,0.5472523293401788,0.6429029077017502,0.43696126961192483,0.3182813179812359,0.43696126961192483,True,6647.0,6254.0,0.5559641829229294,1326.0,6254.0,0.5559641829229294,0.6929983022904671,0.5544180376393053,0.44400883680635544,0.5544180376393053,True,17064.0,16005.0,0.5479537644486098,3214.0,16005.0,0.5479537644486098,0.6913175550314737,0.39596656263936664,0.4354071823075783,0.39596656263936664,True,17064.0,16005.0,0.5479537644486098,3214.0,16005.0,0.5479537644486098,0.6652324029670528,0.394345624470169,0.40613634716845604,0.394345624470169,17064.0,16005.0,0.5479537644486098,3214.0,16005.0,0.5479537644486098,0.6913451273012847,0.3959541622481321,0.4354345365519347,0.3959541622481321,4869.0,0.5376224398931434,0.5893135570071029,0.08988633792288028,870.0,0.5376224398931434,0.19089594454957784,0.08988633792288028,True,0.46685380287833067,0.6913175550314737,0.46685380287833067,0.4354071823075783,0.6957140502427994,0.38733762165813485,0.4068164586182544,0.38733762165813485,642130.5643586956
1065,59352.0,58233.0,0.6293854000309105,7924.0,58233.0,0.6293854000309105,2.6245832769754567,0.4668589183627571,2.337847431119744,0.4668589183627571,True,50091.0,49129.0,0.5931730749659061,7633.0,49129.0,0.5931730749659061,2.6842272780956646,0.6386416634872367,2.3799181199834196,0.6386416634872367,True,40510.0,39758.99999999999,0.5971478155889234,5794.0,39758.99999999999,0.5971478155889234,2.5166715153540173,0.738295128460826,2.2675444560516156,0.738295128460826,True,149953.0,147121.0,0.6085806920833872,21351.0,147121.0,0.6085806920833872,2.608120805954554,0.6647212780817189,2.335150641776632,0.6647212780817189,True,162253.0,159044.0,0.607643167928372,23328.0,159044.0,0.607643167928372,2.6172574074485473,0.6592082507654251,2.3374225586155366,0.6592082507654251,149953.0,147121.0,0.6085806920833872,21351.0,147121.0,0.6085806920833872,2.608501023736315,0.6647120510782901,2.334913171652311,0.6647120510782901,59352.0,0.6293854000309105,2.6245832769754567,0.4668589183627571,7924.0,0.6293854000309105,2.337847431119744,0.4668589183627571,True,0.7917636484378778,2.608120805954554,0.7917636484378778,2.335150641776632,2.6782535185290874,0.6782514198360597,2.447856919563879,0.6782514198360597,118792.63048913045
1105,24244.0,23679.0,0.7134591832425355,4359.0,23679.0,0.7134591832425355,1.8969606457749877,0.8122434935447965,1.6768978439459423,0.8122434935447965,True,18831.0,18234.0,0.7475046616211473,3334.0,18234.0,0.7475046616211473,1.8545000143856305,1.3164541589052676,1.5834354689357966,1.3164541589052676,True,18102.0,17610.0,0.7378762067007382,3494.0,17610.0,0.7378762067007382,1.7822275764700477,1.3666206422273783,1.628743712414606,1.3666206422273783,True,61177.0,59523.0,0.7311123431278665,11187.0,59523.0,0.7311123431278665,1.864153182645243,1.207895083746423,1.6729337982184609,1.207895083746423,True,61177.0,59523.0,0.7311123431278665,11187.0,59523.0,0.7311123431278665,1.8357184240410025,1.207083888707342,1.6338498763463838,1.207083888707342,61177.0,59523.0,0.7311123431278665,11187.0,59523.0,0.7311123431278665,1.864396528349356,1.2078922704021127,1.6727886411675965,1.2078922704021127,24244.0,0.7134591832425355,1.8969606457749877,0.8122434935447965,4359.0,0.7134591832425355,1.6768978439459423,0.8122434935447965,True,1.448431260836909,1.864153182645243,1.448431260836909,1.6729337982184609,1.9081915035362083,1.308325865108692,1.7385716998095493,1.308325865108692,216871.3511282609
1106,1801.0,1419.0,0.47780126849894294,204.0,1419.0,0.47780126849894294,0.9920583211717113,-0.15586577503807192,0.39636268939294544,-0.15586577503807192,True,2254.0,1713.0,0.3666082895504962,267.0,1713.0,0.3666082895504962,1.1272942101578038,-0.3564135024997736,0.5883367040273596,-0.3564135024997736,True,2467.0,1956.0,0.39570552147239263,411.0,1956.0,0.39570552147239263,1.1272189347218686,-0.1611064204740703,0.8199837649438477,-0.1611064204740703,True,6522.0,5088.0,0.4088050314465409,882.0,5088.0,0.4088050314465409,1.1190333974659663,-0.22086954634866185,0.7166830889628626,-0.22086954634866185,True,6522.0,5088.0,0.4088050314465409,882.0,5088.0,0.4088050314465409,1.09209137857647,-0.22310566034759866,0.6851818493763441,-0.22310566034759866,6522.0,5088.0,0.4088050314465409,882.0,5088.0,0.4088050314465409,1.1191396591224692,-0.22088923018488887,0.71667123332652,-0.22088923018488887,1801.0,0.47780126849894294,0.9920583211717113,-0.15586577503807192,204.0,0.47780126849894294,0.39636268939294544,-0.15586577503807192,True,-0.27886753107847384,1.1190333974659663,-0.27886753107847384,0.7166830889628626,1.1397010211439624,-0.28208160528438353,0.6949305584625753,-0.28208160528438353,103700.85000652174
1108,21610.169548511047,20606.260806916427,0.5255417812148948,4284.230547550433,20606.260806916427,0.5255417812148948,1.1744829813902762,0.040257630778782486,0.9116066648807336,0.040257630778782486,True,17618.95004803074,16628.638808837655,0.5230032928734861,3190.5999039385206,16628.638808837655,0.5230032928734861,1.0993743278137376,0.3304613607132459,0.7950943954256185,0.3304613607132459,True,19236.911143131605,18123.950528338137,0.499108087082587,3806.454851104707,18123.950528338137,0.499108087082587,1.0981973328247847,0.3005663780885394,0.8871202294583561,0.3005663780885394,True,58466.03073967339,55358.85014409222,0.5161251374600474,11281.28530259366,55358.85014409222,0.5161251374600474,1.1606492216715643,0.25487259791196765,0.9497162442505882,0.25487259791196765,True,62188.0,58973.0,0.5071303817001,12002.0,58973.0,0.5071303817001,1.164203460483813,0.21319808841391152,0.9489599453708635,0.21319808841391152,58415.333333333336,55309.0,0.5161426410409397,11272.0,55309.0,0.5161426410409397,1.1603323604041873,0.2549361245229811,0.9492351395944869,0.2549361245229811,21610.169548511047,0.5255417812148948,1.1744829813902762,0.040257630778782486,4284.230547550433,0.5255417812148948,0.9116066648807336,0.040257630778782486,True,0.2962788672404231,1.1606492216715643,0.2962788672404231,0.9497162442505882,1.1818644242895615,0.23092553431366172,0.9619447776791511,0.23092553431366172,854873.8376826086
1200,2235.0,2160.0,0.2912037037037037,650.0,2160.0,0.2912037037037037,1.6879817803141777,-0.9224295977291795,1.7049335750494479,-0.9224295977291795,True,1789.0,1710.0,0.22923976608187135,500.0,1710.0,0.22923976608187135,1.6445092549773161,-0.9597255250227849,1.6149490792544177,-0.9597255250227849,True,2573.0,2487.0,0.22718134298351428,813.0,2487.0,0.22718134298351428,1.7837714662005935,-0.9135348408841212,1.9146884223136886,-0.9135348408841212,True,6597.0,6357.0,0.24948875255623723,1963.0,6357.0,0.24948875255623723,1.7284903121846849,-0.9271069043825678,1.78626608274357,-0.9271069043825678,True,6597.0,6357.0,0.24948875255623723,1963.0,6357.0,0.24948875255623723,1.7003273345190002,-0.9300473548274272,1.7462834815837993,-0.9300473548274272,6597.0,6357.0,0.24948875255623723,1963.0,6357.0,0.24948875255623723,1.7287086991965672,-0.9271349272911578,1.786105127164462,-0.9271349272911578,2235.0,0.2912037037037037,1.6879817803141777,-0.9224295977291795,650.0,0.2912037037037037,1.7049335750494479,-0.9224295977291795,True,-1.1326701166424051,1.7284903121846849,-1.1326701166424051,1.78626608274357,1.7679329436383966,-1.0917645581673592,1.8554736979347397,-1.0917645581673592,30734.80719347826
1220,3293.0,3134.0,0.41671984684109764,907.0,3134.0,0.41671984684109764,1.1227698264154948,-0.4067951380917955,1.0341457987836906,-0.4067951380917955,True,2934.0,2801.0,0.3291681542306319,813.0,2801.0,0.3291681542306319,1.0901047719234207,-0.5208477061513962,1.022150089223205,-0.5208477061513962,True,3788.0,3618.0,0.3598673300165838,1027.0,3618.0,0.3598673300165838,1.1764509286496485,-0.32111713246354795,1.1552224017151538,-0.32111713246354795,True,10015.0,9553.0,0.3695174290798702,2747.0,9553.0,0.3695174290798702,1.165907978778818,-0.39502860085450286,1.1419286553977548,-0.39502860085450286,True,10015.0,9553.0,0.3695174290798702,2747.0,9553.0,0.3695174290798702,1.1388720534456473,-0.39743840514053713,1.1070553900522926,-0.39743840514053713,10015.0,9553.0,0.3695174290798702,2747.0,9553.0,0.3695174290798702,1.1660228642263735,-0.3950503411168615,1.141857520500256,-0.3950503411168615,3293.0,0.41671984684109764,1.1227698264154948,-0.4067951380917955,907.0,0.41671984684109764,1.0341457987836906,-0.4067951380917955,True,-0.48941636334418054,1.165907978778818,-0.48941636334418054,1.1419286553977548,1.1876675869810358,-0.5015933654652568,1.170949862585272,-0.5015933654652568,144893.6370521739
1240,18192.0,17231.0,0.533631246010098,3790.0,17231.0,0.533631246010098,1.7241732366285145,0.07349006370865926,1.5621623731140146,0.07349006370865926,True,19260.0,18246.0,0.4819138441302203,4334.0,18246.0,0.4819138441302203,1.8304343293701013,0.14999965231235943,1.6914486014323904,0.14999965231235943,True,17044.0,16013.0,0.4807968525572972,3462.0,16013.0,0.4807968525572972,1.7151288651268,0.21881019690928463,1.584014910905777,0.21881019690928463,True,54496.0,51490.0,0.49887356768304525,11586.0,51490.0,0.49887356768304525,1.7727981308942722,0.17839765670626326,1.6552597832754312,0.17839765670626326,True,54496.0,51490.0,0.49887356768304525,11586.0,51490.0,0.49887356768304525,1.7445463889225297,0.17655973524072063,1.6163160092105413,0.17655973524072063,54496.0,51490.0,0.49887356768304525,11586.0,51490.0,0.49887356768304525,1.773024669474869,0.17838268731633466,1.6551170899834633,0.17838268731633466,18192.0,0.533631246010098,1.7241732366285145,0.07349006370865926,3790.0,0.533631246010098,1.5621623731140146,0.07349006370865926,True,0.2038248193349804,1.7727981308942722,0.2038248193349804,1.6552597832754312,1.8195014755715857,0.1435650065557274,1.7211625981749474,0.1435650065557274,232215.2454565217
1305,255.0,187.0,0.40106951871657753,22.0,187.0,0.40106951871657753,-0.2683355230257173,-0.4710884495648956,-1.1826376215068837,-0.4710884495648956,True,536.0,423.0,0.4302600472813239,93.0,423.0,0.4302600472813239,0.037786696169463035,-0.07685986296093537,-0.35467283129718824,-0.07685986296093537,True,633.0,516.0,0.4418604651162791,85.0,516.0,0.4418604651162791,0.08409614104113416,0.04496662881467772,-0.4571800003321719,0.04496662881467772,True,1424.0,1126.0,0.43072824156305506,200.0,1126.0,0.43072824156305506,0.0464258109450043,-0.12368556678201705,-0.4093582528372124,-0.12368556678201705,True,1424.0,1126.0,0.43072824156305506,200.0,1126.0,0.43072824156305506,0.02163260621208129,-0.12582475838228727,-0.431930438931137,-0.12582475838228727,1424.0,1126.0,0.43072824156305506,200.0,1126.0,0.43072824156305506,0.04633473870649858,-0.12370410309435723,-0.40921313823319916,-0.12370410309435723,255.0,0.40106951871657753,-0.2683355230257173,-0.4710884495648956,22.0,0.40106951871657753,-1.1826376215068837,-0.4710884495648956,True,-0.1613773812223542,0.0464258109450043,-0.1613773812223542,-0.4093582528372124,-0.000383648243512222,-0.2170705568136421,-0.5905647625436333,-0.2170705568136421,196411.2377382353
1306,56.0,17.0,1.0,0.0,17.0,1.0,-0.04299208076553962,1.9893854572765666,,1.9893854572765666,True,94.0,73.0,0.3287671232876712,0.0,73.0,0.3287671232876712,0.16315217856947065,-0.5226090033043584,,-0.5226090033043584,True,89.0,67.0,0.26865671641791045,16.0,67.0,0.26865671641791045,0.09336943869137102,-0.7283551829917719,-0.27866975381411235,-0.7283551829917719,True,239.0,157.0,0.37579617834394907,16.0,157.0,0.37579617834394907,0.1431622406630087,-0.3671953667185637,-0.6990808206504451,-0.3671953667185637,True,239.0,157.0,0.37579617834394907,16.0,157.0,0.37579617834394907,0.11817523848519848,-0.3695774126865384,-0.7193556236821452,-0.3695774126865384,239.0,157.0,0.37579617834394907,16.0,157.0,0.37579617834394907,0.14308896559161738,-0.3672167783331229,-0.6988953187005876,-0.3672167783331229,56.0,1.0,-0.04299208076553962,1.9893854572765666,0.0,1.0,,1.9893854572765666,True,-0.455767495864233,0.1431622406630087,-0.455767495864233,-0.6990808206504451,0.12057340792196754,0.25653863596471965,-0.19857895097444841,0.25653863596471965,27129.06547352941
1310,122.0,28.0,1.0,0.0,28.0,1.0,0.093043103929449,1.9893854572765666,,1.9893854572765666,True,166.0,107.0,0.6074766355140186,15.0,107.0,0.6074766355140186,0.19987758881860132,0.7014618047078208,-0.5460713732427009,0.7014618047078208,True,171.0,89.0,0.797752808988764,16.0,89.0,0.797752808988764,0.17387654943619127,1.6339582888670463,-0.5662927873795773,1.6339582888670463,True,459.0,224.0,0.7321428571428571,31.0,224.0,0.7321428571428571,0.2195408082249798,1.2124632766544745,-0.6127932556297406,1.2124632766544745,True,459.0,224.0,0.7321428571428571,31.0,224.0,0.7321428571428571,0.19440079263453067,1.21165663751253,-0.6337522842357736,1.21165663751253,459.0,224.0,0.7321428571428571,31.0,224.0,0.7321428571428571,0.2194815849656599,1.2124605172502323,-0.6126197821723712,1.2124605172502323,122.0,1.0,0.093043103929449,1.9893854572765666,0.0,1.0,,1.9893854572765666,True,1.4539539578054004,0.2195408082249798,1.4539539578054004,-0.6127932556297406,0.2056734884351166,1.6247845849238878,-0.4802776836832613,1.6247845849238878,44672.27635869565
1320,175.0,152.0,0.5921052631578947,23.0,152.0,0.5921052631578947,-0.29018138721223274,0.3137079152230001,-0.9754801251405477,0.3137079152230001,True,158.0,142.0,0.4507042253521127,20.0,142.0,0.4507042253521127,-0.42952131141121075,0.012929399595456147,-1.0259159894751686,0.012929399595456147,True,149.0,114.0,0.45614035087719296,20.0,114.0,0.45614035087719296,-0.49773878586954523,0.10872360412270149,-1.1004174458369729,0.10872360412270149,True,482.0,408.0,0.5049019607843137,63.0,408.0,0.5049019607843137,-0.3268082618348005,0.20512108036820506,-0.8463145926041308,0.20512108036820506,True,482.0,408.0,0.5049019607843137,63.0,408.0,0.5049019607843137,-0.3508537460878544,0.20330981039741958,-0.8654218912317837,0.20330981039741958,482.0,408.0,0.5049019607843137,63.0,408.0,0.5049019607843137,-0.32696800012998634,0.20510642652171407,-0.8461085662563546,0.20510642652171407,175.0,0.5921052631578947,-0.29018138721223274,0.3137079152230001,23.0,0.5921052631578947,-0.9754801251405477,0.3137079152230001,True,0.2361319862642479,-0.3268082618348005,0.2361319862642479,-0.8463145926041308,-0.3602448976209044,0.14091770228641412,-0.9652406312610893,0.14091770228641412,140989.53282173912
1340,914.0,763.0,0.3840104849279161,204.0,763.0,0.3840104849279161,1.3352712617886395,-0.5411688826445169,1.159202353267143,-0.5411688826445169,True,928.0,779.0,0.3979460847240051,191.0,779.0,0.3979460847240051,1.3882852456629426,-0.21878030888202463,1.1728077311017717,-0.21878030888202463,True,904.0,798.0,0.37218045112781956,185.0,798.0,0.37218045112781956,1.3258117083308332,-0.2661413874332513,1.1580771284271505,-0.2661413874332513,True,2746.0,2340.0,0.38461538461538464,580.0,2340.0,0.38461538461538464,1.376939516685936,-0.3281004733374342,1.228801857889631,-0.3281004733374342,True,2746.0,2340.0,0.38461538461538464,580.0,2340.0,0.38461538461538464,1.3494808201903787,-0.33044352964004425,1.1932397231009892,-0.33044352964004425,2746.0,2340.0,0.38461538461538464,580.0,2340.0,0.38461538461538464,1.3770932268405587,-0.32812142332936584,1.2287186128617404,-0.32812142332936584,914.0,0.3840104849279161,1.3352712617886395,-0.5411688826445169,204.0,0.3840104849279161,1.159202353267143,-0.5411688826445169,True,-0.4085038943690087,1.376939516685936,-0.4085038943690087,1.228801857889631,1.4094474850761334,-0.4166424852334829,1.2652069521021583,-0.4166424852334829,25971.72288043478
1350,0.0,0.0,,0.0,0.0,,,,,,True,87.0,0.0,,0.0,0.0,,-0.4226811872117177,,,,True,18.0,0.0,,0.0,0.0,,-1.2824913176174648,,,,True,105.0,0.0,,0.0,0.0,,-0.7807274897639042,,,,True,105.0,0.0,,0.0,0.0,,-0.803863612499128,,,,105.0,0.0,,0.0,0.0,,-0.7809707382359639,,,,0.0,,,,0.0,,,,True,,-0.7807274897639042,,,-0.8106027808495888,,,,76628.67391956522
1360,456.0,321.0,0.30218068535825543,63.0,321.0,0.30218068535825543,-0.38839510180612286,-0.8773349201648878,-1.0593192961131068,-0.8773349201648878,True,375.0,78.0,0.0,0.0,78.0,0.0,-0.5846608437129337,-1.966529000996263,,-1.966529000996263,True,342.0,100.0,0.0,0.0,100.0,0.0,-0.66938724043769,-1.9278563500021768,,-1.9278563500021768,True,1173.0,499.0,0.19438877755511022,63.0,499.0,0.19438877755511022,-0.46107074169729634,-1.1713610449109442,-1.4615983889308444,-1.1713610449109442,True,1173.0,499.0,0.19438877755511022,63.0,499.0,0.19438877755511022,-0.48484725049180355,-1.1745450920606286,-1.4758267353152832,-1.1745450920606286,1173.0,499.0,0.19438877755511022,63.0,499.0,0.19438877755511022,-0.4612551810466587,-1.1713919519107385,-1.4613065919796178,-1.1713919519107385,456.0,0.30218068535825543,-0.38839510180612286,-0.8773349201648878,63.0,0.30218068535825543,-1.0593192961131068,-0.8773349201648878,True,-1.4279600986087957,-0.46107074169729634,-1.4279600986087957,-1.4615983889308444,-0.5030490459603373,-1.8456423504802177,-0.9910049650949334,-1.8456423504802177,449658.5596369565
1400,2404.0,2312.0,0.4718858131487889,500.66666666666663,2312.0,0.4718858131487889,1.2289907482484428,-0.18016713219216235,1.0005553895612795,-0.18016713219216235,True,3097.0,2900.333333333333,0.3715664866107344,618.3333333333333,2900.333333333333,0.3715664866107344,1.3984731759326334,-0.3346374811744575,1.16668210308494,-0.3346374811744575,True,3338.6666666666665,3194.6666666666665,0.3654006677796327,743.3333333333333,3194.6666666666665,0.3654006677796327,1.38881872738116,-0.29641183124221043,1.2763187979274497,-0.29641183124221043,True,8839.666666666666,8407.0,0.39681218032591886,1862.3333333333333,8407.0,0.39681218032591886,1.3686730230787783,-0.2740329741522569,1.218617918652315,-0.2740329741522569,True,13019.0,12465.0,0.47573204973926997,2733.0,12465.0,0.47573204973926997,1.5330644859888558,0.07387277806371906,1.3850094782486704,0.07387277806371906,8839.666666666666,8407.0,0.39681218032591886,1862.3333333333333,8407.0,0.39681218032591886,1.3688252123981932,-0.274053285728813,1.2185360932662532,-0.274053285728813,2404.0,0.4718858131487889,1.2289907482484428,-0.18016713219216235,500.66666666666663,0.4718858131487889,1.0005553895612795,-0.18016713219216235,True,-0.34313922613934555,1.3686730230787783,-0.34313922613934555,1.218617918652315,1.3983304570630228,-0.33466558568261057,1.2494626642870588,-0.33466558568261057,85009.44180217391
1410,913.0,625.0,0.4352,161.0,625.0,0.4352,0.164740352976058,-0.3308765865021729,-0.29773534701539456,-0.3308765865021729,True,1189.0,871.0,0.4041331802525832,187.0,871.0,0.4041331802525832,0.2543248969838801,-0.19160705970793634,-0.17970661359611326,-0.19160705970793634,True,1285.0,972.0,0.37962962962962965,211.0,972.0,0.37962962962962965,0.2530209103988971,-0.23288222151576615,-0.15448526293421427,-0.23288222151576615,True,3387.0,2468.0,0.40235008103727715,559.0,2468.0,0.40235008103727715,0.285805136343499,-0.2494838672142477,-0.06797290751500205,-0.2494838672142477,True,3387.0,2468.0,0.40235008103727715,559.0,2468.0,0.40235008103727715,0.26053236975620236,-0.2517485185155966,-0.09325214165131625,-0.2517485185155966,3387.0,2468.0,0.40235008103727715,559.0,2468.0,0.40235008103727715,0.2857581041204277,-0.24950388892114894,-0.06787538205156467,-0.24950388892114894,913.0,0.4352,0.164740352976058,-0.3308765865021729,161.0,0.4352,-0.29773534701539456,-0.3308765865021729,True,-0.31346068996659404,0.285805136343499,-0.31346068996659404,-0.06797290751500205,0.2746522925727897,-0.3133579622926585,-0.12952537994959007,-0.3133579622926585,288453.8957195652
1420,84.0,66.0,0.5606060606060606,29.0,66.0,0.5606060606060606,0.05337748713760019,0.18430564169198177,-0.05383788106157222,0.18430564169198177,True,157.0,86.0,0.5,28.0,86.0,0.5,0.3237078504489446,0.22943266216017538,-0.036105994150846456,0.22943266216017538,True,159.0,102.0,0.5686274509803921,33.0,102.0,0.5686274509803921,0.2880646204810338,0.6109571222213707,0.019338117093606052,0.6109571222213707,True,400.0,254.0,0.5433070866141733,90.0,254.0,0.5433070866141733,0.2959981757216066,0.3753681812292239,0.10732046536935365,0.3753681812292239,True,400.0,254.0,0.5433070866141733,90.0,254.0,0.5433070866141733,0.2707049888542472,0.37372670012132564,0.08065122551541679,0.37372670012132564,400.0,254.0,0.5433070866141733,90.0,254.0,0.5433070866141733,0.29595301877164326,0.3753555376175038,0.10739355492457614,0.3753555376175038,84.0,0.5606060606060606,0.05337748713760019,0.18430564169198177,29.0,0.5606060606060606,-0.05383788106157222,0.18430564169198177,True,0.44195147916754285,0.2959981757216066,0.44195147916754285,0.10732046536935365,0.27232167023056975,0.3657554466663104,0.060404376143254127,0.3657554466663104,33373.74355869565
1430,730.0,598.0,0.30267558528428096,157.0,598.0,0.30267558528428096,0.1726018977361036,-0.8753018155015982,-0.17943358748383623,-0.8753018155015982,True,555.0,323.0,0.3281733746130031,68.0,323.0,0.3281733746130031,-0.01977135459941388,-0.5252167019586006,-0.6094769220820628,-0.5252167019586006,True,600.0,315.0,0.2984126984126984,122.0,315.0,0.2984126984126984,-0.01922385511576327,-0.5955003800142527,-0.332088090863936,-0.5955003800142527,True,1885.0,1236.0,0.308252427184466,347.0,1236.0,0.308252427184466,0.11394826017930229,-0.6666118526096118,-0.19368004559519225,-0.6666118526096118,True,1885.0,1236.0,0.308252427184466,347.0,1236.0,0.308252427184466,0.08901978398585217,-0.6692925091525216,-0.21796247284826664,-0.6692925091525216,1885.0,1236.0,0.308252427184466,347.0,1236.0,0.308252427184466,0.11386961044094981,-0.6666367996584186,-0.19356499654807602,-0.6666367996584186,730.0,0.30267558528428096,0.1726018977361036,-0.8753018155015982,157.0,0.30267558528428096,-0.17943358748383623,-0.8753018155015982,True,-0.8177457555897262,0.11394826017930229,-0.8177457555897262,-0.19368004559519225,0.09371865823523476,-0.7866810502687378,-0.2950084641443923,-0.7866810502687378,226935.7831695652
1440,279.0,228.0,0.47368421052631576,45.0,228.0,0.47368421052631576,1.1069347248447146,-0.17277911311513194,0.721339759618831,-0.17277911311513194,True,182.0,93.0,0.5053763440860215,16.0,93.0,0.5053763440860215,0.9092978165983896,0.2530451531618575,0.19105620370674292,0.2530451531618575,True,152.0,94.0,0.5851063829787234,16.0,94.0,0.5851063829787234,0.7694507781610794,0.6845324209395146,0.15982520050591226,0.6845324209395146,True,613.0,415.0,0.5060240963855421,77.0,415.0,0.5060240963855421,0.9883080843053214,0.2100954250358521,0.5378396018054433,0.2100954250358521,True,613.0,415.0,0.5060240963855421,77.0,415.0,0.5060240963855421,0.961627954672504,0.20828911602076253,0.5077565189102928,0.20828911602076253,613.0,415.0,0.5060240963855421,77.0,415.0,0.5060240963855421,0.9883902956609067,0.21008082992516666,0.5378526769634893,0.21008082992516666,279.0,0.47368421052631576,1.1069347248447146,-0.17277911311513194,45.0,0.47368421052631576,0.721339759618831,-0.17277911311513194,True,0.24214569863787072,0.9883080843053214,0.24214569863787072,0.5378396018054433,0.9848387252838486,0.26660183069065285,0.4470933804151199,0.26660183069065285,12682.7347
1450,29.23,0.0,,0.0,0.0,,-0.6322478643401455,,,,True,11.760000000000002,0.0,,0.0,0.0,,-1.2235000368579716,,,,True,7.3500000000000005,0.0,,0.0,0.0,,-1.5014865512898192,,,,True,48.34,0.0,,0.0,0.0,,-0.9295239217348409,,,,True,82.0,0.0,,0.0,0.0,,-0.6905162397464427,,,,49.0,0.0,,0.0,0.0,,-0.9230605390185012,,,,29.23,,-0.6322478643401455,,0.0,,,,True,,-0.9295239217348409,,,-1.0792333425254794,,,,47606.59649565218
1460,1082.0,973.0,0.4316546762589928,206.0,973.0,0.4316546762589928,0.12977142634038383,-0.3454411759305841,-0.2951539480897991,-0.3454411759305841,True,698.0,494.0,0.3785425101214575,115.0,494.0,0.3785425101214575,-0.15229776139520892,-0.30399932079280556,-0.5851021213526748,-0.30399932079280556,True,740.0,495.0,0.3878787878787879,115.0,495.0,0.3878787878787879,-0.16112613948135654,-0.1960512981029795,-0.6439300759367349,-0.1960512981029795,True,2520.0,1962.0,0.4072375127420999,436.0,1962.0,0.4072375127420999,0.018959227361274478,-0.227818241586864,-0.3280773952768963,-0.227818241586864,True,2520.0,1962.0,0.4072375127420999,436.0,1962.0,0.4072375127420999,-0.005778952044232336,-0.2300612855778951,-0.35129410577515563,-0.2300612855778951,2520.0,1962.0,0.4072375127420999,436.0,1962.0,0.4072375127420999,0.018863101934641736,-0.22783800747152952,-0.3279436112300073,-0.22783800747152952,1082.0,0.4316546762589928,0.12977142634038383,-0.3454411759305841,206.0,0.4316546762589928,-0.2951539480897991,-0.3454411759305841,True,-0.28726812599629176,0.018959227361274478,-0.28726812599629176,-0.3280773952768963,-0.012883090312618955,-0.34774201738222504,-0.4314317381299451,-0.34774201738222504,367352.5476217392
1520,0.0,0.0,,0.0,0.0,,,,,,True,0.0,0.0,,0.0,0.0,,,,,,True,0.0,0.0,,0.0,0.0,,,,,,True,0.0,0.0,,0.0,0.0,,,,,,True,0.0,0.0,,0.0,0.0,,,,,,0.0,0.0,,0.0,0.0,,,,,,0.0,,,,0.0,,,,True,,,,,,,,,25661.5774
1530,3759.0,3097.0,0.3813367775266387,759.0,3097.0,0.3813367775266387,0.4811147522853247,-0.5521527739323255,0.1355779622830896,-0.5521527739323255,True,3556.0,2831.0,0.3691275167785235,699.0,2831.0,0.3691275167785235,0.428307925251464,-0.3453492496727178,0.12902145012708666,-0.3453492496727178,True,3439.0,2767.0,0.34622334658474885,620.0,2767.0,0.34622334658474885,0.36795750146523254,-0.38203492475763096,0.0264214959941083,-0.38203492475763096,True,10754.0,8695.0,0.3661874640598045,2078.0,8695.0,0.3661874640598045,0.48001433012821487,-0.409790091108338,0.22319511719761653,-0.409790091108338,True,10754.0,8695.0,0.3661874640598045,2078.0,8695.0,0.3661874640598045,0.4543524935117803,-0.4122146171525229,0.19560703810909502,-0.4122146171525229,10754.0,8695.0,0.3661874640598045,2078.0,8695.0,0.3661874640598045,0.4800030277071118,-0.4098120056706455,0.22325205381841876,-0.4098120056706455,3759.0,0.3813367775266387,0.4811147522853247,-0.5521527739323255,759.0,0.3813367775266387,0.1355779622830896,-0.5521527739323255,True,-0.507262202851436,0.48001433012821487,-0.507262202851436,0.22319511719761653,0.4780361767539311,-0.5133351263874797,0.1827650354085527,-0.5133351263874797,619367.3686347826
1541,67.0,36.0,0.4166666666666667,0.0,36.0,0.4166666666666667,-0.12731977281404133,-0.40701360824089905,,-0.40701360824089905,True,166.0,71.0,0.30985915492957744,0.0,71.0,0.30985915492957744,0.27647494737174083,-0.6056513505894563,,-0.6056513505894563,True,261.0,187.0,0.3315508021390374,16.0,187.0,0.3315508021390374,0.47065996491452233,-0.447545046448635,-0.48216286346889176,-0.447545046448635,True,494.0,294.0,0.336734693877551,16.0,294.0,0.336734693877551,0.32845390825910215,-0.5403520571872513,-0.8862774374274758,-0.5403520571872513,True,494.0,294.0,0.336734693877551,16.0,294.0,0.336734693877551,0.3030957010260331,-0.5429067937762545,-0.9050678468203396,-0.5429067937762545,494.0,294.0,0.336734693877551,16.0,294.0,0.336734693877551,0.3284147223801973,-0.5403755133922807,-0.8860658402563876,-0.5403755133922807,67.0,0.4166666666666667,-0.12731977281404133,-0.40701360824089905,0.0,0.4166666666666667,,-0.40701360824089905,True,-0.6651045244822533,0.32845390825910215,-0.6651045244822533,-0.8862774374274758,0.25708878966247944,-0.5822639301409667,-0.4051418515429066,-0.5822639301409667,38608.37228235294
1545,355.0,224.0,0.7053571428571429,87.0,224.0,0.7053571428571429,0.27457643590702857,0.7789593986733571,0.008134796087713182,0.7789593986733571,True,291.0,192.0,0.578125,39.0,192.0,0.578125,0.12993109191565608,0.5725516720283689,-0.4007459140754138,0.5725516720283689,True,234.0,133.0,0.6917293233082706,17.0,133.0,0.6917293233082706,-0.02488411306427497,1.1605835804289573,-0.931873138764245,1.1605835804289573,True,880.0,549.0,0.6575591985428051,143.0,549.0,0.6575591985428051,0.19785404090227,0.8818393983597036,-0.1701884663939751,0.8818393983597036,True,880.0,549.0,0.6575591985428051,143.0,549.0,0.6575591985428051,0.17275747161335647,0.8807030252483985,-0.1946571723914674,0.8807030252483985,880.0,549.0,0.6575591985428051,143.0,549.0,0.6575591985428051,0.19779082780144636,0.8818327350322057,-0.17007669207461235,0.8818327350322057,355.0,0.7053571428571429,0.27457643590702857,0.7789593986733571,87.0,0.7053571428571429,0.008134796087713182,0.7789593986733571,True,1.0542476566220276,0.19785404090227,1.0542476566220276,-0.1701884663939751,0.1763823487992999,0.9332149840036373,-0.36386024241062576,0.9332149840036373,89470.19717647058
1551,1147.0,1079.0,0.41056533827618164,337.0,1079.0,0.41056533827618164,0.8884106076838378,-0.43207855278953944,0.8040240076214046,-0.43207855278953944,True,340.0,252.0,0.26587301587301587,61.0,252.0,0.26587301587301587,0.2590594497127823,-0.798835100746411,-0.10134953494513894,-0.798835100746411,True,341.0,241.0,0.2697095435684647,69.0,241.0,0.2697095435684647,0.21874114242074374,-0.7236545099075911,-0.07191013892972496,-0.7236545099075911,True,1828.0,1572.0,0.3657760814249364,467.0,1572.0,0.3657760814249364,0.605648114234155,-0.4116137201010182,0.5055686700514266,-0.4116137201010182,True,1828.0,1572.0,0.3657760814249364,467.0,1572.0,0.3657760814249364,0.5797345885030589,-0.4140400648657066,0.4757414826240453,-0.4140400648657066,1828.0,1572.0,0.3657760814249364,467.0,1572.0,0.3657760814249364,0.6056599253955717,-0.41163565619627634,0.5055862437795745,-0.41163565619627634,1147.0,0.41056533827618164,0.8884106076838378,-0.43207855278953944,337.0,0.41056533827618164,0.8040240076214046,-0.43207855278953944,True,-0.5094668711989082,0.605648114234155,-0.5094668711989082,0.5055686700514266,0.5078841473149129,-0.7708671289225242,0.2977212412260627,-0.7708671289225242,81744.27424117648
1555,4011.0,3426.0,0.38966725043782835,959.0,3426.0,0.38966725043782835,0.8143889462216781,-0.5179302525042796,0.6065519841641616,-0.5179302525042796,True,1806.0,1255.0,0.45179282868525894,283.0,1255.0,0.45179282868525894,0.39857635116355905,0.017710461967403127,-0.028749646086704533,0.017710461967403127,True,1814.0,1206.0,0.39800995024875624,335.0,1206.0,0.39800995024875624,0.35817329613312,-0.1508175840608362,0.02948226795051914,-0.1508175840608362,True,7631.0,5887.0,0.4046203499235604,1577.0,5887.0,0.4046203499235604,0.61795594244196,-0.23941993205681644,0.406227976511864,-0.23941993205681644,True,7631.0,5887.0,0.4046203499235604,1577.0,5887.0,0.4046203499235604,0.592017759757266,-0.24167454651114767,0.37718852070114617,-0.24167454651114767,7631.0,5887.0,0.4046203499235604,1577.0,5887.0,0.4046203499235604,0.6179700179465621,-0.239439834931313,0.4062593983395116,-0.239439834931313,4011.0,0.38966725043782835,0.8143889462216781,-0.5179302525042796,959.0,0.38966725043782835,0.6065519841641616,-0.5179302525042796,True,-0.301293939283391,0.61795594244196,-0.301293939283391,0.406227976511864,0.5767414761870081,-0.27355546848718215,0.2897765976779637,-0.27355546848718215,332886.69026176474
1560,0.0,0.0,,0.0,0.0,,,,,,True,0.0,0.0,,0.0,0.0,,,,,,True,0.0,0.0,,0.0,0.0,,,,,,True,0.0,0.0,,0.0,0.0,,,,,,True,0.0,0.0,,0.0,0.0,,,,,,0.0,0.0,,0.0,0.0,,,,,,0.0,,,,0.0,,,,True,,,,,,,,,61198.04483260869
1600,1905.0,1732.0,0.2748267898383372,510.0,1732.0,0.2748267898383372,1.6153917302881218,-0.9897078053000783,1.5770101921830204,-0.9897078053000783,True,1155.0,929.0,0.1969860064585576,267.0,929.0,0.1969860064585576,1.420222289858751,-1.1013815642737048,1.2713645922447803,-1.1013815642737048,True,1332.0,1060.0,0.09716981132075472,337.0,1060.0,0.09716981132075472,1.4456277780662734,-1.4940116144917575,1.4128182247903136,-1.4940116144917575,True,4392.0,3721.0,0.20478366030636924,1114.0,3721.0,0.20478366030636924,1.5316641642129536,-1.1252812934727612,1.4912365127817664,-1.1252812934727612,True,4392.0,3721.0,0.20478366030636924,1114.0,3721.0,0.20478366030636924,1.503895499265602,-1.128419384899504,1.453593377069929,-1.128419384899504,4392.0,3721.0,0.20478366030636924,1114.0,3721.0,0.20478366030636924,1.5318463399664906,-1.1253116563744885,1.4911166843449664,-1.1253116563744885,1905.0,0.2748267898383372,1.6153917302881218,-0.9897078053000783,510.0,0.2748267898383372,1.5770101921830204,-0.9897078053000783,True,-1.3722521833130223,1.5316641642129536,-1.3722521833130223,1.4912365127817664,1.5545606432515238,-1.3929337431954558,1.5261197175258574,-1.3929337431954558,30417.14326521739
1610,12188.0,11174.0,0.5175407195274745,2580.0,11174.0,0.5175407195274745,1.9464045819292186,0.0073883677772710885,1.8229119641988676,0.0073883677772710885,True,7463.251518833536,6502.0,0.44109504767763763,1681.0,6502.0,0.44109504767763763,1.7830637621750764,-0.029273371979755776,1.641727945305732,-0.029273371979755776,True,7297.0,6467.0,0.434359053657028,1729.0,6467.0,0.434359053657028,1.7200780706332837,0.011474252671733659,1.6783131313472064,0.011474252671733659,True,26948.251518833535,24143.0,0.4746717475044526,5990.0,24143.0,0.4746717475044526,1.8490631064661684,0.0711127661627822,1.7603603064543036,0.0711127661627822,True,26957.0,24143.0,0.4746717475044526,5990.0,24143.0,0.4746717475044526,1.8208194078966329,0.06916784857526022,1.7205831276477515,0.06916784857526022,26948.0,24143.0,0.4746717475044526,5990.0,24143.0,0.4746717475044526,1.849299041211775,0.07109652997996097,1.7602029621421889,0.07109652997996097,12188.0,0.5175407195274745,1.9464045819292186,0.0073883677772710885,2580.0,0.5175407195274745,1.8229119641988676,0.0073883677772710885,True,0.07412321703943907,1.8490631064661684,0.07412321703943907,1.7603603064543036,1.879919143275563,-0.02914920485101333,1.8244736520457772,-0.02914920485101333,98479.20258478262
1640,196.0,141.0,0.5886524822695035,44.0,141.0,0.5886524822695035,0.6629714257415686,0.29952350226121066,0.40015597724126933,0.29952350226121066,True,120.0,73.0,0.6027397260273972,27.0,73.0,0.6027397260273972,0.3963337169244348,0.6806576614388955,0.17033674398967666,0.6806576614388955,True,129.0,83.0,0.5542168674698795,24.0,83.0,0.5542168674698795,0.39137681045205996,0.5466166063071055,0.07044465289629849,0.5466166063071055,True,445.0,297.0,0.5824915824915825,95.0,297.0,0.5824915824915825,0.5510334486867867,0.5490701722442566,0.35195924985186516,0.5490701722442566,True,445.0,297.0,0.5824915824915825,95.0,297.0,0.5824915824915825,0.5252293355385955,0.5476019255901995,0.3233501231466023,0.5476019255901995,445.0,297.0,0.5824915824915825,95.0,297.0,0.5824915824915825,0.5510352120685563,0.5490595796617779,0.35199823674373504,0.5490595796617779,196.0,0.5886524822695035,0.6629714257415686,0.29952350226121066,44.0,0.5886524822695035,0.40015597724126933,0.29952350226121066,True,0.6519477465118676,0.5510334486867867,0.6519477465118676,0.35195924985186516,0.5362670312966737,0.5573131394395112,0.301163409746663,0.5573131394395112,22213.39295869565
1650,1196.0,1112.0,0.14838129496402877,322.0,1112.0,0.14838129496402877,0.6278800973537018,-1.5091601465955404,0.4605056870439791,-1.5091601465955404,True,534.0,404.0,0.11138613861386139,90.0,404.0,0.11138613861386139,0.1926498904014721,-1.4773296205901258,-0.2065990471431212,-1.4773296205901258,True,582.0,422.0,0.11611374407582939,123.0,422.0,0.11611374407582939,0.19612368264186694,-1.4094305559928089,-0.07182541191848546,-1.4094305559928089,True,2312.0,1938.0,0.13364293085655315,535.0,1938.0,0.13364293085655315,0.4353343652163296,-1.4406429198250628,0.27108796099789173,-1.4406429198250628,True,2627.0,2221.0,0.14768122467357048,594.0,2221.0,0.14768122467357048,0.4730505479486728,-1.3818027358436429,0.2981777606500955,-1.3818027358436429,2312.0,1938.0,0.13364293085655315,535.0,1938.0,0.13364293085655315,0.4353148427605972,-1.4406770064372292,0.2711382213529801,-1.4406770064372292,1196.0,0.14838129496402877,0.6278800973537018,-1.5091601465955404,322.0,0.14838129496402877,0.4605056870439791,-1.5091601465955404,True,-1.753507251321354,0.4353343652163296,-1.753507251321354,0.27108796099789173,0.39042987569063275,-1.702270442641096,0.14590400620200022,-1.702270442641096,145696.64685869566
1700,1260.0,1126.0,0.4271758436944938,391.0,1126.0,0.4271758436944938,1.6073617022319415,-0.36384072479716906,1.6492683324511839,-0.36384072479716906,True,1198.0,1039.0,0.397497593840231,417.0,1039.0,0.397497593840231,1.6477818713122387,-0.2207500464561109,1.7406471406961228,-0.2207500464561109,True,944.0,744.0,0.3521505376344086,293.0,744.0,0.3521505376344086,1.4730424390046435,-0.3555711434833112,1.560991099676044,-0.3555711434833112,True,3402.0,2909.0,0.3973874183568237,1101.0,2909.0,0.3973874183568237,1.6018795439146072,-0.2714829862287594,1.6955393374563554,-0.2714829862287594,True,3402.0,2909.0,0.3973874183568237,1101.0,2909.0,0.3973874183568237,1.573970212610045,-0.27376957743618074,1.6562761627792604,-0.27376957743618074,3402.0,2909.0,0.3973874183568237,1101.0,2909.0,0.3973874183568237,1.6020746376024755,-0.27150326769570204,1.6953910291917693,-0.27150326769570204,1260.0,0.4271758436944938,1.6073617022319415,-0.36384072479716906,391.0,0.4271758436944938,1.6492683324511839,-0.36384072479716906,True,-0.3400564293183163,1.6018795439146072,-0.3400564293183163,1.6955393374563554,1.6375359774539542,-0.3838597331500678,1.7594924584201321,-0.3838597331500678,20453.614436956523
1710,852.0,723.0,0.5518672199170125,218.0,723.0,0.5518672199170125,1.711440630451756,0.14840549941608328,1.660967382341202,0.14840549941608328,True,486.0,348.0,0.32471264367816094,168.0,348.0,0.32471264367816094,1.4919688029375524,-0.5404159668774265,1.5715325583859345,-0.5404159668774265,True,592.0,398.0,0.45226130653266333,158.0,398.0,0.45226130653266333,1.5454853482180613,0.0914044085329269,1.5539946287044417,0.0914044085329269,True,1930.0,1469.0,0.471068754254595,544.0,1469.0,0.471068754254595,1.6210447720038872,0.05514096182792512,1.6427117394315698,0.05514096182792512,True,1930.0,1469.0,0.471068754254595,544.0,1469.0,0.471068754254595,1.5930970459369258,0.05318011542585911,1.6038674662913353,0.05318011542585911,1930.0,1469.0,0.471068754254595,544.0,1469.0,0.471068754254595,1.6212433916309295,0.055124537054071984,1.6425707953377753,0.055124537054071984,852.0,0.5518672199170125,1.711440630451756,0.14840549941608328,218.0,0.5518672199170125,1.660967382341202,0.14840549941608328,True,0.054814173582455175,1.6210447720038872,0.054814173582455175,1.6427117394315698,1.6444942981345025,-0.13986197926906827,1.703861712713328,-0.13986197926906827,11164.221291304348
1720,3886.77,3737.0,0.3615199357773615,932.0,3737.0,0.3615199357773615,1.4451276194756784,-0.6335625928742832,1.3232652430995862,-0.6335625928742832,True,2734.24,2575.0,0.38990291262135923,695.0,2575.0,0.38990291262135923,1.3143190191007919,-0.25410530405718407,1.2118950384130596,-0.25410530405718407,True,2626.65,2480.0,0.3431451612903226,706.0,2480.0,0.3431451612903226,1.2450254695874134,-0.3957784369324579,1.2260168058405805,-0.3957784369324579,True,9247.66,8792.0,0.3646496815286624,2333.0,8792.0,0.3646496815286624,1.3733526111410457,-0.4166069680752692,1.3192174222848754,-0.4166069680752692,True,9280.0,8792.0,0.3646496815286624,2333.0,8792.0,0.3646496815286624,1.3476308504626127,-0.41903829264807985,1.2829383285524725,-0.41903829264807985,9247.0,8792.0,0.3646496815286624,2333.0,8792.0,0.3646496815286624,1.373470219912191,-0.41662896312953834,1.3191215733211006,-0.41662896312953834,3886.77,0.3615199357773615,1.4451276194756784,-0.6335625928742832,932.0,0.3615199357773615,1.3232652430995862,-0.6335625928742832,True,-0.5155034366429195,1.3733526111410457,-0.5155034366429195,1.3192174222848754,1.3943620150882758,-0.5148266009361019,1.3569334171051,-0.5148266009361019,88098.7402
1745,426.0,294.0,0.4931972789115646,50.0,294.0,0.4931972789115646,0.7575308382395967,-0.09261722938292263,0.15005578565859454,-0.09261722938292263,True,713.7484811664642,471.0,0.38004246284501064,88.0,471.0,0.38004246284501064,1.0270796080235143,-0.297411643437866,0.5043325727483412,-0.297411643437866,True,542.0,372.0,0.4220430107526882,65.0,372.0,0.4220430107526882,0.8368620289143744,-0.04351453760933794,0.30953216174634157,-0.04351453760933794,True,1681.7484811664642,1137.0,0.4230430958663149,203.0,1137.0,0.4230430958663149,0.9222869701230582,-0.15775325296434697,0.4461672143619768,-0.15775325296434697,True,1691.0,1137.0,0.4230430958663149,203.0,1137.0,0.4230430958663149,0.898457380669408,-0.15992642055403988,0.4168110565102425,-0.15992642055403988,1682.0,1137.0,0.4230430958663149,203.0,1137.0,0.4230430958663149,0.9224312962669047,-0.15777219153932176,0.44619306865712605,-0.15777219153932176,426.0,0.4931972789115646,0.7575308382395967,-0.09261722938292263,50.0,0.4931972789115646,0.15005578565859454,-0.09261722938292263,True,-0.2025633624165938,0.9222869701230582,-0.2025633624165938,0.4461672143619768,0.929662499622424,-0.19057907438864613,0.4104485768481367,-0.19057907438864613,39743.390488235294
1750,1003.0,884.0,0.48642533936651583,213.0,884.0,0.48642533936651583,1.1620556096024401,-0.12043712012148668,0.9354050306046116,-0.12043712012148668,True,1334.0,1181.0,0.4182895850973751,346.0,1181.0,0.4182895850973751,1.3428974698282428,-0.1294332150533661,1.2534544947010073,-0.1294332150533661,True,1313.0,1167.0,0.4284490145672665,321.0,1167.0,0.4284490145672665,1.286096340708766,-0.014912948362237718,1.2167474875158744,-0.014912948362237718,True,3650.0,3232.0,0.4405940594059406,880.0,3232.0,0.4405940594059406,1.2951354129067119,-0.07995112120787229,1.2115841186520258,-0.07995112120787229,True,3650.0,3232.0,0.4405940594059406,880.0,3232.0,0.4405940594059406,1.26784059910085,-0.08204669607842742,1.1761585135883303,-0.08204669607842742,3650.0,3232.0,0.4405940594059406,880.0,3232.0,0.4405940594059406,1.295274073081613,-0.07996914111492431,1.211503273778167,-0.07996914111492431,1003.0,0.48642533936651583,1.1620556096024401,-0.12043712012148668,213.0,0.48642533936651583,0.9354050306046116,-0.12043712012148668,True,-0.10850481326112053,1.2951354129067119,-0.10850481326112053,1.2115841186520258,1.3226501958304395,-0.12619518745739472,1.2366220773661778,-0.12619518745739472,40705.26353235294
1760,260.0,239.0,0.8242677824267782,53.0,239.0,0.8242677824267782,-0.5521543752835765,1.2674577053215141,-1.030669133370372,1.2674577053215141,True,168.0,135.0,0.6962962962962963,33.0,135.0,0.6962962962962963,-0.8882072919852191,1.0915509447327032,-1.2677102565384852,1.0915509447327032,True,187.0,164.0,0.8048780487804879,32.0,164.0,0.8048780487804879,-0.8670866621304354,1.6657711300249307,-1.3685546398571848,1.6657711300249307,True,615.0,538.0,0.7862453531598513,118.0,538.0,0.7862453531598513,-0.6700189217848552,1.4522956661392343,-1.0093989206201173,1.4522956661392343,True,615.0,538.0,0.7862453531598513,118.0,538.0,0.7862453531598513,-0.6933768331230282,1.4517282138526795,-1.0272130263297103,1.4517282138526795,615.0,538.0,0.7862453531598513,118.0,538.0,0.7862453531598513,-0.6702418025537542,1.4522957386152773,-1.0091701603058192,1.4522957386152773,260.0,0.8242677824267782,-0.5521543752835765,1.2674577053215141,53.0,0.8242677824267782,-1.030669133370372,1.2674577053215141,True,1.743898283059054,-0.6700189217848552,1.743898283059054,-1.0093989206201173,-0.7264963705794473,1.5103213781374425,-1.1564558252464594,1.5103213781374425,359116.7824021739
1800,2310.0,2159.0,0.3089393237610005,619.0,2159.0,0.3089393237610005,1.760243290212644,-0.8495696720177301,1.7417505873878247,-0.8495696720177301,True,1166.0,1066.0,0.29080675422138835,291.0,1066.0,0.29080675422138835,1.4804866184043224,-0.6893280336820119,1.3779381188951878,-0.6893280336820119,True,1493.0,1386.0,0.31096681096681095,364.0,1386.0,0.31096681096681095,1.560118355709834,-0.5394486540041225,1.5179887270453836,-0.5394486540041225,True,4969.0,4611.0,0.3053567555844719,1274.0,4611.0,0.3053567555844719,1.6452256808426484,-0.679448152043405,1.618294288376286,-0.679448152043405,True,4969.0,4611.0,0.3053567555844719,1274.0,4611.0,0.3053567555844719,1.617229511822379,-0.6821416103354989,1.579643635770691,-0.6821416103354989,4969.0,4611.0,0.3053567555844719,1274.0,4611.0,0.3053567555844719,1.6454287491730057,-0.6794732506599938,1.6181567480768448,-0.6794732506599938,2310.0,0.3089393237610005,1.760243290212644,-0.8495696720177301,619.0,0.3089393237610005,1.7417505873878247,-0.8495696720177301,True,-0.8332641440195822,1.6452256808426484,-0.8332641440195822,1.618294288376286,1.6619511055483631,-0.8180899032786376,1.6535076747806856,-0.8180899032786376,27377.139526086958
1821,860.0,647.0,0.16537867078825347,223.0,647.0,0.16537867078825347,1.5803911679968365,-1.4393330113816754,1.5197323834511216,-1.4393330113816754,True,904.0,717.0,0.18131101813110181,240.0,717.0,0.18131101813110181,1.6713345865839326,-1.1702249111487402,1.6147841776563088,-1.1702249111487402,True,872.0,666.0,0.15465465465465467,230.0,666.0,0.15465465465465467,1.6019855766685418,-1.2373527169075151,1.6096312633442422,-1.2373527169075151,True,2636.0,2030.0,0.16748768472906403,693.0,2030.0,0.16748768472906403,1.6372966547449967,-1.290611612762664,1.6231212518627829,-1.290611612762664,True,2636.0,2030.0,0.16748768472906403,693.0,2030.0,0.16748768472906403,1.609316370381652,-1.293914589504758,1.5844323233843773,-1.293914589504758,2636.0,2030.0,0.16748768472906403,693.0,2030.0,0.16748768472906403,1.6374982643260192,-1.2906439278430473,1.6229830386843003,-1.2906439278430473,860.0,0.16537867078825347,1.5803911679968365,-1.4393330113816754,223.0,0.16537867078825347,1.5197323834511216,-1.4393330113816754,True,-1.5721275544981481,1.6372966547449967,-1.5721275544981481,1.6231212518627829,1.6797135409091621,-1.492817072032307,1.6895331907508866,-1.492817072032307,14757.076547058825
1822,402.0,275.0,0.39636363636363636,92.0,275.0,0.39636363636363636,0.6233796065868563,-0.49042074454722134,0.36588071987123216,-0.49042074454722134,True,417.0,275.0,0.4690909090909091,89.0,275.0,0.4690909090909091,0.6303978942448059,0.09368230480141385,0.38919082168504276,0.09368230480141385,True,408.0,276.0,0.43478260869565216,79.0,276.0,0.43478260869565216,0.5748759824561117,0.013365345401135341,0.29626974010660473,0.013365345401135341,True,1227.0,826.0,0.43341404358353514,260.0,826.0,0.43341404358353514,0.6575027186747505,-0.1117796037733529,0.4617734696525226,-0.1117796037733529,True,1227.0,826.0,0.43341404358353514,260.0,826.0,0.43341404358353514,0.6314853097439589,-0.11390692145676584,0.4322935604933224,-0.11390692145676584,1227.0,826.0,0.43341404358353514,260.0,826.0,0.43341404358353514,0.6575240698312194,-0.11179799950308873,0.4617971484346129,-0.11179799950308873,402.0,0.39636363636363636,0.6233796065868563,-0.49042074454722134,92.0,0.39636363636363636,0.36588071987123216,-0.49042074454722134,True,-0.14698371897157034,0.6575027186747505,-0.14698371897157034,0.4617734696525226,0.6632686462938329,-0.17143853439486909,0.44002842535498393,-0.17143853439486909,49427.23511176471
1825,1825.0,1682.0,0.21759809750297265,556.0,1682.0,0.21759809750297265,0.8149236403940374,-1.2248097221570855,0.7406826834538994,-1.2248097221570855,True,2510.0,2242.0,0.19848349687778769,784.0,2242.0,0.19848349687778769,0.9854476616921712,-1.0948047011705584,0.9778419830093521,-1.0948047011705584,True,3438.0,3238.0,0.19518221124150711,1068.0,3238.0,0.19518221124150711,1.1032964046343774,-1.0564048810589233,1.1528605253255153,-1.0564048810589233,True,7773.0,7162.0,0.2014800335101927,2408.0,7162.0,0.2014800335101927,1.0186167898227063,-1.1399260283153834,1.0491141599482054,-1.1399260283153834,True,7773.0,7162.0,0.2014800335101927,2408.0,7162.0,0.2014800335101927,0.9918759410822661,-1.1430787250591252,1.014976876101817,-1.1430787250591252,7773.0,7162.0,0.2014800335101927,2408.0,7162.0,0.2014800335101927,1.0187045772482242,-1.1399565641384413,1.0490559633977443,-1.1399565641384413,1825.0,0.21759809750297265,0.8149236403940374,-1.2248097221570855,556.0,0.21759809750297265,0.7406826834538994,-1.2248097221570855,True,-1.389956871873166,1.0186167898227063,-1.389956871873166,1.0491141599482054,1.0244824722652819,-1.313166730266037,1.055861806438266,-1.313166730266037,151296.4736382353
1840,3332.0,3254.0,0.43239090350338044,771.0,3254.0,0.43239090350338044,1.8378381020202157,-0.3424166714497971,1.7488726625560997,-0.3424166714497971,True,876.0,728.0,0.4368131868131868,185.0,728.0,0.4368131868131868,1.2218303473921,-0.04807897659036353,1.0105997931526454,-0.04807897659036353,True,1216.0,1123.0,0.5325022261798753,312.0,1123.0,0.5325022261798753,1.3451900640849315,0.449664860912975,1.3099142540609277,0.449664860912975,True,5424.0,5105.0,0.45504407443682665,1268.0,5105.0,0.45504407443682665,1.5861233122680356,-0.015895266338264845,1.5061568825434255,-0.015895266338264845,True,5424.0,5105.0,0.45504407443682665,1268.0,5105.0,0.45504407443682665,1.5582455462945806,-0.017926957767019334,1.4683954343196175,-0.017926957767019334,5424.0,5105.0,0.45504407443682665,1268.0,5105.0,0.45504407443682665,1.5863155071897563,-0.015912529889959913,1.5060349742060564,-0.015912529889959913,3332.0,0.43239090350338044,1.8378381020202157,-0.3424166714497971,771.0,0.43239090350338044,1.7488726625560997,-0.3424166714497971,True,-0.031064765823764336,1.5861233122680356,-0.031064765823764336,1.5061568825434255,1.5288952167752194,-0.00260366566876878,1.4612197877795272,-0.00260366566876878,33661.85716956522
1860,8187.0,7368.0,0.38925081433224756,1944.0,7368.0,0.38925081433224756,2.0343040307847,-0.519641018951585,1.9858573982127332,-0.519641018951585,True,6833.0,5923.0,0.3440823906803984,1607.0,5923.0,0.3440823906803984,2.040629951666581,-0.45534552319352084,1.9389718013966681,-0.45534552319352084,True,7379.0,6220.0,0.3297427652733119,1622.0,6220.0,0.3297427652733119,2.027929700935777,-0.4556175873452563,1.9752473417948229,-0.4556175873452563,True,22399.0,19511.0,0.3565680897955,5173.0,19511.0,0.3565680897955,2.0446150636445735,-0.45243207040688443,1.9896125888304144,-0.45243207040688443,True,22399.0,19511.0,0.3565680897955,5173.0,19511.0,0.3565680897955,2.015818775763935,-0.45489912365499674,1.9480175319259203,-0.45489912365499674,22399.0,19511.0,0.3565680897955,5173.0,19511.0,0.3565680897955,2.0448916099770664,-0.45245448847491426,1.989423286734397,-0.45245448847491426,8187.0,0.38925081433224756,2.0343040307847,-0.519641018951585,1944.0,0.38925081433224756,1.9858573982127332,-0.519641018951585,True,-0.5588140384552879,2.0446150636445735,-0.5588140384552879,1.9896125888304144,2.0994392436036535,-0.5709689554667424,2.0806553423054126,-0.5709689554667424,55205.845558695655
1900,1664.0,1244.0,0.5458199356913184,426.0,1244.0,0.5458199356913184,1.523046720329292,0.12356257438630289,1.4476755074728054,0.12356257438630289,True,1120.0,744.0,0.5510752688172043,273.0,744.0,0.5510752688172043,1.3753121279651197,0.4537513266761555,1.2532438826921029,0.4537513266761555,True,1781.0,1429.0,0.7774667599720084,322.0,1429.0,0.7774667599720084,1.568638306446172,1.5433849363967622,1.3549798107092041,1.5433849363967622,True,4565.0,3417.0,0.6438396254023998,1021.0,3417.0,0.6438396254023998,1.523656668168357,0.8210215387189806,1.4159379889873092,0.8210215387189806,True,4565.0,3417.0,0.6438396254023998,1021.0,3417.0,0.6438396254023998,1.4959040450811183,0.8198245114456991,1.3788919401868631,0.8198245114456991,4565.0,3417.0,0.6438396254023998,1021.0,3417.0,0.6438396254023998,1.5238373707359836,0.8210141572695557,1.4158286571698957,0.8210141572695557,1664.0,0.5458199356913184,1.523046720329292,0.12356257438630289,426.0,0.5458199356913184,1.4476755074728054,0.12356257438630289,True,0.980722169448322,1.523656668168357,0.980722169448322,1.4159379889873092,1.549774323167411,0.783893077954345,1.4566561296395597,0.783893077954345,32129.307584782608
1910,1357.0,1261.0,0.3148295003965107,357.0,1261.0,0.3148295003965107,1.5945305809377237,-0.8253721626718966,1.5437330944265442,-0.8253721626718966,True,1230.0,1186.0,0.4173693086003373,402.0,1186.0,0.4173693086003373,1.6088190800915747,-0.13347499886736416,1.6642409226665396,-0.13347499886736416,True,1004.0,984.0,0.38922764227642276,278.0,984.0,0.38922764227642276,1.452719245395666,-0.1900289196355328,1.4726887994060338,-0.1900289196355328,True,3591.0,3431.0,0.3716117749927135,1037.0,3431.0,0.3716117749927135,1.5787929570913124,-0.38574451931181264,1.6104171169985162,-0.38574451931181264,True,3591.0,3431.0,0.3716117749927135,1037.0,3431.0,0.3716117749927135,1.5509298764241841,-0.38814506450538594,1.5718289271835766,-0.38814506450538594,3591.0,3431.0,0.3716117749927135,1037.0,3431.0,0.3716117749927135,1.5789838034046912,-0.38576614995008107,1.610280674777306,-0.38576614995008107,1357.0,0.3148295003965107,1.5945305809377237,-0.8253721626718966,357.0,0.3148295003965107,1.5437330944265442,-0.8253721626718966,True,-0.47819241330024254,1.5787929570913124,-0.47819241330024254,1.6104171169985162,1.6133040228870608,-0.4634865356436734,1.6680522875276134,-0.4634865356436734,22617.5712
1920,1585.0,1515.0,0.44686468646864685,422.0,1515.0,0.44686468646864685,1.2293842557507662,-0.28295674006842503,1.1363313508930009,-0.28295674006842503,True,1118.0,1023.0,0.41935483870967744,316.0,1023.0,0.41935483870967744,1.082634072827228,-0.12475470286505655,1.025273154390169,-0.12475470286505655,True,780.0,709.0,0.44710860366713684,186.0,709.0,0.44710860366713684,0.8478560950046535,0.06839856977011517,0.7180598852966212,0.06839856977011517,True,3483.0,3247.0,0.438250692947336,924.0,3247.0,0.438250692947336,1.1134828329368671,-0.09033909253232003,1.0682116688339078,-0.09033909253232003,True,3483.0,3247.0,0.438250692947336,924.0,3247.0,0.438250692947336,1.0865519338005658,-0.09244502741388246,1.0339229494477344,-0.09244502741388246,3483.0,3247.0,0.438250692947336,924.0,3247.0,0.438250692947336,1.1135880734235295,-0.09035723509791395,1.068150810089397,-0.09035723509791395,1585.0,0.44686468646864685,1.2293842557507662,-0.28295674006842503,422.0,0.44686468646864685,1.1363313508930009,-0.28295674006842503,True,-0.12106330606057909,1.1134828329368671,-0.12106330606057909,1.0682116688339078,1.1105700852661653,-0.15462906434451104,1.0586631712601642,-0.15462906434451104,56002.87304782608
1935,563.0,384.0,0.7291666666666666,62.0,384.0,0.7291666666666666,1.2130961948090326,0.8767716054291717,0.631448960658061,0.8767716054291717,True,381.0,229.0,0.834061135371179,28.0,229.0,0.834061135371179,1.0432792561156998,1.69660355501142,0.2333788620616245,1.69660355501142,True,396.0,226.0,0.8584070796460177,42.0,226.0,0.8584070796460177,1.0167522707757313,1.9047680769401147,0.4374806642705425,1.9047680769401147,True,1340.0,839.0,0.7926102502979738,132.0,839.0,0.7926102502979738,1.136479655530742,1.4805107874708108,0.5672185277863998,1.4805107874708108,True,1340.0,839.0,0.7926102502979738,132.0,839.0,0.7926102502979738,1.109502685586657,1.4799714743616217,0.5369024818623611,1.4799714743616217,1340.0,839.0,0.7926102502979738,132.0,839.0,0.7926102502979738,1.1365891268774433,1.4805111931038806,0.5672275075201468,1.4805111931038806,563.0,0.7291666666666666,1.2130961948090326,0.8767716054291717,62.0,0.7291666666666666,0.631448960658061,0.8767716054291717,True,1.7780088314049594,1.136479655530742,1.7780088314049594,0.5672185277863998,1.148624146529084,1.6832846373566392,0.5249461472505359,1.6832846373566392,20570.52362173913
1970,6684.0,6271.0,0.5461648859830968,1351.0,6271.0,0.5461648859830968,1.197977605338279,0.12497966905521896,0.9489065734926336,0.12497966905521896,True,4674.0,4226.0,0.49526739233317557,1023.0,4226.0,0.49526739233317557,1.0441556267170509,0.20864741215396201,0.8420531652550514,0.20864741215396201,True,5432.0,5048.0,0.4922741679873217,1410.0,5048.0,0.4922741679873217,1.0758993136997397,0.2700542284601114,1.0190002588220075,0.2700542284601114,True,16790.0,15545.0,0.5148279189449984,3784.0,15545.0,0.5148279189449984,1.1478053330037814,0.24912212355214589,1.018379349232085,0.24912212355214589,True,16790.0,15545.0,0.5148279189449984,3784.0,15545.0,0.5148279189449984,1.1208056737030363,0.24735473619110981,0.9844857800334468,0.24735473619110981,16790.0,15545.0,0.5148279189449984,3784.0,15545.0,0.5148279189449984,1.1479168880016497,0.2491079892588603,1.018325437116348,0.2491079892588603,6684.0,0.5461648859830968,1.197977605338279,0.12497966905521896,1351.0,0.5461648859830968,0.9489065734926336,0.12497966905521896,True,0.2893268562475422,1.1478053330037814,0.2893268562475422,1.018379349232085,1.1637125453128165,0.20513382492380158,1.0350778655513597,0.20513382492380158,251932.5019478261
1980,167.0,113.0,0.37168141592920356,27.0,113.0,0.37168141592920356,-0.02551550100728424,-0.5918180873768857,-0.561281437919436,-0.5918180873768857,True,165.0,101.0,0.43564356435643564,0.0,101.0,0.43564356435643564,-0.09624141653106713,-0.053215868741148385,,-0.053215868741148385,True,131.0,96.0,0.5208333333333334,0.0,96.0,0.5208333333333334,-0.25631586591294103,0.3975654726163744,,0.3975654726163744,True,463.0,310.0,0.43870967741935485,27.0,310.0,0.43870967741935485,-0.05315545366369228,-0.08830444809325186,-0.9820704072563922,-0.08830444809325186,True,463.0,310.0,0.43870967741935485,27.0,310.0,0.43870967741935485,-0.07774916173650433,-0.09040835380683468,-1.0001012170501422,-0.09040835380683468,463.0,310.0,0.43870967741935485,27.0,310.0,0.43870967741935485,-0.053264846450236325,-0.0883225666342781,-0.9818454565387331,-0.0883225666342781,167.0,0.37168141592920356,-0.02551550100728424,-0.5918180873768857,27.0,0.37168141592920356,-0.561281437919436,-0.5918180873768857,True,-0.11860353150600748,-0.05315545366369228,-0.11860353150600748,-0.9820704072563922,-0.07820995027315356,-0.11958939645544202,-0.485453967540698,-0.11958939645544202,78045.02803529412
2001,5240.0,4699.0,0.2728240051074697,1424.0,4699.0,0.2728240051074697,1.3998545238788411,-0.9979354706557644,1.3408912663130366,-0.9979354706557644,True,6725.0,6040.0,0.22317880794701986,1837.0,6040.0,0.22317880794701986,1.5810878714182184,-0.9863447884350449,1.5349330524776055,-0.9863447884350449,True,6932.0,6270.0,0.22838915470494417,2037.0,6270.0,0.22838915470494417,1.5469207190968997,-0.9081421911536364,1.6110824250175533,-0.9081421911536364,True,18897.0,17009.0,0.23881474513492856,5298.0,17009.0,0.23881474513492856,1.5335827566558808,-0.9744239949734788,1.5464188869298499,-0.9744239949734788,True,18897.0,17009.0,0.23881474513492856,5298.0,17009.0,0.23881474513492856,1.5058102480860767,-0.9774116351500042,1.508338177256626,-0.9774116351500042,18897.0,17009.0,0.23881474513492856,5298.0,17009.0,0.23881474513492856,1.5337652853840977,-0.9744525765903245,1.5462913660663051,-0.9744525765903245,5240.0,0.2728240051074697,1.3998545238788411,-0.9979354706557644,1424.0,0.2728240051074697,1.3408912663130366,-0.9979354706557644,True,-1.189873907730929,1.5335827566558808,-1.189873907730929,1.5464188869298499,1.5702257978349865,-1.128669090031802,1.6024926289464005,-1.128669090031802,130367.90355588237
2002,1322.9043634190077,1175.0,0.35319148936170214,294.0,1175.0,0.35319148936170214,0.2226778345330425,-0.6677767892303377,-0.10459014666331688,-0.6677767892303377,True,1371.1629822802383,1227.6551105797967,0.30542970893441496,348.0,1227.6551105797967,0.30542970893441496,0.19704992117095194,-0.6251051377782535,0.02604412743791903,-0.6251051377782535,True,1538.702928870293,1368.0101613867305,0.3245664205714995,433.0,1368.0101613867305,0.3245664205714995,0.2157370298236892,-0.47872898241275824,0.11497324546853811,-0.47872898241275824,True,4232.770274569539,3770.665271966527,0.3272559125460126,1075.0,3770.665271966527,0.3272559125460126,0.2715471754655165,-0.582370798345373,0.14544824858159278,-0.582370798345373,True,4329.0,3827.0,0.3334204337601254,1075.0,3827.0,0.3334204337601254,0.2574414906647885,-0.5576133176775127,0.11847667079101153,-0.5576133176775127,4233.388888888889,3771.0,0.3272930846518754,1075.0,3771.0,0.3272930846518754,0.271570088563969,-0.5822299675374439,0.14551602312121778,-0.5822299675374439,1322.9043634190077,0.35319148936170214,0.2226778345330425,-0.6677767892303377,294.0,0.35319148936170214,-0.10459014666331688,-0.6677767892303377,True,-0.7159028990440582,0.2715471754655165,-0.7159028990440582,0.14544824858159278,0.2623472024383971,-0.7010668782763324,0.09662025218906688,-0.7010668782763324,370986.36385294114
2003,746.0,591.0,0.33671742808798644,213.0,591.0,0.33671742808798644,1.0111247498416738,-0.7354540893016687,0.92738939076983,-0.7354540893016687,True,1256.0,1113.0,0.23809523809523808,337.0,1113.0,0.23809523809523808,1.3036244174764051,-0.9208329709217686,1.230675638378531,-0.9208329709217686,True,1282.0,1103.0,0.23300090661831369,387.0,1103.0,0.23300090661831369,1.2660368090992602,-0.8875515955571198,1.3161895829036332,-0.8875515955571198,True,3284.0,2807.0,0.256857855361596,937.0,2807.0,0.256857855361596,1.2354517952432316,-0.8944402131154423,1.2371617468819278,-0.8944402131154423,True,3284.0,2807.0,0.256857855361596,937.0,2807.0,0.256857855361596,1.2082765489326608,-0.8973480847948689,1.2015333215467194,-0.8973480847948689,3284.0,2807.0,0.256857855361596,937.0,2807.0,0.256857855361596,1.2355794750736993,-0.8944678503039917,1.2370773364849377,-0.8944678503039917,746.0,0.33671742808798644,1.0111247498416738,-0.7354540893016687,213.0,0.33671742808798644,0.92738939076983,-0.7354540893016687,True,-1.0931778621639165,1.2354517952432316,-1.0931778621639165,1.2371617468819278,1.2519999092451453,-0.9956804509378376,1.2598498044018656,-0.9956804509378376,41301.765558823536
2004,5240.0,4699.0,0.2728240051074697,1424.0,4699.0,0.2728240051074697,1.2405892079387832,-0.9979354706557644,1.1603208530808409,-0.9979354706557644,True,6725.0,6040.0,0.22317880794701986,1837.0,6040.0,0.22317880794701986,1.4090146854623484,-0.9863447884350449,1.3524273722847429,-0.9863447884350449,True,6932.0,6270.0,0.22838915470494417,2037.0,6270.0,0.22838915470494417,1.375906529713745,-0.9081421911536364,1.422087604373791,-0.9081421911536364,True,18897.0,17009.0,0.23881474513492856,5298.0,17009.0,0.23881474513492856,1.3708738721742755,-0.9744239949734788,1.3725594817002877,-0.9744239949734788,True,18897.0,17009.0,0.23881474513492856,5298.0,17009.0,0.23881474513492856,1.3434273273201565,-0.9774116351500042,1.3358574069597775,-0.9774116351500042,18897.0,17009.0,0.23881474513492856,5298.0,17009.0,0.23881474513492856,1.3710264663967788,-0.9744525765903245,1.3724561968497682,-0.9744525765903245,5240.0,0.2728240051074697,1.2405892079387832,-0.9979354706557644,1424.0,0.2728240051074697,1.1603208530808409,-0.9979354706557644,True,-1.189873907730929,1.3708738721742755,-1.189873907730929,1.3725594817002877,1.4014310659620157,-1.128669090031802,1.4156929063038717,-1.128669090031802,180925.15942647055
2005,0.0,0.0,,0.0,0.0,,,,,,True,17.0,0.0,,0.0,0.0,,-0.5757072523957827,,,,True,42.0,0.0,,0.0,0.0,,-0.14045235639289,,,,True,59.0,0.0,,0.0,0.0,,-0.4010047944944328,,,,True,59.0,0.0,,0.0,0.0,,-0.424901636726163,,,,59.0,0.0,,0.0,0.0,,-0.401178183159959,,,,0.0,,,,0.0,,,,True,,-0.4010047944944328,,,-0.31212779652829087,,,,20039.859042424243
2011,80.0,53.0,0.0,16.0,53.0,0.0,-0.26414953439206273,-2.1187272264676604,-0.7146328344424308,-2.1187272264676604,True,113.0,39.0,0.38461538461538464,0.0,39.0,0.38461538461538464,-0.1664057222767358,-0.27732772164515646,,-0.27732772164515646,True,115.0,48.0,0.0,17.0,48.0,0.0,-0.19648303399258607,-1.9278563500021768,-0.7118393933643701,-1.9278563500021768,True,308.0,140.0,0.10714285714285714,33.0,140.0,0.10714285714285714,-0.13393395553975165,-1.5581157994179307,-0.7456782413152956,-1.5581157994179307,True,308.0,140.0,0.10714285714285714,33.0,140.0,0.10714285714285714,-0.15836583556793735,-1.5616855603310327,-0.7655835456027771,-1.5616855603310327,308.0,140.0,0.10714285714285714,33.0,140.0,0.10714285714285714,-0.134058209620033,-1.5581512731201914,-0.7454862436817983,-1.5581512731201914,80.0,0.0,-0.26414953439206273,-2.1187272264676604,16.0,0.0,-0.7146328344424308,-2.1187272264676604,True,-1.8955255787137941,-0.13393395553975165,-1.8955255787137941,-0.7456782413152956,-0.1618644558917951,-1.6747981894905908,-0.639700952509561,-1.6747981894905908,61090.72910882353
2012,206.0,135.0,0.17037037037037037,40.0,135.0,0.17037037037037037,0.06015393195389792,-1.4188265470149402,-0.3632333886974816,-1.4188265470149402,True,278.0,182.0,0.14285714285714285,63.0,182.0,0.14285714285714285,0.1600266090929286,-1.3391113829515664,-0.07630518689829485,-1.3391113829515664,True,284.0,178.0,0.10674157303370786,75.0,178.0,0.10674157303370786,0.1299278589028926,-1.451275518040802,-0.01649445521644364,-1.451275518040802,True,768.0,495.0,0.13737373737373737,178.0,495.0,0.13737373737373737,0.1814147794319742,-1.4241045286676466,0.0006134579357489561,-1.4241045286676466,True,768.0,495.0,0.13737373737373737,178.0,495.0,0.13737373737373737,0.1563511438256254,-1.4275406390154248,-0.02520963840458818,-1.4275406390154248,768.0,495.0,0.13737373737373737,178.0,495.0,0.13737373737373737,0.18134854190400893,-1.4241384199986669,0.0007014224551336917,-1.4241384199986669,206.0,0.17037037037037037,0.06015393195389792,-1.4188265470149402,40.0,0.17037037037037037,-0.3632333886974816,-1.4188265470149402,True,-1.7335132351869207,0.1814147794319742,-1.7335132351869207,0.0006134579357489561,0.16646505543679269,-1.631039669343996,-0.07000949968904478,-1.631039669343996,80711.80383529411
2013,138.0,100.0,0.23,35.0,100.0,0.23,0.5118417753173914,-1.1738613092064882,0.29604039402803745,-1.1738613092064882,True,250.0,162.0,0.25925925925925924,60.0,162.0,0.25925925925925924,0.8026479213180846,-0.8278822126929247,0.6372259258562399,-0.8278822126929247,True,303.0,160.0,0.2375,75.0,160.0,0.2375,0.8577840213668737,-0.8674639988881175,0.7505436842638799,-0.8674639988881175,True,691.0,422.0,0.24407582938388625,170.0,422.0,0.24407582938388625,0.7893176944946403,-0.9511019950732927,0.6818288666933797,-0.9511019950732927,True,691.0,422.0,0.24407582938388625,170.0,422.0,0.24407582938388625,0.763036213325642,-0.9540663760235331,0.650604007026083,-0.9540663760235331,691.0,422.0,0.24407582938388625,170.0,422.0,0.24407582938388625,0.7893632964236432,-0.9511303013098535,0.6818218697380145,-0.9511303013098535,138.0,0.23,0.5118417753173914,-1.1738613092064882,35.0,0.23,0.29604039402803745,-1.1738613092064882,True,-1.1616788772800695,0.7893176944946403,-1.1616788772800695,0.6818288666933797,0.7787279369310387,-1.119812333280141,0.6540316972708754,-1.119812333280141,21344.978255882357
2015,0.0,0.0,,0.0,0.0,,,,,,True,0.0,0.0,,0.0,0.0,,,,,,True,0.0,0.0,,0.0,0.0,,,,,,True,0.0,0.0,,0.0,0.0,,,,,,True,0.0,0.0,,0.0,0.0,,,,,,0.0,0.0,,0.0,0.0,,,,,,0.0,,,,0.0,,,,True,,,,,,,,,91800.8260673913
2016,122.0,23.0,0.0,18.0,23.0,0.0,-0.6889250775922288,-2.1187272264676604,-1.363846944425877,-2.1187272264676604,True,165.0,70.0,0.3142857142857143,21.0,70.0,0.3142857142857143,-0.648147821048216,-0.5862102412979304,-1.2547681113901268,-0.5862102412979304,True,209.0,100.0,0.48,48.0,100.0,0.48,-0.5610617175860485,0.21525240172307977,-0.8606686855093987,0.21525240172307977,True,496.0,193.0,0.3626943005181347,87.0,193.0,0.3626943005181347,-0.5408445653215441,-0.42527502841689685,-0.9189746808681578,-0.42527502841689685,True,496.0,193.0,0.3626943005181347,87.0,193.0,0.3626943005181347,-0.5644612587989848,-0.42771499771905325,-0.9375058143135901,-0.42771499771905325,496.0,193.0,0.3626943005181347,87.0,193.0,0.3626943005181347,-0.5410436811281061,-0.42529712582143336,-0.9187585256990891,-0.42529712582143336,122.0,0.0,-0.6889250775922288,-2.1187272264676604,18.0,0.0,-1.363846944425877,-2.1187272264676604,True,-0.5259826505322965,-0.5408445653215441,-0.5259826505322965,-0.9189746808681578,-0.5889635183297529,-0.9750202472344733,-1.0929621309741826,-0.9750202472344733,223279.0816108696
2025,364.0,293.0,0.590443686006826,40.0,293.0,0.590443686006826,0.24359572919063466,0.30688196905367504,-0.46891579423794283,0.30688196905367504,True,444.0,293.0,0.5324232081911263,19.0,293.0,0.5324232081911263,0.30515078728540224,0.37183290652868184,-0.8506620273415268,0.37183290652868184,True,402.0,279.0,0.45878136200716846,19.0,279.0,0.45878136200716846,0.2111612051757081,0.12051521676031464,-0.91893218408756,0.12051521676031464,True,1210.0,865.0,0.5283236994219653,78.0,865.0,0.5283236994219653,0.3118803549084658,0.30894792675974775,-0.5388492892963574,0.30894792675974775,True,1210.0,865.0,0.5283236994219653,78.0,865.0,0.5283236994219653,0.2865553503923196,0.30724020417447917,-0.5603946637196672,0.30724020417447917,1210.0,865.0,0.5283236994219653,78.0,865.0,0.5283236994219653,0.3118381198959561,0.3089344988744374,-0.5386861236329715,0.3089344988744374,364.0,0.590443686006826,0.24359572919063466,0.30688196905367504,40.0,0.590443686006826,-0.46891579423794283,0.30688196905367504,True,0.36165300110667203,0.3118803549084658,0.36165300110667203,-0.5388492892963574,0.3041610762390188,0.27973788540289,-0.6731316639515607,0.27973788540289,97777.17729782609
2040,1490.0,1283.0,0.4201091192517537,334.0,1283.0,0.4201091192517537,0.22063609630083636,-0.392871625112915,-0.10215844058124969,-0.392871625112915,True,2364.0,2161.0,0.3655714946783896,498.0,2161.0,0.3655714946783896,0.4183865639693477,-0.36096702608318,0.1570523829639605,-0.36096702608318,True,2109.0,1956.0,0.35429447852760737,471.0,1956.0,0.35429447852760737,0.3159933945520809,-0.3459988549595697,0.09246645828689155,-0.3459988549595697,True,5963.0,5400.0,0.37444444444444447,1303.0,5400.0,0.37444444444444447,0.3805595353652957,-0.37318750377198,0.18215976762971442,-0.37318750377198,True,5963.0,5400.0,0.37444444444444447,1303.0,5400.0,0.37444444444444447,0.3550969420449288,-0.3755755257485412,0.15489708230585997,-0.3755755257485412,5963.0,5400.0,0.37444444444444447,1303.0,5400.0,0.37444444444444447,0.380529935663552,-0.3732089861401803,0.1822224245810637,-0.3732089861401803,1490.0,0.4201091192517537,0.22063609630083636,-0.392871625112915,334.0,0.4201091192517537,-0.10215844058124969,-0.392871625112915,True,-0.4630116639205689,0.3805595353652957,-0.4630116639205689,0.18215976762971442,0.3697191181395131,-0.44477776759858634,0.134155803667396,-0.44477776759858634,419604.7311391304
2050,833.0,688.0,0.29069767441860467,209.0,688.0,0.29069767441860467,0.8451850707803867,-0.9245084230536409,0.6680281880997978,-0.9245084230536409,True,610.0,515.0,0.4349514563106796,139.0,515.0,0.4349514563106796,0.6872111959026954,-0.056255554211633134,0.48590532769551803,-0.056255554211633134,True,657.0,580.0,0.36379310344827587,144.0,580.0,0.36379310344827587,0.6814578952991487,-0.30358930038281917,0.4855378157315438,-0.30358930038281917,True,2100.0,1783.0,0.35614133482894,492.0,1783.0,0.35614133482894,0.7891682917833992,-0.4543238438164221,0.6557420007132018,-0.4543238438164221,True,2100.0,1783.0,0.35614133482894,492.0,1783.0,0.35614133482894,0.7628871099211232,-0.4567927837460369,0.6247239993673044,-0.4567927837460369,2100.0,1783.0,0.35614133482894,492.0,1783.0,0.35614133482894,0.7892138662259109,-0.45434628422203455,0.6557386402687452,-0.45434628422203455,833.0,0.29069767441860467,0.8451850707803867,-0.9245084230536409,209.0,0.29069767441860467,0.6680281880997978,-0.9245084230536409,True,-0.5611010896994488,0.7891682917833992,-0.5611010896994488,0.6557420007132018,0.7926993160329852,-0.515172610192719,0.6390291830341558,-0.515172610192719,64888.48775217392
2100,4886.0,4592.0,0.3708623693379791,848.0,4592.0,0.3708623693379791,0.27256608120372516,-0.5951828230668723,-0.18425573392626174,-0.5951828230668723,True,3923.0,3637.0,0.3667858124828155,663.0,3637.0,0.3667858124828155,0.11687842891955003,-0.3556338353923649,-0.2854333896446094,-0.3556338353923649,True,4005.0,3654.0,0.34537493158182814,800.0,3654.0,0.34537493158182814,0.08669758127873212,-0.38582293646149424,-0.2252826604447725,-0.38582293646149424,True,12814.0,11883.0,0.361777328957334,2311.0,11883.0,0.361777328957334,0.22378211565157627,-0.4293398959684296,-0.08719444524841023,-0.4293398959684296,True,12814.0,11883.0,0.361777328957334,2311.0,11883.0,0.361777328957334,0.19863360321516488,-0.43178391919711906,-0.11232126034622167,-0.43178391919711906,12814.0,11883.0,0.361777328957334,2311.0,11883.0,0.361777328957334,0.22372367269040544,-0.42936204136989553,-0.08709424030129313,-0.42936204136989553,4886.0,0.3708623693379791,0.27256608120372516,-0.5951828230668723,848.0,0.3708623693379791,-0.18425573392626174,-0.5951828230668723,True,-0.530896854497852,0.22378211565157627,-0.530896854497852,-0.08719444524841023,0.20881343641487135,-0.5351204284440455,-0.1508572525583206,-0.5351204284440455,1236516.9330326088
2105,200.0,140.0,0.7428571428571429,0.0,140.0,0.7428571428571429,0.7594362603385172,0.9330136243137654,,0.9330136243137654,True,266.0,228.0,0.5263157894736842,0.0,228.0,0.5263157894736842,0.9078961601559781,0.3450095917999878,,0.3450095917999878,True,210.0,154.0,0.5064935064935064,15.0,154.0,0.5064935064935064,0.7386984857129322,0.3335408717858373,-0.09778122923066554,0.3335408717858373,True,676.0,522.0,0.578544061302682,15.0,522.0,0.578544061302682,0.8471425730150278,0.5315711008709443,-0.5326785288320366,0.5315711008709443,True,676.0,522.0,0.578544061302682,15.0,522.0,0.578544061302682,0.8207452480657615,0.5300854022461045,-0.5542728348959803,0.5300854022461045,676.0,522.0,0.578544061302682,15.0,522.0,0.578544061302682,0.8471988133253457,0.5315603016638502,-0.5325162233730831,0.5315603016638502,200.0,0.7428571428571429,0.7594362603385172,0.9330136243137654,0.0,0.7428571428571429,,0.9330136243137654,True,0.6307923202043505,0.8471425730150278,0.6307923202043505,-0.5326785288320366,0.8572723193767483,0.5896524433215271,-0.014961636457538686,0.5896524433215271,18585.85394347826
2145,63.0,46.0,0.6739130434782609,0.0,46.0,0.6739130434782609,-1.332644694281967,0.6497834951860577,,0.6497834951860577,True,156.0,132.0,0.5681818181818182,47.0,132.0,0.5681818181818182,-1.0260816611713497,0.5288819798633263,-1.1757350771315978,0.5288819798633263,True,154.0,116.0,0.603448275862069,25.0,116.0,0.603448275862069,-1.0667566285228398,0.7664254858593168,-1.6196120866454098,0.7664254858593168,True,373.0,294.0,0.5986394557823129,72.0,294.0,0.5986394557823129,-1.011860020624738,0.6206525080240425,-1.3714700721495787,0.6206525080240425,True,373.0,294.0,0.5986394557823129,72.0,294.0,0.5986394557823129,-1.0345331027656197,0.6192556510343814,-1.3864130997201016,0.6192556510343814,373.0,294.0,0.5986394557823129,72.0,294.0,0.5986394557823129,-1.0121457919011774,0.6206427606677065,-1.3711908390918992,0.6206427606677065,63.0,0.6739130434782609,-1.332644694281967,0.6497834951860577,0.0,0.6739130434782609,,0.6497834951860577,True,0.7384869003448379,-1.011860020624738,0.7384869003448379,-1.3714700721495787,-1.1021654234583917,0.7168966974927918,-1.3344634871456502,0.7168966974927918,433602.8788521739
2170,19.0,0.0,,0.0,0.0,,-1.2257412840179631,,,,True,30.0,0.0,,0.0,0.0,,-1.1468373217986927,,,,True,22.0,0.0,,0.0,0.0,,-1.341882525522196,,,,True,71.0,0.0,,0.0,0.0,,-1.1311280475589334,,,,True,71.0,0.0,,0.0,0.0,,-1.1535621934588978,,,,71.0,0.0,,0.0,0.0,,-1.1314357612722907,,,,19.0,,-1.2257412840179631,,0.0,,,,True,,-1.1311280475589334,,,-1.1992645128989923,,,,104947.09389411764
2205,47258.0,45677.0,0.3418788449328984,9189.0,45677.0,0.3418788449328984,1.3879062022971893,-0.7142504072949948,1.1428951646273209,-0.7142504072949948,True,62589.0,60950.0,0.32789171452009847,14095.0,60950.0,0.32789171452009847,1.5846954832490723,-0.52645373149072,1.431239893977465,-0.52645373149072,True,50048.0,48345.0,0.30913227841555485,12230.0,48345.0,0.30913227841555485,1.41800241447505,-0.5476394930997929,1.3622559784652177,-0.5476394930997929,True,159895.0,154972.0,0.32616214541981775,35514.0,154972.0,0.32616214541981775,1.4897072891561383,-0.587219387647663,1.3759726880946102,-0.587219387647663,True,1007794.0,971957.0,0.3254176882310637,239480.0,971957.0,0.3254176882310637,2.3742175887832344,-0.5931242806764739,2.3437106502772456,-0.5931242806764739,159895.0,154972.0,0.32616214541981775,35514.0,154972.0,0.32616214541981775,1.489881745857823,-0.5872433972502942,1.375868927442885,-0.5872433972502942,47258.0,0.3418788449328984,1.3879062022971893,-0.7142504072949948,9189.0,0.3418788449328984,1.1428951646273209,-0.7142504072949948,True,-0.7217645800151096,1.4897072891561383,-0.7217645800151096,1.3759726880946102,1.5241056138877527,-0.707450600136575,1.4162191290962878,-0.707450600136575,1205014.8881739131
2300,245.69912741434092,156.08791466372122,0.4614474645255427,15.194206621909078,156.08791466372122,0.4614474645255427,-0.8412199642581586,-0.22304904456866423,-2.015620224650249,-0.22304904456866423,True,608.429098267273,417.3297495751541,0.4420050151412019,52.800788791654156,417.3297495751541,0.4420050151412019,-0.49511033927251125,-0.025276864650342165,-1.30570283829672,-0.025276864650342165,True,394.24743197999373,236.82189849306616,0.4539293928800892,25.654606874867913,236.82189849306616,0.4539293928800892,-0.7587406917927008,0.09885209697001403,-1.8064094626921023,0.09885209697001403,True,1248.3756576616079,810.2395627319415,0.44923582121918987,93.64960228843114,810.2395627319415,0.44923582121918987,-0.5857484266768023,-0.041642826071568356,-1.4175530138872536,-0.041642826071568356,True,4946.0,3953.0,0.394636984568682,711.0,3953.0,0.394636984568682,0.07288146262482798,-0.2859742079754255,-0.36526042364788586,-0.2859742079754255,1217.607575757576,788.3707070707071,0.4516385282522322,90.06363636363636,788.3707070707071,0.4516385282522322,-0.5983479662253185,-0.031009244148661266,-1.4379774291148126,-0.031009244148661266,245.69912741434092,0.4614474645255427,-0.8412199642581586,-0.22304904456866423,15.194206621909078,0.4614474645255427,-2.015620224650249,-0.22304904456866423,True,-0.06219216629639821,-0.5857484266768023,-0.06219216629639821,-1.4175530138872536,-0.6551357990456208,-0.08220332694984227,-1.6507342719310987,-0.08220332694984227,615164.04265
2310,2363.499537477169,2226.724097333341,0.282966570118926,374.74825710579216,2226.724097333341,0.282966570118926,-0.5724086884051842,-0.9562686706865002,-1.1920702962867245,-0.9562686706865002,True,2643.3681546284483,2448.91528711529,0.38614696366144635,518.9664742450905,2448.91528711529,0.38614696366144635,-0.6220294501136064,-0.270601143906666,-0.9856804822202088,-0.270601143906666,True,1955.1843667946,1809.9086437458193,0.32818684401821935,414.3645177126118,1809.9086437458193,0.32818684401821935,-0.8158243653513313,-0.4625644799677235,-1.1885605159371817,-0.4625644799677235,True,6962.052058900218,6485.548028194451,0.3345465763459194,1308.0792490634947,6485.548028194451,0.3345465763459194,-0.5817876363956207,-0.5500518214258525,-0.9262494368154439,-0.5500518214258525,True,30952.0,29340.0,0.35947511929107023,5765.0,29340.0,0.35947511929107023,0.13392815971440544,-0.44199962354229133,-0.16409012701434297,-0.44199962354229133,6854.835173160173,6379.619155844155,0.3350272422082219,1286.8835497835498,6379.619155844155,0.3350272422082219,-0.5897011177946454,-0.5479446105547302,-0.9346976356259056,-0.5479446105547302,2363.499537477169,0.282966570118926,-0.5724086884051842,-0.9562686706865002,374.74825710579216,0.282966570118926,-1.1920702962867245,-0.9562686706865002,True,-0.6768310123153717,-0.5817876363956207,-0.6768310123153717,-0.9262494368154439,-0.6266394322023318,-0.6697155752346946,-1.054736567544044,-0.6697155752346946,3403441.167691305
2320,1966.8637631853194,1920.7909489356407,0.2458148474930332,327.57785426946,1920.7909489356407,0.2458148474930332,-0.05706733333239493,-1.108892133628878,-0.5806968271362233,-1.108892133628878,True,1591.523393979462,1522.8302711286826,0.35812584564321875,289.21589831870773,1522.8302711286826,0.35812584564321875,-0.23518458701495482,-0.39366774576028585,-0.6184314876767973,-0.39366774576028585,True,1201.226020744736,1162.6702463725383,0.30354996383824373,279.0706043969862,1162.6702463725383,0.30354996383824373,-0.4208087164285791,-0.5725634664862908,-0.6990373446019564,-0.5725634664862908,True,4759.613177909518,4606.291466436863,0.2975175005805584,895.8643569851539,4606.291466436863,0.2975175005805584,-0.15291470660382003,-0.7141989934607467,-0.4670403936847364,-0.7141989934607467,True,23379.0,22434.0,0.32753855754658107,4382.0,22434.0,0.32753855754658107,0.6113462721954316,-0.5837132464863365,0.34633187079896294,-0.5837132464863365,4644.751226551226,4491.690548340549,0.2993757062805294,873.5334776334777,4491.690548340549,0.2993757062805294,-0.16517306146048014,-0.7059871158124575,-0.48027673132514753,-0.7059871158124575,1966.8637631853194,0.2458148474930332,-0.05706733333239493,-1.108892133628878,327.57785426946,0.2458148474930332,-0.5806968271362233,-1.108892133628878,True,-0.8752760227670443,-0.15291470660382003,-0.8752760227670443,-0.4670403936847364,-0.19076868811660413,-0.8168602872447639,-0.557972129437647,-0.8168602872447639,980843.0267717392
2330,4250.7364758131125,4082.828761310973,0.2808186098965153,674.7057427464265,4082.828761310973,0.2808186098965153,0.820697512810703,-0.9650927333203637,0.3879846285628395,-0.9650927333203637,True,3612.3910046339024,3444.1967565093328,0.3448976190084049,676.4679734205336,3444.1967565093328,0.3448976190084049,0.7389103067827167,-0.4517651028834782,0.4314463827348004,-0.4517651028834782,True,2626.9372181911685,2497.619493179022,0.31622555449082834,579.9353105891398,2497.619493179022,0.31622555449082834,0.5278781500312714,-0.5159693638595387,0.3199704136413692,-0.5159693638595387,True,10490.064698638183,10024.645010999327,0.3116559901745179,1931.1090267561,10024.645010999327,0.3116559901745179,0.7535649421083854,-0.6515241079626802,0.48978272012989094,-0.6515241079626802,True,40392.0,39086.0,0.3017448702860359,7543.0,39086.0,0.3017448702860359,1.3953740499853113,-0.6981688005945762,1.1771785763086897,-0.6981688005945762,10672.987337662336,10207.315548340548,0.31057466293123165,1966.1445887445889,10207.315548340548,0.31057466293123165,0.7621884511377297,-0.6563423776744048,0.49933973774582013,-0.6563423776744048,4250.7364758131125,0.2808186098965153,0.820697512810703,-0.9650927333203637,674.7057427464265,0.2808186098965153,0.3879846285628395,-0.9650927333203637,True,-0.7995054922514334,0.7535649421083854,-0.7995054922514334,0.48978272012989094,0.7502385399357137,-0.7625727068110029,0.4698246162439533,-0.7625727068110029,348233.27516304346
2350,16052.0,15777.0,0.3719972111301261,2824.0,15777.0,0.3719972111301261,1.7895883637560976,-0.5905207651065101,1.5431768759258928,-0.5905207651065101,True,28982.0,28638.0,0.3659822613310985,5921.0,28638.0,0.3659822613310985,2.181381707831079,-0.3591629704394763,2.0098609615188696,-0.3591629704394763,True,24437.0,24033.0,0.3577164731827071,5965.0,24033.0,0.3577164731827071,2.038689057012397,-0.33072029934769204,2.0475687128858504,-0.33072029934769204,True,69471.0,68448.0,0.364466456287985,14710.0,68448.0,0.364466456287985,2.022298909728946,-0.4174191921041157,1.919709341857373,-0.4174191921041157,True,69471.0,68448.0,0.364466456287985,14710.0,68448.0,0.364466456287985,1.9935473290348475,-0.4198513267147688,1.8786685894960236,-0.4198513267147688,69471.0,68448.0,0.364466456287985,14710.0,68448.0,0.364466456287985,2.0225713504280005,-0.41744119674892105,1.9195297842787828,-0.41744119674892105,16052.0,0.3719972111301261,1.7895883637560976,-0.5905207651065101,2824.0,0.3719972111301261,1.5431768759258928,-0.5905207651065101,True,-0.5164853713536758,2.022298909728946,-0.5164853713536758,1.919709341857373,2.068121728822086,-0.5136659296536278,1.9793261292519282,-0.5136659296536278,179093.92813235294
2360,7229.29673269105,6822.568277756323,0.27763619778081916,1500.773939256412,6822.568277756323,0.27763619778081916,0.7145826309732775,-0.9781664408977564,0.41556452568992724,-0.9781664408977564,True,7092.125366210676,6845.072825091744,0.24947498975392984,1386.5488652240142,6845.072825091744,0.24947498975392984,0.6996419695342473,-0.8708539741643126,0.4137841014660894,-0.8708539741643126,True,6211.702033419209,5996.9695568228235,0.21273437855393024,1309.9749604263943,5996.9695568228235,0.21273437855393024,0.5859116115857008,-0.9780377906860067,0.3577106816659099,-0.9780377906860067,True,20533.124132320932,19664.61065967089,0.2480409129341053,4197.297764906821,19664.61065967089,0.2480409129341053,0.7149419819225491,-0.9335250710427075,0.5040759335803727,-0.9335250710427075,True,28288.0,26895.0,0.2705707380554006,5756.0,26895.0,0.2705707380554006,0.8475631248406623,-0.8364992588287777,0.6404672612519456,-0.8364992588287777,20602.429797979796,19724.00404040404,0.24830335430898842,4209.374747474747,19724.00404040404,0.24830335430898842,0.7166471706489695,-0.9323897726673369,0.5056177518399784,-0.9323897726673369,7229.29673269105,0.27763619778081916,0.7145826309732775,-0.9781664408977564,1500.773939256412,0.27763619778081916,0.41556452568992724,-0.9781664408977564,True,-1.1404293313407934,0.7149419819225491,-1.1404293313407934,0.5040759335803727,0.7208882863038452,-1.103731895420255,0.4859502248644956,-1.103731895420255,736770.5461588235
2400,4417.0,4022.0,0.569617105917454,1138.0,4022.0,0.569617105917454,1.696965726699825,0.22132403122951097,1.6483596404571703,0.22132403122951097,True,3281.0,2893.0,0.4863463532665054,768.0,2893.0,0.4863463532665054,1.6149792015205227,0.16946689258210476,1.4848865921143175,0.16946689258210476,True,3469.0,3029.0,0.45328491251238034,737.0,3029.0,0.45328491251238034,1.5938587069322274,0.09597461464428073,1.4758980771127164,0.09597461464428073,True,11167.0,9944.0,0.5099557522123894,2643.0,9944.0,0.5099557522123894,1.6607774387012293,0.2275241664249421,1.5924758493616016,0.2275241664249421,True,11167.0,9944.0,0.5099557522123894,2643.0,9944.0,0.5099557522123894,1.6327501139835119,0.22573523923995154,1.5540299265598774,0.22573523923995154,11167.0,9944.0,0.5099557522123894,2643.0,9944.0,0.5099557522123894,1.660983368179495,0.22750977710843334,1.5923419081543315,0.22750977710843334,4417.0,0.569617105917454,1.696965726699825,0.22132403122951097,1138.0,0.569617105917454,1.6483596404571703,0.22132403122951097,True,0.26321609981652905,1.6607774387012293,0.26321609981652905,1.5924758493616016,1.6972169934090549,0.16052914292415818,1.643853154958988,0.16052914292415818,59628.215747826085
2435,3001.0,2773.0,0.39740353407861523,757.0,2773.0,0.39740353407861523,0.9968238806250744,-0.48614872755452004,0.8429061589218548,-0.48614872755452004,True,2003.0,1819.0,0.37438152831225946,528.0,1819.0,0.37438152831225946,0.8023587624219934,-0.322274033860986,0.6891618210435804,-0.322274033860986,True,2257.0,2029.0,0.3893543617545589,591.0,2029.0,0.3893543617545589,0.8194652490404509,-0.18946314125510028,0.7406458059833563,-0.18946314125510028,True,7261.0,6621.0,0.38861199214620146,1876.0,6621.0,0.38861199214620146,0.9236867826989826,-0.310383805817187,0.8513829800867966,-0.310383805817187,True,7261.0,6621.0,0.38861199214620146,1876.0,6621.0,0.38861199214620146,0.8971361124970446,-0.3127091931385504,0.8188136247138991,-0.3127091931385504,7261.0,6621.0,0.38861199214620146,1876.0,6621.0,0.38861199214620146,0.9237571052955226,-0.31040454661518296,0.8513523472763836,-0.31040454661518296,3001.0,0.39740353407861523,0.9968238806250744,-0.48614872755452004,757.0,0.39740353407861523,0.8429061589218548,-0.48614872755452004,True,-0.3870854061450576,0.9236867826989826,-0.3870854061450576,0.8513829800867966,0.9287134159336119,-0.40588208393154207,0.8532942563010754,-0.40588208393154207,171110.17350869565
2440,1236.0,1152.0,0.5512152777777778,302.0,1152.0,0.5512152777777778,1.3259619480539953,0.14572724764482586,1.1985129338529563,0.14572724764482586,True,858.0,743.0,0.5921938088829072,171.0,743.0,0.5921938088829072,1.1785835194875276,0.6343408019346468,0.9324701890326641,0.6343408019346468,True,797.0,696.0,0.5660919540229885,173.0,696.0,0.5660919540229885,1.09258929800427,0.5996366103059863,0.9343065557383767,0.5996366103059863,True,2891.0,2591.0,0.5669625627170977,646.0,2591.0,0.5669625627170977,1.2431354423200136,0.4802311686296929,1.115703236694651,0.4802311686296929,True,2891.0,2591.0,0.5669625627170977,646.0,2591.0,0.5669625627170977,1.2159448029338948,0.478694268259438,1.0810379283377762,0.478694268259438,2891.0,2591.0,0.5669625627170977,646.0,2591.0,0.5669625627170977,1.2432645357560017,0.48021976321364485,1.11563575762232,0.48021976321364485,1236.0,0.5512152777777778,1.3259619480539953,0.14572724764482586,302.0,0.5512152777777778,1.1985129338529563,0.14572724764482586,True,0.5687251321809254,1.2431354423200136,0.5687251321809254,1.115703236694651,1.2574932399773022,0.5011954631566082,1.1214716827003715,0.5011954631566082,35800.76873695652
2545,1628.0,1552.0,0.6217783505154639,285.0,1552.0,0.6217783505154639,-0.25334534443099554,0.4356083017624808,-0.7757637748033875,0.4356083017624808,True,1995.0,1844.0,0.5520607375271149,349.0,1844.0,0.5520607375271149,-0.22932718399849697,0.45807942969056364,-0.6334108134248179,0.45807942969056364,True,1499.0,1396.0,0.5723495702005731,322.0,1396.0,0.5723495702005731,-0.41733395004167273,0.6275756769624843,-0.740391782108927,0.6275756769624843,True,5122.0,4792.0,0.580550918196995,956.0,4792.0,0.580550918196995,-0.2231263597768457,0.5404673500230327,-0.5465250871079443,0.5404673500230327,True,5122.0,4792.0,0.580550918196995,956.0,4792.0,0.580550918196995,-0.2473795557240199,0.5389905237021549,-0.5680095955517258,0.5389905237021549,5122.0,4792.0,0.580550918196995,956.0,4792.0,0.580550918196995,-0.22326702310572316,0.5404566558606019,-0.5463608514378165,0.5404566558606019,1628.0,0.6217783505154639,-0.25334534443099554,0.4356083017624808,285.0,0.6217783505154639,-0.7757637748033875,0.4356083017624808,True,0.6415474019647087,-0.2231263597768457,0.6415474019647087,-0.5465250871079443,-0.25358406418907664,0.555201718231696,-0.6430365330778995,0.555201718231696,1215862.6038434785
2555,8695.0,8206.0,0.5571533024616134,1326.0,8206.0,0.5571533024616134,1.5268108343815685,0.17012132216487738,1.166510394316769,0.17012132216487738,True,12025.0,11578.0,0.4244256348246675,1876.0,11578.0,0.4244256348246675,1.7574909093421436,-0.10248415512465499,1.4100903119085644,-0.10248415512465499,True,9409.0,8939.0,0.47611589663273296,1608.0,8939.0,0.47611589663273296,1.5784034088710284,0.19791061855850584,1.3333057996247568,0.19791061855850584,True,30129.0,28723.0,0.47843191867144796,4810.0,28723.0,0.47843191867144796,1.6434537063149117,0.08778132865514708,1.3650815632106839,0.08778132865514708,True,30129.0,28723.0,0.47843191867144796,4810.0,28723.0,0.47843191867144796,1.6154610871893087,0.08585303476492878,1.3284387853465212,0.08585303476492878,30129.0,28723.0,0.47843191867144796,4810.0,28723.0,0.47843191867144796,1.6436564486447451,0.08776528929050209,1.3649793207825154,0.08776528929050209,8695.0,0.5571533024616134,1.5268108343815685,0.17012132216487738,1326.0,0.5571533024616134,1.166510394316769,0.17012132216487738,True,0.0942746032436957,1.6434537063149117,0.0942746032436957,1.3650815632106839,1.6827355405696989,0.07613208154858292,1.407257774748284,0.07613208154858292,166591.87276521738
2600,11037.0,10529.0,0.5261658277139329,2461.0,10529.0,0.5261658277139329,1.3954649597547812,0.04282128411672722,1.2269110648538388,0.04282128411672722,True,9134.0,8541.0,0.45826015689029387,1841.0,8541.0,0.45826015689029387,1.3459713874446873,0.04611447157001722,1.1162691244944625,0.04611447157001722,True,11828.0,10782.0,0.5019476905954369,2389.0,10782.0,0.5019476905954369,1.4323054042301355,0.3132446679631608,1.2682008216136094,0.3132446679631608,True,31999.0,29852.0,0.4979900844164545,6691.0,29852.0,0.4979900844164545,1.4207506553081053,0.1744812403023009,1.2702738088320715,0.1744812403023009,True,31999.0,29852.0,0.4979900844164545,6691.0,29852.0,0.4979900844164545,1.3932041895332048,0.17263941296180088,1.2343828182060275,0.17263941296180088,31999.0,29852.0,0.4979900844164545,6691.0,29852.0,0.4979900844164545,1.4209124256543,0.1744662246683165,1.2701847826113724,0.1744662246683165,11037.0,0.5261658277139329,1.3954649597547812,0.04282128411672722,2461.0,0.5261658277139329,1.2269110648538388,0.04282128411672722,True,0.19909008473929574,1.4207506553081053,0.19909008473929574,1.2702738088320715,1.4512380397324787,0.128258970058102,1.3062481431488837,0.128258970058102,277085.1137673913
2631,265.0,211.0,0.4265402843601896,74.0,211.0,0.4265402843601896,1.154354412347082,-0.3664516741596962,1.077529933875241,-0.3664516741596962,True,188.0,125.0,0.408,47.0,125.0,0.408,1.0045922365923012,-0.1746242838606094,0.8741471335050103,-0.1746242838606094,True,301.0,165.0,0.37575757575757573,68.0,165.0,0.37575757575757573,1.2037598348932759,-0.25017020597482953,1.0802105585453083,-0.25017020597482953,True,754.0,501.0,0.405189620758483,189.0,501.0,0.405189620758483,1.165098573611826,-0.23689639627464856,1.0932805770470546,-0.23689639627464856,True,754.0,501.0,0.405189620758483,189.0,501.0,0.405189620758483,1.1380642698048342,-0.2391484939855595,1.0587930713338372,-0.2391484939855595,754.0,501.0,0.405189620758483,189.0,501.0,0.405189620758483,1.165213310148376,-0.2369162693518719,1.0932162236950178,-0.2369162693518719,265.0,0.4265402843601896,1.154354412347082,-0.3664516741596962,74.0,0.4265402843601896,1.077529933875241,-0.3664516741596962,True,-0.29824312166369404,1.165098573611826,-0.29824312166369404,1.0932805770470546,1.1787233644652262,-0.32704669896636357,1.1101697031525386,-0.32704669896636357,10926.415888235297
2632,262.0,152.0,0.6578947368421053,53.0,152.0,0.6578947368421053,0.6482863874625381,0.5839784865219628,0.32613378946882576,0.5839784865219628,True,261.0,202.0,0.5,55.0,202.0,0.5,0.6360647705158218,0.22943266216017538,0.3881079555557229,0.22943266216017538,True,358.0,278.0,0.6007194244604317,60.0,278.0,0.6007194244604317,0.7567971205714074,0.7542416831072198,0.4140619490295858,0.7542416831072198,True,881.0,632.0,0.5822784810126582,168.0,632.0,0.5822784810126582,0.7310263269602464,0.5481255090465164,0.48439485148855976,0.5481255090465164,True,881.0,632.0,0.5822784810126582,168.0,632.0,0.5822784810126582,0.7048616241147823,0.5466563202719218,0.4547355638989305,0.5466563202719218,881.0,632.0,0.5822784810126582,168.0,632.0,0.5822784810126582,0.7310612046852203,0.5481149053096931,0.484415376848469,0.5481149053096931,262.0,0.6578947368421053,0.6482863874625381,0.5839784865219628,53.0,0.6578947368421053,0.32613378946882576,0.5839784865219628,True,0.6508057000432935,0.7310263269602464,0.6508057000432935,0.48439485148855976,0.7346686857747072,0.5728998051216142,0.4660695677557483,0.5728998051216142,30604.37259117647
2633,0.0,0.0,,0.0,0.0,,,,,,True,0.0,0.0,,0.0,0.0,,,,,,True,21.0,0.0,,0.0,0.0,,-1.0124366500829443,,,,True,21.0,0.0,,0.0,0.0,,-1.3993797600727573,,,,True,21.0,0.0,,0.0,0.0,,-1.4212765024668932,,,,21.0,0.0,,0.0,0.0,,-1.3997368256235792,,,,0.0,,,,0.0,,,,True,,-1.3993797600727573,,,-0.9717360174140223,,,,53282.2286
2634,783.0,689.0,0.5892597968069666,117.0,689.0,0.5892597968069666,0.07544074322645174,0.30201841881558505,-0.4902387752025902,0.30201841881558505,True,1306.0,1197.0,0.48955722639933164,228.0,1197.0,0.48955722639933164,0.287774300150646,0.1835688011919957,-0.08610071095483006,0.1835688011919957,True,2048.0,1918.0,0.5145985401459854,318.0,1918.0,0.5145985401459854,0.4805132320705336,0.36972830627261927,0.06468208216020419,0.36972830627261927,True,4137.0,3804.0,0.520241850683491,663.0,3804.0,0.520241850683491,0.3701457569932476,0.2731216851424693,0.0065502831387893,0.2731216851424693,True,4137.0,3804.0,0.520241850683491,663.0,3804.0,0.520241850683491,0.3447040261715899,0.27137823274567996,-0.019319889829950646,0.27137823274567996,4137.0,3804.0,0.520241850683491,663.0,3804.0,0.520241850683491,0.3701142414077513,0.2731078342299459,0.006637420064333137,0.2731078342299459,783.0,0.5892597968069666,0.07544074322645174,0.30201841881558505,117.0,0.5892597968069666,-0.4902387752025902,0.30201841881558505,True,0.3183410219598511,0.3701457569932476,0.3183410219598511,0.0065502831387893,0.33232548771533815,0.3011351094012622,-0.08883066417775479,0.3011351094012622,297283.2610764706
2635,36.0,18.0,1.0,0.0,18.0,1.0,-1.0126601698011437,1.9893854572765666,,1.9893854572765666,True,42.0,0.0,,0.0,0.0,,-1.0755068026796697,,,,True,44.0,0.0,,0.0,0.0,,-1.0848689383605161,,,,True,122.0,18.0,1.0,0.0,18.0,1.0,-0.9619654291245595,2.399854309256934,,2.399854309256934,True,122.0,18.0,1.0,0.0,18.0,1.0,-0.9847384678627089,2.4002318651597716,,2.4002318651597716,122.0,18.0,1.0,0.0,18.0,1.0,-0.9622420210009982,2.3998655702661282,,2.3998655702661282,36.0,1.0,-1.0126601698011437,1.9893854572765666,0.0,1.0,,1.9893854572765666,True,,-0.9619654291245595,,,-1.0173410823895461,,,,128262.0760117647
2636,18.0,0.0,,0.0,0.0,,-0.5990923881187382,,,,True,55.0,22.0,0.0,0.0,22.0,0.0,-0.12315019224819489,-1.966529000996263,,-1.966529000996263,True,55.0,22.0,0.0,0.0,22.0,0.0,-0.16264878025621776,-1.9278563500021768,,-1.9278563500021768,True,128.0,44.0,0.0,0.0,44.0,0.0,-0.17148411357615656,-2.0330722124589147,,-2.0330722124589147,True,128.0,44.0,0.0,0.0,44.0,0.0,-0.19584076729400832,-2.037115651389929,,-2.037115651389929,128.0,44.0,0.0,0.0,44.0,0.0,-0.17161527597877,-2.03311329432655,,-2.03311329432655,18.0,,-0.5990923881187382,,0.0,,,,True,,-0.17148411357615656,,,-0.24850525738924106,-2.2538051198506555,,-2.2538051198506555,27383.014661764704
2640,0.0,0.0,,0.0,0.0,,,,,,True,56.0,39.0,0.5641025641025641,20.0,39.0,0.5641025641025641,-1.495090892455033,0.5109662087186931,-1.5784586402596583,0.5109662087186931,True,61.0,48.0,0.5,16.0,48.0,0.5,-1.481518447541123,0.30454859971163223,-1.8012910357126102,0.30454859971163223,True,117.0,87.0,0.5287356321839081,36.0,87.0,0.5287356321839081,-1.5223211935336867,0.3107739944253274,-1.6695605401483078,0.3107739944253274,True,117.0,87.0,0.5287356321839081,36.0,87.0,0.5287356321839081,-1.543971640548254,0.30906809299267124,-1.68213983058451,0.30906809299267124,117.0,87.0,0.5287356321839081,36.0,87.0,0.5287356321839081,-1.5227008773395234,0.3107605881017628,-1.6692397532589238,0.3107605881017628,0.0,,,,0.0,,,,True,0.36386061767715044,-1.5223211935336867,0.36386061767715044,-1.6695605401483078,-1.4514229956442581,0.44151472469721537,-1.6310727389855237,0.44151472469721537,380269.0452058824
2700,5602.0,4444.0,0.6354635463546354,1299.0,4444.0,0.6354635463546354,1.9748058969565558,0.4918286283689049,1.9053257493925095,0.4918286283689049,True,8913.0,8470.0,0.544391971664699,2110.0,8470.0,0.544391971664699,2.315098462534472,0.42439879801538716,2.2337406202183883,0.42439879801538716,True,6009.0,5625.0,0.5244444444444445,969.0,5625.0,0.5244444444444445,2.0548630620783204,0.41368839725319645,1.8263705214562775,0.41368839725319645,True,20524.0,18539.0,0.5601704514806624,4378.0,18539.0,0.5601704514806624,2.1288047451164354,0.4501222385912546,2.0374286510599307,0.4501222385912546,True,20524.0,18539.0,0.5601704514806624,4378.0,18539.0,0.5601704514806624,2.0998397953862473,0.4485553103323125,1.9954544320753216,0.4485553103323125,20524.0,18539.0,0.5601704514806624,4378.0,18539.0,0.5601704514806624,2.1290967803173397,0.4501104776565647,2.0372326834015557,0.4501104776565647,5602.0,0.6354635463546354,1.9748058969565558,0.4918286283689049,1299.0,0.6354635463546354,1.9053257493925095,0.4918286283689049,True,0.532325072027002,2.1288047451164354,0.532325072027002,2.0374286510599307,2.1807209353998758,0.48220046201241196,2.10277078957445,0.48220046201241196,42694.72283913043
2710,1384.0,1155.0,0.47878787878787876,310.0,1155.0,0.47878787878787876,0.5884204146893511,-0.15181266879618213,0.3144002956561539,-0.15181266879618213,True,2354.0,1933.0,0.37247801345059495,553.0,1933.0,0.37247801345059495,0.8522700451761015,-0.3306341251839136,0.6779408130739178,-0.3306341251839136,True,2505.0,2024.0,0.4323122529644269,521.0,2024.0,0.4323122529644269,0.8392117012415714,0.00233567667725295,0.6296460343314472,0.00233567667725295,True,6243.0,5112.0,0.42018779342723006,1384.0,5112.0,0.42018779342723006,0.8157176928494684,-0.17041059887408605,0.6547902042789545,-0.17041059887408605,True,6243.0,5112.0,0.42018779342723006,1384.0,5112.0,0.42018779342723006,0.789383323102288,-0.17259638974111124,0.6237797502947392,-0.17259638974111124,6243.0,5112.0,0.42018779342723006,1384.0,5112.0,0.42018779342723006,0.8157681517406716,-0.17042968690380475,0.6547869765149863,-0.17042968690380475,1384.0,0.47878787878787876,0.5884204146893511,-0.15181266879618213,310.0,0.47878787878787876,0.3144002956561539,-0.15181266879618213,True,-0.21786540576105456,0.8157176928494684,-0.21786540576105456,0.6547902042789545,0.8148919995729687,-0.2083451784390475,0.6331132010964654,-0.2083451784390475,182859.6225521739
2721,0.0,0.0,,0.0,0.0,,,,,,True,45.0,0.0,,0.0,0.0,,-0.35206772421998594,,,,True,54.0,0.0,,0.0,0.0,,-0.29501744941572927,,,,True,99.0,0.0,,0.0,0.0,,-0.41586591209293333,,,,True,99.0,0.0,,0.0,0.0,,-0.43973298222508167,,,,99.0,0.0,,0.0,0.0,,-0.41604203484523716,,,,0.0,,,,0.0,,,,True,,-0.41586591209293333,,,-0.27731340925617326,,,,34647.945529411765
2722,242.0,165.0,0.3575757575757576,40.0,165.0,0.3575757575757576,-0.4088587022697217,-0.6497657213712397,-0.9837288469487064,-0.6497657213712397,True,709.0,567.0,0.36155202821869487,154.0,567.0,0.36155202821869487,0.06030649892747983,-0.3786202145868456,-0.2056925007065762,-0.3786202145868456,True,800.0,563.0,0.30017761989342806,227.0,563.0,0.30017761989342806,0.0826925144065717,-0.5876203411153785,-0.027275701529323487,-0.5876203411153785,True,1751.0,1295.0,0.33436293436293435,421.0,1295.0,0.33436293436293435,0.03147476964063757,-0.5508658928427274,-0.14013415959639486,-0.5508658928427274,True,1751.0,1295.0,0.33436293436293435,421.0,1295.0,0.33436293436293435,0.00671151715643446,-0.5534311149682919,-0.16484118412014076,-0.5534311149682919,1751.0,1295.0,0.33436293436293435,421.0,1295.0,0.33436293436293435,0.03138094677156378,-0.550889473192473,-0.14002657484946307,-0.550889473192473,242.0,0.3575757575757576,-0.4088587022697217,-0.6497657213712397,40.0,0.3575757575757576,-0.9837288469487064,-0.6497657213712397,True,-0.6778151804178585,0.03147476964063757,-0.6778151804178585,-0.14013415959639486,-0.04050540617451725,-0.6417019605110411,-0.327389166023722,-0.6417019605110411,248897.6475235294
2723,0.0,0.0,,0.0,0.0,,,,,,True,44.0,27.0,0.0,15.0,27.0,0.0,-0.24661159802114324,-1.966529000996263,-0.2801927804825929,-1.966529000996263,True,59.0,41.0,0.0,20.0,41.0,0.0,-0.13227401226018126,-1.9278563500021768,-0.16227583327592568,-1.9278563500021768,True,103.0,68.0,0.0,35.0,68.0,0.0,-0.28532610273285486,-2.0330722124589147,-0.29512795082135934,-2.0330722124589147,True,103.0,68.0,0.0,35.0,68.0,0.0,-0.30945469049164903,-2.037115651389929,-0.318605937119337,-2.037115651389929,103.0,68.0,0.0,35.0,68.0,0.0,-0.28547820931246104,-2.03311329432655,-0.29499875992928964,-2.03311329432655,0.0,,,,0.0,,,,True,-2.4697220706885132,-0.28532610273285486,-2.4697220706885132,-0.29512795082135934,-0.14213744373207668,-2.2538051198506555,-0.14027706284449637,-2.2538051198506555,27713.46790882353
2740,100.0,69.0,0.463768115942029,20.0,69.0,0.463768115942029,0.5137058531661164,-0.21351554705004785,0.1672771277940037,-0.21351554705004785,True,1357.0,1273.0,0.42733699921445406,279.0,1273.0,0.42733699921445406,1.8619447957370678,-0.08969766594975473,1.6745932459289192,-0.08969766594975473,True,930.0,824.0,0.3883495145631068,172.0,824.0,0.3883495145631068,1.613059045779119,-0.19394959294290767,1.417155321116299,-0.19394959294290767,True,2387.0,2166.0,0.4136657433056325,471.0,2166.0,0.4136657433056325,1.5665975802436802,-0.19932236783407598,1.3953498746494077,-0.19932236783407598,True,2387.0,2166.0,0.4136657433056325,471.0,2166.0,0.4136657433056325,1.5387589312501146,-0.2015369926509949,1.3584670812885362,-0.2015369926509949,2387.0,2166.0,0.4136657433056325,471.0,2166.0,0.4136657433056325,1.5667861829022083,-0.19934179724666085,1.3952434128165465,-0.19934179724666085,100.0,0.463768115942029,0.5137058531661164,-0.21351554705004785,20.0,0.463768115942029,0.1672771277940037,-0.21351554705004785,True,-0.2528181632305643,1.5665975802436802,-0.2528181632305643,1.3953498746494077,1.3890657115081757,-0.21485058948363608,1.1870245549358414,-0.21485058948363608,15408.16027826087
2751,495.0,387.0,0.45219638242894056,112.0,387.0,0.45219638242894056,0.7308671641686891,-0.2610535322680746,0.48146832467751083,-0.2610535322680746,True,936.0,686.0,0.3848396501457726,181.0,686.0,0.3848396501457726,1.061785930035405,-0.2763427646309577,0.7917855927532472,-0.2763427646309577,True,969.0,655.0,0.2931297709923664,219.0,655.0,0.2931297709923664,1.0330756448389258,-0.6190876466585086,0.8918166909795016,-0.6190876466585086,True,2400.0,1728.0,0.36516203703703703,512.0,1728.0,0.36516203703703703,0.9970821347150907,-0.41433573375364807,0.8282034576459705,-0.41433573375364807,True,2400.0,1728.0,0.36516203703703703,512.0,1728.0,0.36516203703703703,0.9703844275413647,-0.4167647932054031,0.7958179065332931,-0.4167647932054031,2400.0,1728.0,0.36516203703703703,512.0,1728.0,0.36516203703703703,0.9971659602840791,-0.4143577019897559,0.828176056062577,-0.4143577019897559,495.0,0.45219638242894056,0.7308671641686891,-0.2610535322680746,112.0,0.45219638242894056,0.48146832467751083,-0.2610535322680746,True,-0.5127576377777615,0.9970821347150907,-0.5127576377777615,0.8282034576459705,0.9982943232218395,-0.4663890207297967,0.816871914177738,-0.4663890207297967,48785.26241176471
2752,61.0,17.0,1.0,0.0,17.0,1.0,-0.7892715305315573,1.9893854572765666,,1.9893854572765666,True,373.0,318.0,0.3836477987421384,110.0,318.0,0.3836477987421384,0.03563131330769076,-0.2815772846120775,-0.06156399788451923,-0.2815772846120775,True,316.0,269.0,0.2936802973977695,75.0,269.0,0.2936802973977695,-0.09138202125906962,-0.6166296509137685,-0.3226452209247041,-0.6166296509137685,True,750.0,604.0,0.3609271523178808,185.0,604.0,0.3609271523178808,-0.09393052066935707,-0.4331086665416049,-0.2605567340634709,-0.4331086665416049,True,750.0,604.0,0.3609271523178808,185.0,604.0,0.3609271523178808,-0.11844254179316926,-0.4355564483968253,-0.2843088561611536,-0.4355564483968253,750.0,604.0,0.3609271523178808,185.0,604.0,0.3609271523178808,-0.09404741508360968,-0.433130856443762,-0.2604323624013908,-0.433130856443762,61.0,1.0,-0.7892715305315573,1.9893854572765666,0.0,1.0,,1.9893854572765666,True,-0.5354530933078921,-0.09393052066935707,-0.5354530933078921,-0.2605567340634709,-0.23510889682723587,0.3911194955902187,-0.11070792994730504,0.3911194955902187,137243.93889705883
2755,0.0,0.0,,0.0,0.0,,,,,,True,0.0,0.0,,0.0,0.0,,,,,,True,0.0,0.0,,0.0,0.0,,,,,,True,0.0,0.0,,0.0,0.0,,,,,,True,0.0,0.0,,0.0,0.0,,,,,,0.0,0.0,,0.0,0.0,,,,,,0.0,,,,0.0,,,,True,,,,,,,,,19182.121297058824
2805,141.0,104.0,0.6826923076923077,31.0,104.0,0.6826923076923077,0.32351766507576907,0.6858497018577254,0.003806365801453387,0.6858497018577254,True,325.0,248.0,0.5564516129032258,71.0,248.0,0.5564516129032258,0.7256432442393944,0.4773638176778376,0.5031888006540228,0.4773638176778376,True,478.0,396.0,0.6136363636363636,105.0,396.0,0.6136363636363636,0.8822336095339499,0.8119133610102253,0.7087037702740616,0.8119133610102253,True,944.0,748.0,0.6042780748663101,207.0,748.0,0.6042780748663101,0.7411401646082629,0.6456480921073469,0.5693063711406914,0.6456480921073469,True,944.0,748.0,0.6042780748663101,207.0,748.0,0.6042780748663101,0.7149552001519465,0.6442761634235261,0.5389737694612797,0.6442761634235261,944.0,748.0,0.6042780748663101,207.0,748.0,0.6042780748663101,0.7411769030351391,0.645638639892555,0.5693150598289315,0.645638639892555,141.0,0.6826923076923077,0.32351766507576907,0.6858497018577254,31.0,0.6826923076923077,0.003806365801453387,0.6858497018577254,True,0.7687052031225583,0.7411401646082629,0.7687052031225583,0.5693063711406914,0.6977904988706976,0.7283557387331205,0.4956407816632551,0.7283557387331205,32131.61604347826
2810,864.0,789.0,0.5361216730038023,144.0,789.0,0.5361216730038023,0.7356120004819603,0.0837210184294348,0.31841148130332875,0.0837210184294348,True,757.0,585.0,0.6358974358974359,150.0,585.0,0.6358974358974359,0.6630033344104371,0.8262837808642328,0.3824083304800428,0.8262837808642328,True,931.0,768.0,0.703125,173.0,768.0,0.703125,0.7266301007963898,1.211463110532867,0.44024958319234875,1.211463110532867,True,2552.0,2142.0,0.623249299719888,467.0,2142.0,0.623249299719888,0.7558694270611636,0.7297461379102068,0.4890783971495995,0.7297461379102068,True,2552.0,2142.0,0.623249299719888,467.0,2142.0,0.623249299719888,0.7296549546579777,0.7284580809134557,0.45938197093264804,0.7284580809134557,2552.0,2142.0,0.623249299719888,467.0,2142.0,0.623249299719888,0.7559088753166544,0.7297376787039008,0.4890982696229221,0.7297376787039008,864.0,0.5361216730038023,0.7356120004819603,0.0837210184294348,144.0,0.5361216730038023,0.31841148130332875,0.0837210184294348,True,0.8703751702101796,0.7558694270611636,0.8703751702101796,0.4890783971495995,0.7629260383021047,0.7841864877144034,0.47038899363151987,0.7841864877144034,84325.11480434783
2825,2979.0,2821.0,0.4360155973059199,824.0,2821.0,0.4360155973059199,1.124613695457208,-0.32752602086489574,1.0385721748108612,-0.32752602086489574,True,3530.0,3355.0,0.3025335320417288,969.0,3355.0,0.3025335320417288,1.2418129470217123,-0.6378249246303703,1.1778225840139498,-0.6378249246303703,True,4056.0,3884.0,0.296086508753862,1118.0,3884.0,0.296086508753862,1.2663951526262969,-0.6058863746309716,1.2641621351903938,-0.6058863746309716,True,10565.0,10060.0,0.3374751491053678,2911.0,10060.0,0.3374751491053678,1.2440882474610335,-0.537069673569719,1.2278669768049804,-0.537069673569719,True,10565.0,10060.0,0.3374751491053678,2911.0,10060.0,0.3374751491053678,1.2168956992676292,-0.5396211366099855,1.1923122552461234,-0.5396211366099855,10565.0,10060.0,0.3374751491053678,2911.0,10060.0,0.3374751491053678,1.2442175161901596,-0.5370930910171917,1.2277838620995771,-0.5370930910171917,2979.0,0.4360155973059199,1.124613695457208,-0.32752602086489574,824.0,0.4360155973059199,1.0385721748108612,-0.32752602086489574,True,-0.6611363010690037,1.2440882474610335,-0.6611363010690037,1.2278669768049804,1.269484382237311,-0.6246220997928325,1.2619822560357798,-0.6246220997928325,130581.09416086956
2830,10116.0,9892.0,0.4139708855640922,2508.0,9892.0,0.4139708855640922,1.790198848164227,-0.4180881807809834,1.7328824258640174,-0.4180881807809834,True,14244.0,14015.0,0.3174455940064217,3119.0,14015.0,0.3174455940064217,2.0514995291211,-0.5723322918442124,1.9107225034604731,-0.5723322918442124,True,14908.0,14644.0,0.31528270964217425,3091.0,14644.0,0.31528270964217425,2.0223929349684533,-0.5201789868734339,1.9354351909015424,-0.5201789868734339,True,39268.0,38551.0,0.3413919223885243,8718.0,38551.0,0.3413919223885243,1.9689130207983123,-0.5197069054032666,1.8877906576694097,-0.5197069054032666,True,39268.0,38551.0,0.3413919223885243,8718.0,38551.0,0.3413919223885243,1.9402683910108987,-0.5222410524090828,1.8470030075947592,-0.5222410524090828,39268.0,38551.0,0.3413919223885243,8718.0,38551.0,0.3413919223885243,1.9691756397829454,-0.5197301178355578,1.8876155495575866,-0.5197301178355578,10116.0,0.4139708855640922,1.790198848164227,-0.4180881807809834,2508.0,0.4139708855640922,1.7328824258640174,-0.4180881807809834,True,-0.6401456579312154,1.9689130207983123,-0.6401456579312154,1.8877906576694097,2.0192097174882564,-0.6014880737982005,1.9720288725784445,-0.6014880737982005,112723.63087391305
2840,14310.0,13900.0,0.48503597122302156,3734.0,13900.0,0.48503597122302156,2.240045325391804,-0.12614480101416567,2.271090531692121,-0.12614480101416567,True,13098.0,12826.0,0.44791829097146424,3341.0,12826.0,0.44791829097146424,2.311371336630493,0.0006937894035092137,2.2713502119148647,0.0006937894035092137,True,11382.0,11102.0,0.35534137993154385,2615.0,11102.0,0.35534137993154385,2.1836118186762166,-0.34132463920754946,2.172793044745622,-0.34132463920754946,True,38790.0,37828.0,0.4343872263931479,9690.0,37828.0,0.4343872263931479,2.250204947509184,-0.10746555588614244,2.2509340618164324,-0.10746555588614244,True,38790.0,37828.0,0.4343872263931479,9690.0,37828.0,0.4343872263931479,2.2209967900329475,-0.1095885711333817,2.2072668310720993,-0.1095885711333817,38790.0,37828.0,0.4343872263931479,9690.0,37828.0,0.4343872263931479,2.2505193174158036,-0.10748390067669035,2.2507083314891396,-0.10748390067669035,14310.0,0.48503597122302156,2.240045325391804,-0.12614480101416567,3734.0,0.48503597122302156,2.271090531692121,-0.12614480101416567,True,-0.1417682695218259,2.250204947509184,-0.1417682695218259,2.2509340618164324,2.3118519355512666,-0.20325754795352088,2.356473436973272,-0.20325754795352088,63188.51162391305
2850,4666.0,3800.0,0.5671052631578948,1230.0,3800.0,0.5671052631578948,1.0275092776322194,0.2110050981293948,0.9019670330151528,0.2110050981293948,True,4046.0,3799.0,0.42326928138983944,953.0,3799.0,0.42326928138983944,0.9729328918606296,-0.10756277074853837,0.8073917489670082,-0.10756277074853837,True,3461.0,3161.0,0.44479595064852895,756.0,3161.0,0.44479595064852895,0.8451945460063589,0.0580730136786935,0.6645287484755759,0.0580730136786935,True,12173.0,10760.0,0.4803903345724907,2939.0,10760.0,0.4803903345724907,0.9924437614210618,0.09646284244342944,0.8888966300578163,0.09646284244342944,True,12173.0,10760.0,0.4803903345724907,2939.0,10760.0,0.4803903345724907,0.9657553465573315,0.09454320669979219,0.8560298065770797,0.09454320669979219,12173.0,10760.0,0.4803903345724907,2939.0,10760.0,0.4803903345724907,0.9925267336413698,0.09644690558790675,0.8888607678420217,0.09644690558790675,4666.0,0.5671052631578948,1.0275092776322194,0.2110050981293948,1230.0,0.5671052631578948,0.9019670330151528,0.2110050981293948,True,0.10477008161895399,0.9924437614210618,0.10477008161895399,0.8888966300578163,1.0049835708488397,0.03644253361029837,0.8875275892504384,0.03644253361029837,249765.47467608695
2861,6067.0,5771.0,0.6556922543753249,390.0,5771.0,0.6556922543753249,1.6301913014398934,0.5749304403644577,0.807728992836237,0.5749304403644577,True,7072.0,6834.0,0.5866256950541411,502.0,6834.0,0.5866256950541411,1.7794210489297708,0.6098860729265236,0.9948255335427209,0.6098860729265236,True,7204.0,6961.0,0.5447493176267778,350.0,6961.0,0.5447493176267778,1.7378635652603072,0.5043457960443006,0.7841799014070051,0.5043457960443006,True,20343.0,19566.0,0.592098538280691,1242.0,19566.0,0.592098538280691,1.7327513220345205,0.5916571013547475,0.9505631553126421,0.5916571013547475,True,20343.0,19566.0,0.592098538280691,1242.0,19566.0,0.592098538280691,1.7045798080519186,0.5902313270026031,0.9172073411685412,0.5902313270026031,20343.0,19566.0,0.592098538280691,1242.0,19566.0,0.592098538280691,1.7329704929693222,0.5916470116279723,0.9505186967789935,0.5916470116279723,6067.0,0.6556922543753249,1.6301913014398934,0.5749304403644577,390.0,0.6556922543753249,0.807728992836237,0.5749304403644577,True,0.7034330294300495,1.7327513220345205,0.7034330294300495,0.9505631553126421,1.7784209134685751,0.6192570377655001,0.959546854118428,0.6192570377655001,93966.21293823529
2862,577.0,538.0,0.9107806691449815,79.0,538.0,0.9107806691449815,1.0436983764315768,1.6228623925558923,0.5593680272208408,1.6228623925558923,True,290.0,256.0,0.90234375,48.0,256.0,0.90234375,0.7040642524879694,1.996495562981372,0.32574524069585314,1.996495562981372,True,298.0,266.0,0.9323308270676691,58.0,266.0,0.9323308270676691,0.6736749150476543,2.234823556231091,0.4084373334662677,2.234823556231091,True,1165.0,1060.0,0.9141509433962264,185.0,1060.0,0.9141509433962264,0.881742193144197,2.0192917493737808,0.5483422633308656,2.0192917493737808,True,1165.0,1060.0,0.9141509433962264,185.0,1060.0,0.9141509433962264,0.8552755528605251,2.019289767040882,0.518175898567551,2.019289767040882,1165.0,1060.0,0.9141509433962264,185.0,1060.0,0.9141509433962264,0.8818047989491204,2.0192985167963795,0.5483538744171738,2.0192985167963795,577.0,0.9107806691449815,1.0436983764315768,1.6228623925558923,79.0,0.9107806691449815,0.5593680272208408,1.6228623925558923,True,2.4293657344240898,0.881742193144197,2.4293657344240898,0.5483422633308656,0.862449079320252,2.2082587192225644,0.5219828130833453,2.2082587192225644,29874.18122058824
2905,671.0,505.0,0.4772277227722772,122.0,505.0,0.4772277227722772,0.5277222427402906,-0.15822196551249473,0.13065403561556577,-0.15822196551249473,True,1134.0,815.0,0.4134969325153374,199.0,815.0,0.4134969325153374,0.7833298342981629,-0.15048217772333114,0.44238251439982607,-0.15048217772333114,True,1300.0,1002.0,0.47305389221556887,209.0,1002.0,0.47305389221556887,0.8095406316259651,0.1842393509246605,0.4483624445998492,0.1842393509246605,True,3105.0,2322.0,0.45305770887166236,530.0,2322.0,0.45305770887166236,0.7663758262813599,-0.02470067893390474,0.4633875503691516,-0.02470067893390474,True,3105.0,2322.0,0.45305770887166236,530.0,2322.0,0.45305770887166236,0.7401403058269924,-0.02674115207456096,0.43389484220113606,-0.02674115207456096,3105.0,2322.0,0.45305770887166236,530.0,2322.0,0.45305770887166236,0.7664172074606029,-0.02471804645768792,0.4634110041482792,-0.02471804645768792,671.0,0.4772277227722772,0.5277222427402906,-0.15822196551249473,122.0,0.4772277227722772,0.13065403561556577,-0.15822196551249473,True,-0.041710031123867036,0.7663758262813599,-0.041710031123867036,0.4633875503691516,0.7613626828663914,-0.07266210449651338,0.429897098430768,-0.07266210449651338,100449.43255869564
2910,505.0,426.0,0.5070422535211268,73.0,426.0,0.5070422535211268,0.07136195781192851,-0.03574051358326366,-0.5131229487971602,-0.03574051358326366,True,905.0,788.0,0.47588832487309646,150.0,788.0,0.47588832487309646,0.32105865667744704,0.12353603373384972,-0.07971265541153988,0.12353603373384972,True,1254.0,1119.0,0.46112600536193027,230.0,1119.0,0.46112600536193027,0.4490242053463679,0.13098360362128234,0.12593195166017074,0.13098360362128234,True,2664.0,2333.0,0.4744963566223746,453.0,2333.0,0.4744963566223746,0.36520036194382605,0.07033527126995141,0.032703447911763585,0.07033527126995141,True,2664.0,2333.0,0.4744963566223746,453.0,2333.0,0.4744963566223746,0.33976853850584304,0.06838957828024586,0.006625890898948312,0.06838957828024586,2664.0,2333.0,0.4744963566223746,453.0,2333.0,0.4744963566223746,0.36516793652506013,0.07031902590666683,0.03278693908434251,0.07031902590666683,505.0,0.5070422535211268,0.07136195781192851,-0.03574051358326366,73.0,0.5070422535211268,-0.5131229487971602,-0.03574051358326366,True,0.07318326796677926,0.36520036194382605,0.07318326796677926,0.032703447911763585,0.3315582274130771,0.05828931092246809,-0.07368770311100822,0.05828931092246809,193350.4113413044
2920,546.0,426.0,0.5516431924882629,110.0,426.0,0.5516431924882629,0.45967328726511647,0.14748516949453042,0.11003837128102698,0.14748516949453042,True,1252.0,1058.0,0.42533081285444235,237.0,1058.0,0.42533081285444235,0.8700249700457223,-0.09850868262122087,0.5765261829621613,-0.09850868262122087,True,1505.0,1232.0,0.5178571428571429,215.0,1232.0,0.5178571428571429,0.9204563452135746,0.38427734791569707,0.5028184497270671,0.38427734791569707,True,3303.0,2716.0,0.48711340206185566,562.0,2716.0,0.48711340206185566,0.8298968950906133,0.126265706624321,0.5295680588158638,0.126265706624321,True,3303.0,2716.0,0.48711340206185566,562.0,2716.0,0.48711340206185566,0.8035341193626366,0.12437579352732185,0.49955056591912494,0.12437579352732185,3303.0,2716.0,0.48711340206185566,562.0,2716.0,0.48711340206185566,0.8299499626126351,0.1262501216734918,0.5295822870275703,0.1262501216734918,546.0,0.5516431924882629,0.45967328726511647,0.14748516949453042,110.0,0.5516431924882629,0.11003837128102698,0.14748516949453042,True,0.14080012478417867,0.8298968950906133,0.14080012478417867,0.5295680588158638,0.8048965695454271,0.14011382597804467,0.48673647459827435,0.14011382597804467,94022.09309999998
3000,211.0,160.0,0.15,64.0,160.0,0.15,0.21212636409003743,-1.5025103239060262,0.05481976484394044,-1.5025103239060262,True,77.0,26.0,0.0,18.0,26.0,0.0,-0.3624476485375356,-1.966529000996263,-0.6131631847988586,-1.966529000996263,True,86.0,31.0,0.0,19.0,31.0,0.0,-0.34278995664218825,-1.9278563500021768,-0.6418088058599967,-1.9278563500021768,True,374.0,217.0,0.11059907834101383,101.0,217.0,0.11059907834101383,-0.0324698985227463,-1.5427946248037054,-0.14682972707093542,-1.5427946248037054,True,374.0,217.0,0.11059907834101383,101.0,217.0,0.11059907834101383,-0.05710504711330408,-1.5463491057807457,-0.17148365844621138,-1.5463491057807457,374.0,217.0,0.11059907834101383,101.0,217.0,0.11059907834101383,-0.03257548566665115,-1.5428299175974056,-0.14672120896143798,-1.5428299175974056,211.0,0.15,0.21212636409003743,-1.5025103239060262,64.0,0.15,0.05481976484394044,-1.5025103239060262,True,-1.8770031112307386,-0.0324698985227463,-1.8770031112307386,-0.14682972707093542,-0.11686384015818894,-2.0841538001201023,-0.3217910293752068,-2.0841538001201023,60470.18954130435
3010,289.0,232.0,0.25,53.0,232.0,0.25,-0.11173607525005078,-1.0916990555316037,-0.5895995201761995,-1.0916990555316037,True,470.0,383.0,0.195822454308094,98.0,383.0,0.195822454308094,0.0722686313476087,-1.1064917961047074,-0.21576093065456503,-1.1064917961047074,True,463.0,365.0,0.2547945205479452,101.0,365.0,0.2547945205479452,0.023737044774555856,-0.7902472523397973,-0.24406767462364498,-0.7902472523397973,True,1222.0,980.0,0.23061224489795917,252.0,980.0,0.23061224489795917,0.06831737584226283,-1.010785075818321,-0.18220251465093332,-1.010785075818321,True,1222.0,980.0,0.23061224489795917,252.0,980.0,0.23061224489795917,0.04348031452548574,-1.0138089792060188,-0.20657595409331184,-1.0138089792060188,1222.0,980.0,0.23061224489795917,252.0,980.0,0.23061224489795917,0.0682303311230692,-1.010814086777626,-0.18208906557241872,-1.010814086777626,289.0,0.25,-0.11173607525005078,-1.0916990555316037,53.0,0.25,-0.5895995201761995,-1.0916990555316037,True,-1.2338324784381656,0.06831737584226283,-1.2338324784381656,-0.18220251465093332,0.04354014019088657,-1.1653001420895417,-0.2707917475340749,-1.1653001420895417,161279.0956521739
3030,1861.0,1802.0,0.316315205327414,450.0,1802.0,0.316315205327414,0.925560791885432,-0.8192687194009516,0.7388122375319909,-0.8192687194009516,True,2249.0,2176.0,0.28308823529411764,503.0,2176.0,0.28308823529411764,1.0370759209150204,-0.7232271770032795,0.8465869593204081,-0.7232271770032795,True,2366.0,2325.0,0.26193548387096777,572.0,2325.0,0.26193548387096777,1.016901334665335,-0.7583642086037168,0.9127968141107273,-0.7583642086037168,True,6476.0,6303.0,0.2847850230049183,1525.0,6303.0,0.2847850230049183,1.0313132625125,-0.7706411309929541,0.9171896753131218,-0.7706411309929541,True,6476.0,6303.0,0.2847850230049183,1525.0,6303.0,0.2847850230049183,1.0045469782254561,-0.7734255368085056,0.8840984993995082,-0.7734255368085056,6476.0,6303.0,0.2847850230049183,1525.0,6303.0,0.2847850230049183,1.0314033857824032,-0.7706673063932074,0.9171498690448763,-0.7706673063932074,1861.0,0.316315205327414,0.925560791885432,-0.8192687194009516,450.0,0.316315205327414,0.7388122375319909,-0.8192687194009516,True,-0.9435114997091181,1.0313132625125,-0.9435114997091181,0.9171896753131218,1.0499755452506967,-0.9029814003523965,0.9295888337188009,-0.9029814003523965,122868.58059130434
3040,29.0,0.0,,0.0,0.0,,-0.5600843650779778,,,,True,23.0,0.0,,0.0,0.0,,-0.7891824364455954,,,,True,47.0,16.0,0.0,0.0,16.0,0.0,-0.4516577180802585,-1.9278563500021768,,-1.9278563500021768,True,99.0,16.0,0.0,0.0,16.0,0.0,-0.49596901257325343,-2.0330722124589147,,-2.0330722124589147,True,99.0,16.0,0.0,0.0,16.0,0.0,-0.519675607729781,-2.037115651389929,,-2.037115651389929,99.0,16.0,0.0,0.0,16.0,0.0,-0.4961598723617471,-2.03311329432655,,-2.03311329432655,29.0,,-0.5600843650779778,,0.0,,,,True,,-0.49596901257325343,,,-0.5563001077824967,,,,40714.30521521739
3050,1787.0,1653.0,0.24742891712038717,478.0,1653.0,0.24742891712038717,0.397071072227028,-1.1022613537202988,0.19524166877619134,-1.1022613537202988,True,2129.0,2038.0,0.22423945044160942,568.0,2038.0,0.22423945044160942,0.45859985506961864,-0.9816865279221784,0.331254570338481,-0.9816865279221784,True,2479.0,2380.0,0.20378151260504201,788.0,2380.0,0.20378151260504201,0.49494430893230534,-1.0180106352028513,0.49380354293156076,-1.0180106352028513,True,6395.0,6071.0,0.22253335529566792,1834.0,6071.0,0.22253335529566792,0.5052928897105662,-1.0465981998023322,0.45967936139240406,-1.0465981998023322,True,6395.0,6071.0,0.22253335529566792,1834.0,6071.0,0.22253335529566792,0.47958041115632427,-1.049657819919225,0.43021605766675214,-1.049657819919225,6395.0,6071.0,0.22253335529566792,1834.0,6071.0,0.22253335529566792,0.5052862379340094,-1.0466276336339608,0.4597033320933296,-1.0466276336339608,1787.0,0.24742891712038717,0.397071072227028,-1.1022613537202988,478.0,0.24742891712038717,0.19524166877619134,-1.1022613537202988,True,-1.2771285990792411,0.5052928897105662,-1.2771285990792411,0.45967936139240406,0.5026437722996946,-1.2086094566837013,0.4295251668586037,-1.2086094566837013,350031.09105869563
3090,3231.0,2584.0,0.26509287925696595,660.0,2584.0,0.26509287925696595,0.18676992256265498,-1.0296958068218416,-0.1917506419356674,-1.0296958068218416,True,3462.0,2868.0,0.23361227336122734,840.0,2868.0,0.23361227336122734,0.17569941210341475,-0.9405218083081085,-0.021654070193838096,-0.9405218083081085,True,3611.0,2851.0,0.20308663626797616,847.0,2851.0,0.20308663626797616,0.1563504320412402,-1.021113125951461,-0.05566232011977002,-1.021113125951461,True,10304.0,8303.0,0.2329278574009394,2347.0,8303.0,0.2329278574009394,0.23323113030546697,-1.000520135739843,0.046756312739420644,-1.000520135739843,True,14775.0,12361.0,0.23792573416390259,3477.0,12361.0,0.23792573416390259,0.3866398683764927,-0.9813564857744718,0.22742022846825152,-0.9813564857744718,10304.0,8303.0,0.2329278574009394,2347.0,8303.0,0.2329278574009394,0.23317442573482128,-1.0005490254933282,0.046837844941677795,-1.0005490254933282,3231.0,0.26509287925696595,0.18676992256265498,-1.0296958068218416,660.0,0.26509287925696595,-0.1917506419356674,-1.0296958068218416,True,-1.2214227237289812,0.23323113030546697,-1.2214227237289812,0.046756312739420644,0.22315349447602784,-1.16640371568687,-0.006747342989393337,-1.16640371568687,975563.9627794116
3100,326.0,233.0,0.22746781115879827,62.0,233.0,0.22746781115879827,0.4725072715958473,-1.1842638263026646,0.09283900524545251,-1.1842638263026646,True,268.0,149.0,0.10738255033557047,44.0,149.0,0.10738255033557047,0.3452935464609793,-1.4949130733385045,-0.059297620262710654,-1.4949130733385045,True,286.0,173.0,0.11560693641618497,57.0,173.0,0.11560693641618497,0.3368331715723332,-1.411693355848695,0.0498529560227458,-1.411693355848695,True,880.0,555.0,0.16036036036036036,163.0,555.0,0.16036036036036036,0.4423749376972025,-1.3222065179855622,0.1605359183793407,-1.3222065179855622,True,1089.0,661.0,0.1588502269288956,202.0,661.0,0.1588502269288956,0.5223737129249666,-1.3322419914236379,0.24634536813977675,-1.3322419914236379,880.0,555.0,0.16036036036036036,163.0,555.0,0.16036036036036036,0.4423567105367935,-1.322239206130607,0.16060158969676006,-1.322239206130607,326.0,0.22746781115879827,0.4725072715958473,-1.1842638263026646,62.0,0.22746781115879827,0.09283900524545251,-1.1842638263026646,True,-1.61032407789512,0.4423749376972025,-1.61032407789512,0.1605359183793407,0.43679242414086783,-1.5858904100586213,0.11251213090853267,-1.5858904100586213,54674.6127
3110,853.0,763.0,0.19528178243774574,215.0,763.0,0.19528178243774574,0.45764306170331565,-1.3164876591309764,0.23116659395284792,-1.3164876591309764,True,605.0,545.0,0.20550458715596331,136.0,545.0,0.20550458715596331,0.25172473066263645,-1.0639686110016902,0.016448757124338957,-1.0639686110016902,True,651.0,562.0,0.15658362989323843,162.0,562.0,0.15658362989323843,0.24815902192012657,-1.2287402091665356,0.07989656215813228,-1.2287402091665356,True,2109.0,1870.0,0.18663101604278076,513.0,1870.0,0.18663101604278076,0.3835907396139166,-1.2057506316680957,0.24227495127326595,-1.2057506316680957,True,2109.0,1870.0,0.18663101604278076,513.0,1870.0,0.18663101604278076,0.35812207371427396,-1.2089689758413487,0.21453557679907154,-1.2089689758413487,2109.0,1870.0,0.18663101604278076,513.0,1870.0,0.18663101604278076,0.38356169758055825,-1.2057819447314457,0.24232922816388808,-1.2057819447314457,853.0,0.19528178243774574,0.45764306170331565,-1.3164876591309764,215.0,0.19528178243774574,0.23116659395284792,-1.3164876591309764,True,-1.4695352401043857,0.3835907396139166,-1.4695352401043857,0.24227495127326595,0.3705627544489212,-1.4021264456971543,0.19511219844082706,-1.4021264456971543,147502.92254565217
3120,0.0,0.0,,0.0,0.0,,,,,,True,0.0,0.0,,0.0,0.0,,,,,,True,0.0,0.0,,0.0,0.0,,,,,,True,0.0,0.0,,0.0,0.0,,,,,,True,0.0,0.0,,0.0,0.0,,,,,,0.0,0.0,,0.0,0.0,,,,,,0.0,,,,0.0,,,,True,,,,,,,,,11275.800606060606
3140,15.0,0.0,,0.0,0.0,,-0.42254485771271577,,,,True,17.0,0.0,,0.0,0.0,,-0.4531554351449127,,,,True,26.0,0.0,,0.0,0.0,,-0.2689081989193642,,,,True,58.0,0.0,,0.0,0.0,,-0.29360939851599754,,,,True,58.0,0.0,,0.0,0.0,,-0.31772139188979426,,,,58.0,0.0,,0.0,0.0,,-0.293763029022006,,,,15.0,,-0.42254485771271577,,0.0,,,,True,,-0.29360939851599754,,,-0.33577239913443224,,,,15868.189904347826
3150,221.0,117.0,0.4017094017094017,43.0,117.0,0.4017094017094017,-0.15565447482275985,-0.4684597381259623,-0.606789950227077,-0.4684597381259623,True,272.0,162.0,0.3333333333333333,54.0,162.0,0.3333333333333333,-0.12149743838961596,-0.5025545588919709,-0.4485917161992314,-0.5025545588919709,True,243.0,187.0,0.3582887700534759,73.0,187.0,0.3582887700534759,-0.21983712337928707,-0.328165102613672,-0.32870785081360615,-0.328165102613672,True,736.0,466.0,0.3605150214592275,170.0,466.0,0.3605150214592275,-0.09508593929942441,-0.4349356123553467,-0.29665324435150914,-0.4349356123553467,True,736.0,466.0,0.3605150214592275,170.0,466.0,0.3605150214592275,-0.11959564570913216,-0.4373852162389641,-0.3201191356872354,-0.4373852162389641,736.0,466.0,0.3605150214592275,170.0,466.0,0.3605150214592275,-0.09520304628280435,-0.4349578238296186,-0.2965238408334166,-0.4349578238296186,221.0,0.4017094017094017,-0.15565447482275985,-0.4684597381259623,43.0,0.4017094017094017,-0.606789950227077,-0.4684597381259623,True,-0.537661771511776,-0.09508593929942441,-0.537661771511776,-0.29665324435150914,-0.11816681208085889,-0.520828942520677,-0.38402838719682314,-0.520828942520677,134995.8500326087
3160,265.0,189.0,0.2698412698412698,67.0,189.0,0.2698412698412698,-0.4299233094091696,-1.0101888832350912,-0.773431101576658,-1.0101888832350912,True,455.0,321.0,0.2585669781931464,115.0,321.0,0.2585669781931464,-0.2430163113981506,-0.8309226580555505,-0.44301543259942777,-0.8309226580555505,True,472.0,365.0,0.27945205479452057,117.0,365.0,0.27945205479452057,-0.2626358280636011,-0.6801560493402122,-0.4868481866617636,-0.6801560493402122,True,1192.0,875.0,0.26971428571428574,299.0,875.0,0.26971428571428574,-0.226046779691986,-0.8374486020304113,-0.3928287316440456,-0.8374486020304113,True,1192.0,875.0,0.26971428571428574,299.0,875.0,0.26971428571428574,-0.25029412500027265,-0.840299635497667,-0.41553199017151404,-0.840299635497667,1192.0,875.0,0.26971428571428574,299.0,875.0,0.26971428571428574,-0.2261879803076067,-0.8374755662764103,-0.3926859212564215,-0.8374755662764103,265.0,0.2698412698412698,-0.4299233094091696,-1.0101888832350912,67.0,0.2698412698412698,-0.773431101576658,-1.0101888832350912,True,-1.0242781015574869,-0.226046779691986,-1.0242781015574869,-0.3928287316440456,-0.26553553757789744,-0.9870693356627379,-0.4920352427992777,-0.9870693356627379,284626.8039173913
3200,0.0,0.0,,0.0,0.0,,,,,,True,45.0,17.0,0.0,0.0,17.0,0.0,0.0972382356955486,-1.966529000996263,,-1.966529000996263,True,0.0,0.0,,0.0,0.0,,,,,,True,45.0,17.0,0.0,0.0,17.0,0.0,-0.38246705318601343,-2.0330722124589147,,-2.0330722124589147,True,45.0,17.0,0.0,0.0,17.0,0.0,-0.4064010331011378,-2.037115651389929,,-2.037115651389929,45.0,17.0,0.0,0.0,17.0,0.0,-0.38263703135478105,-2.03311329432655,,-2.03311329432655,0.0,,,,0.0,,,,True,,-0.38246705318601343,,,0.14684428321638615,,,,14724.461645652173
3210,27.0,15.0,1.0,0.0,15.0,1.0,-0.12816453139753511,1.9893854572765666,,1.9893854572765666,True,24.0,0.0,,0.0,0.0,,-0.262662046681298,,,,True,83.0,36.0,1.0,20.0,36.0,1.0,0.3461720766832316,2.5369535494254416,0.16964824848174054,2.5369535494254416,True,134.0,51.0,1.0,20.0,51.0,1.0,0.1310630771340881,2.399854309256934,-0.2866658086021507,2.399854309256934,True,134.0,51.0,1.0,20.0,51.0,1.0,0.1061003138803731,2.4002318651597716,-0.31021089627352594,2.4002318651597716,134.0,51.0,1.0,20.0,51.0,1.0,0.13098757610877335,2.3998655702661282,-0.2865377973332873,2.3998655702661282,27.0,1.0,-0.12816453139753511,1.9893854572765666,0.0,1.0,,1.9893854572765666,True,2.889445187742198,0.1310630771340881,2.889445187742198,-0.2866658086021507,0.03382139841503516,2.5650964913313454,0.2565021428689325,2.5650964913313454,15585.66641521739
3220,384.0,332.0,0.22289156626506024,91.0,332.0,0.22289156626506024,0.19173040189017124,-1.2030635559945495,-0.10429206616858194,-1.2030635559945495,True,264.0,227.0,0.06607929515418502,63.0,227.0,0.06607929515418502,-0.05193422297282105,-1.6763138032222844,-0.2723412003779379,-1.6763138032222844,True,223.0,196.0,0.1989795918367347,71.0,196.0,0.1989795918367347,-0.17994340379984203,-1.0394502985854568,-0.2511080958361598,-1.0394502985854568,True,871.0,755.0,0.1695364238410596,225.0,755.0,0.1695364238410596,0.06912672475148156,-1.2815297028170223,-0.06182849598663351,-1.2815297028170223,True,871.0,755.0,0.1695364238410596,225.0,755.0,0.1695364238410596,0.04428804202122988,-1.2848236220940858,-0.08715645282715108,-1.2848236220940858,871.0,755.0,0.1695364238410596,225.0,755.0,0.1695364238410596,0.06903982893294337,-1.2815619106605065,-0.06173182705458502,-1.2815619106605065,384.0,0.22289156626506024,0.19173040189017124,-1.2030635559945495,91.0,0.22289156626506024,-0.10429206616858194,-1.2030635559945495,True,-1.5611480189280749,0.06912672475148156,-1.5611480189280749,-0.06182849598663351,0.03533588125491116,-1.520254223592038,-0.1281090443224989,-1.520254223592038,114767.00735869564
3230,0.0,0.0,,0.0,0.0,,,,,,True,38.0,17.0,1.0,0.0,17.0,1.0,-1.3152342020615009,2.4253943253166144,,2.4253943253166144,True,74.0,27.0,1.0,21.0,27.0,1.0,-0.9996106381003429,2.5369535494254416,-1.2233048116189105,2.5369535494254416,True,112.0,44.0,1.0,21.0,44.0,1.0,-1.1814173234705458,2.399854309256934,-1.5680659534150119,2.399854309256934,True,112.0,44.0,1.0,21.0,44.0,1.0,-1.203750722080112,2.4002318651597716,-1.5814500549718267,2.4002318651597716,112.0,44.0,1.0,21.0,44.0,1.0,-1.1817342891963052,2.3998655702661282,-1.5677593148779865,2.3998655702661282,0.0,,,,0.0,,,,True,,-1.1814173234705458,,-1.5680659534150119,-1.1178853340020902,2.8146099236011555,-1.157464280555579,2.8146099236011555,183197.78936956523
3245,1801.0,1362.0,0.3076358296622614,450.0,1362.0,0.3076358296622614,0.5730652236769906,-0.8549245726579459,0.3572197759654297,-0.8549245726579459,True,1989.0,1374.0,0.2678311499272198,476.0,1374.0,0.2678311499272198,0.6089351618934903,-0.7902351261177051,0.4301798571231562,-0.7902351261177051,True,2259.0,1786.0,0.2637178051511758,706.0,1786.0,0.2637178051511758,0.6313543575341455,-0.7504064829078833,0.6347810885323505,-0.7504064829078833,True,6049.0,4522.0,0.2781954887218045,1632.0,4522.0,0.2781954887218045,0.6536017403181649,-0.7998520522823251,0.5857540007324659,-0.7998520522823251,True,6049.0,4522.0,0.2781954887218045,1632.0,4522.0,0.2781954887218045,0.6275921464332693,-0.8026655903948997,0.5552909759868669,-0.8026655903948997,6049.0,4522.0,0.2781954887218045,1632.0,4522.0,0.2781954887218045,0.6536223737888154,-0.7998785725977597,0.5857603966200117,-0.7998785725977597,1801.0,0.3076358296622614,0.5730652236769906,-0.8549245726579459,450.0,0.3076358296622614,0.3572197759654297,-0.8549245726579459,True,-0.9788259160874884,0.6536017403181649,-0.9788259160874884,0.5857540007324659,0.6581281408440989,-0.939112834030733,0.5655063354635399,-0.939112834030733,245593.96373913044
3250,339.0,265.0,0.44150943396226416,92.0,265.0,0.44150943396226416,0.23649337489079167,-0.30495672081454883,0.021156756927201995,-0.30495672081454883,True,376.0,331.0,0.3323262839879154,110.0,331.0,0.3323262839879154,0.24755399935128097,-0.5069774424028598,0.15874609474807394,-0.5069774424028598,True,449.0,388.0,0.3865979381443299,162.0,388.0,0.3865979381443299,0.29836341442084247,-0.20177004867706666,0.34961248813207785,-0.20177004867706666,True,1164.0,984.0,0.383130081300813,364.0,984.0,0.383130081300813,0.3207083751486924,-0.33468471379339126,0.3083623284938146,-0.33468471379339126,True,1164.0,984.0,0.383130081300813,364.0,984.0,0.383130081300813,0.2953656849708885,-0.3370343366142817,0.28009890778394275,-0.3370343366142817,1164.0,984.0,0.383130081300813,364.0,984.0,0.383130081300813,0.32066776427873134,-0.33470574153037136,0.3084073927995149,-0.33470574153037136,339.0,0.44150943396226416,0.23649337489079167,-0.30495672081454883,92.0,0.44150943396226416,0.021156756927201995,-0.30495672081454883,True,-0.41646388326129963,0.3207083751486924,-0.41646388326129963,0.3083623284938146,0.3117222961317569,-0.4119169468536271,0.2634624467420673,-0.4119169468536271,92402.31803043478
3255,1987.0,1674.0,0.35603345280764637,426.0,1674.0,0.35603345280764637,-0.6382563020740248,-0.6561016831513167,-1.1004930224504714,-0.6561016831513167,True,2983.0,2612.0,0.3051301684532925,671.0,2612.0,0.3051301684532925,-0.5385993761564476,-0.6264206966044703,-0.8214249167262806,-0.6264206966044703,True,2973.0,2617.0,0.3018723729461215,857.0,2617.0,0.3018723729461215,-0.5772934191548178,-0.5800535909086276,-0.7475572940104351,-0.5800535909086276,True,7943.0,6903.0,0.3162393162393162,1954.0,6903.0,0.3162393162393162,-0.49746575285119476,-0.6312065602923642,-0.6931762076901462,-0.6312065602923642,True,7943.0,6903.0,0.3162393162393162,1954.0,6903.0,0.3162393162393162,-0.5211693495050655,-0.6338519068400239,-0.7134978319201616,-0.6338519068400239,7943.0,6903.0,0.3162393162393162,1954.0,6903.0,0.3162393162393162,-0.49765688800375685,-0.631231089284421,-0.6929915288437408,-0.631231089284421,1987.0,0.35603345280764637,-0.6382563020740248,-0.6561016831513167,426.0,0.35603345280764637,-1.1004930224504714,-0.6561016831513167,True,-0.7749426812702541,-0.49746575285119476,-0.7749426812702541,-0.6931762076901462,-0.5405831722734613,-0.7357710724814006,-0.8189538453376722,-0.7357710724814006,3276465.9381391304
3256,0.0,0.0,,0.0,0.0,,,,,,True,0.0,0.0,,0.0,0.0,,,,,,True,0.0,0.0,,0.0,0.0,,,,,,True,0.0,0.0,,0.0,0.0,,,,,,True,0.0,0.0,,0.0,0.0,,,,,,0.0,0.0,,0.0,0.0,,,,,,0.0,,,,0.0,,,,True,,,,,,,,,37259.52328260869
3258,1386.0,1234.0,0.23500810372771475,369.0,1234.0,0.23500810372771475,0.45032292807945534,-1.1532874547611565,0.2530286932470724,-1.1532874547611565,True,1251.0,1055.0,0.23222748815165878,373.0,1055.0,0.23222748815165878,0.37038214016973936,-0.9466036787719456,0.2995957009115373,-0.9466036787719456,True,1375.0,1183.0,0.23245984784446322,450.0,1183.0,0.23245984784446322,0.37716417052089735,-0.8899673201267796,0.38045098484694684,-0.8899673201267796,True,4012.0,3472.0,0.23329493087557604,1192.0,3472.0,0.23329493087557604,0.45438701481225463,-0.9988929259987079,0.42404348915813045,-0.9988929259987079,True,4012.0,3472.0,0.23329493087557604,1192.0,3472.0,0.23329493087557604,0.4287765188152954,-1.0019049692455577,0.39486276352053207,-1.0019049692455577,4012.0,3472.0,0.23329493087557604,1192.0,3472.0,0.23329493087557604,0.45437099758397187,-0.9989217965385114,0.42407242750209206,-0.9989217965385114,1386.0,0.23500810372771475,0.45032292807945534,-1.1532874547611565,369.0,0.23500810372771475,0.2530286932470724,-1.1532874547611565,True,-1.2194555155822702,0.45438701481225463,-1.2194555155822702,0.42404348915813045,0.4513198317031185,-1.1658420214725838,0.40001175856188004,-1.1658420214725838,243308.06232608695
3261,169.0,125.0,0.256,41.0,125.0,0.256,0.5414490377191384,-1.0670503794291382,0.3051329389657504,-1.0670503794291382,True,148.0,58.0,0.0,17.0,58.0,0.0,0.45297567378919834,-1.966529000996263,-0.1440089366834821,-1.966529000996263,True,132.0,47.0,0.0,0.0,47.0,0.0,0.3502291803426001,-1.9278563500021768,,-1.9278563500021768,True,449.0,230.0,0.1391304347826087,58.0,230.0,0.1391304347826087,0.5049130791763474,-1.4163172181332313,0.03616069582000245,-1.4163172181332313,True,449.0,230.0,0.1391304347826087,58.0,230.0,0.1391304347826087,0.47920136151757464,-1.4197455621308404,0.010055724226244279,-1.4197455621308404,449.0,230.0,0.1391304347826087,58.0,230.0,0.1391304347826087,0.504906357523824,-1.4163510175136553,0.03624370505198561,-1.4163510175136553,169.0,0.256,0.5414490377191384,-1.0670503794291382,41.0,0.256,0.3051329389657504,-1.0670503794291382,True,-1.7240987999503272,0.5049130791763474,-1.7240987999503272,0.03616069582000245,0.5006407104203456,-1.9180209324548676,0.16607198686682956,-1.9180209324548676,24594.87672352941
3270,505.0,439.0,0.39863325740318906,164.0,439.0,0.39863325740318906,1.3455621861224396,-0.48109688556734215,1.377499477756058,-0.48109688556734215,True,480.0,409.0,0.3422982885085575,135.0,409.0,0.3422982885085575,1.364763921127115,-0.4631811631385545,1.3217475982341913,-0.4631811631385545,True,647.0,549.0,0.3442622950819672,194.0,549.0,0.3442622950819672,1.4719045098736334,-0.39079064692053783,1.5398177545479315,-0.39079064692053783,True,1632.0,1397.0,0.360773085182534,493.0,1397.0,0.360773085182534,1.4236629861511134,-0.4337916348320086,1.4685534651330328,-0.4337916348320086,True,1632.0,1397.0,0.360773085182534,493.0,1397.0,0.360773085182534,1.3961106859426113,-0.43624009781723844,1.4310901968366376,-0.43624009781723844,1632.0,1397.0,0.360773085182534,493.0,1397.0,0.360773085182534,1.4238252922958574,-0.4338138327984828,1.4684367987146323,-0.4338138327984828,505.0,0.39863325740318906,1.3455621861224396,-0.48109688556734215,164.0,0.39863325740318906,1.377499477756058,-0.48109688556734215,True,-0.5362787648552431,1.4236629861511134,-0.5362787648552431,1.4685534651330328,1.4540903700444865,-0.5345211126909322,1.518632386578586,-0.5345211126909322,14049.12913235294
3310,152.0,129.0,0.5038759689922481,23.0,129.0,0.5038759689922481,-0.5444812064998436,-0.04874796721669329,-1.1861611355856296,-0.04874796721669329,True,115.0,107.0,0.45794392523364486,24.0,107.0,0.45794392523364486,-0.7970792335268229,0.04472560638066185,-1.1373219097669265,0.04472560638066185,True,125.0,113.0,0.3805309734513274,27.0,113.0,0.3805309734513274,-0.7889195894090839,-0.22885789269786205,-1.1478601054331217,-0.22885789269786205,True,392.0,349.0,0.4498567335243553,74.0,349.0,0.4498567335243553,-0.6192635188802648,-0.038890367446340834,-0.9637907962632851,-0.038890367446340834,True,392.0,349.0,0.4498567335243553,74.0,349.0,0.4498567335243553,-0.6427231113268456,-0.04094499208247079,-0.9819665559965466,-0.04094499208247079,392.0,349.0,0.4498567335243553,74.0,349.0,0.4498567335243553,-0.6194770618806511,-0.03890790251838235,-0.9635683937246535,-0.03890790251838235,152.0,0.5038759689922481,-0.5444812064998436,-0.04874796721669329,23.0,0.5038759689922481,-1.1861611355856296,-0.04874796721669329,True,-0.05886459340019894,-0.6192635188802648,-0.05886459340019894,-0.9637907962632851,-0.667033532495922,-0.11402382260773412,-1.0902753382585397,-0.11402382260773412,206656.35917173917
3321,76.0,62.0,0.0,22.0,62.0,0.0,-0.20896464986590713,-2.1187272264676604,-0.4483407798983465,-2.1187272264676604,True,102.0,61.0,0.0,28.0,61.0,0.0,-0.13362475779311114,-1.966529000996263,-0.2809942180144088,-1.966529000996263,True,118.0,96.0,0.0,28.0,96.0,0.0,-0.0970227515466585,-1.9278563500021768,-0.3290093644989881,-1.9278563500021768,True,296.0,219.0,0.0,78.0,219.0,0.0,-0.07182003541533762,-2.0330722124589147,-0.20188211684531057,-2.0330722124589147,True,296.0,219.0,0.0,78.0,219.0,0.0,-0.0963763516982738,-2.037115651389929,-0.22609950498283587,-2.037115651389929,296.0,219.0,0.0,78.0,219.0,0.0,-0.07193286203421889,-2.03311329432655,-0.20176592442889893,-2.03311329432655,76.0,0.0,-0.20896464986590713,-2.1187272264676604,22.0,0.0,-0.4483407798983465,-2.1187272264676604,True,-2.4697220706885132,-0.07182003541533762,-2.4697220706885132,-0.20188211684531057,-0.09888769841787388,-2.319247480778453,-0.273808661753246,-2.319247480778453,51806.30918235294
3322,0.0,0.0,,0.0,0.0,,,,,,True,47.0,0.0,,0.0,0.0,,-0.8309626039096325,,,,True,39.0,17.0,1.0,0.0,17.0,1.0,-0.9634703736831922,2.5369535494254416,,2.5369535494254416,True,86.0,17.0,1.0,0.0,17.0,1.0,-0.9601799096718266,2.399854309256934,,2.399854309256934,True,86.0,17.0,1.0,0.0,17.0,1.0,-0.9829565254399403,2.4002318651597716,,2.4002318651597716,86.0,17.0,1.0,0.0,17.0,1.0,-0.960456173055802,2.3998655702661282,,2.3998655702661282,0.0,,,,0.0,,,,True,,-0.9601799096718266,,,-0.8555911858941532,,,,90089.67430588236
3323,35.0,32.0,0.0,0.0,32.0,0.0,-1.317022631522541,-2.1187272264676604,,-2.1187272264676604,True,33.0,19.0,1.0,0.0,19.0,1.0,-1.5161780934904745,2.4253943253166144,,2.4253943253166144,True,60.0,17.0,0.0,0.0,17.0,0.0,-1.2351369597370072,-1.9278563500021768,,-1.9278563500021768,True,128.0,68.0,0.27941176470588236,0.0,68.0,0.27941176470588236,-1.2350865679679104,-0.7944603902147803,,-0.7944603902147803,True,128.0,68.0,0.27941176470588236,0.0,68.0,0.27941176470588236,-1.2573124480088986,-0.7972685511775128,,-0.7972685511775128,128.0,68.0,0.27941176470588236,0.0,68.0,0.27941176470588236,-1.2354134075386731,-0.7944868468668309,,-0.7944868468668309,35.0,0.0,-1.317022631522541,-2.1187272264676604,0.0,0.0,,-2.1187272264676604,True,-0.9723076896564027,-1.2350865679679104,-0.9723076896564027,,-1.3181700129314091,-0.6436793234300102,,-0.6436793234300102,233270.0131352941
3324,87.0,32.0,1.0,16.0,32.0,1.0,-0.14438565625125915,1.9893854572765666,-0.6250654408642052,1.9893854572765666,True,49.0,16.0,0.0,0.0,16.0,0.0,-0.5197735880945117,-1.966529000996263,,-1.966529000996263,True,69.0,60.0,0.35,15.0,60.0,0.35,-0.37821757070611417,-0.36517288520251057,-0.6902737154024065,-0.36517288520251057,True,205.0,108.0,0.49074074074074076,31.0,108.0,0.49074074074074076,-0.2553394839230242,0.14234543245719644,-0.6926071741015353,0.14234543245719644,True,205.0,108.0,0.49074074074074076,31.0,108.0,0.49074074074074076,-0.27952814553530964,0.1404715558057573,-0.7129333105383082,0.1404715558057573,205.0,108.0,0.49074074074074076,31.0,108.0,0.49074074074074076,-0.25548607368887455,0.14233003737170896,-0.6924225745784512,0.14233003737170896,87.0,1.0,-0.14438565625125915,1.9893854572765666,16.0,1.0,-0.6250654408642052,1.9893854572765666,True,0.160239639467299,-0.2553394839230242,0.160239639467299,-0.6926071741015353,-0.3014216954131057,-0.15577495465597943,-0.5832961689634063,-0.15577495465597943,51925.05415588235
3330,88.0,60.0,0.0,19.0,60.0,0.0,0.06433133668248865,-2.1187272264676604,-0.30003828772573415,-2.1187272264676604,True,78.0,42.0,0.0,15.0,42.0,0.0,-0.056179720571040266,-1.966529000996263,-0.39704561801263777,-1.966529000996263,True,76.0,42.0,0.0,0.0,42.0,0.0,-0.109645137174486,-1.9278563500021768,,-1.9278563500021768,True,242.0,144.0,0.0,34.0,144.0,0.0,0.0345964515672337,-2.0330722124589147,-0.42182293879030064,-2.0330722124589147,True,242.0,144.0,0.0,34.0,144.0,0.0,0.009826945244813815,-2.037115651389929,-0.4442962849540095,-2.037115651389929,242.0,144.0,0.0,34.0,144.0,0.0,0.03450320301225324,-2.03311329432655,-0.42167608660820977,-2.03311329432655,88.0,0.0,0.06433133668248865,-2.1187272264676604,19.0,0.0,-0.30003828772573415,-2.1187272264676604,True,-2.4697220706885132,0.0345964515672337,-2.4697220706885132,-0.42182293879030064,0.014723009471882558,-2.319247480778453,-0.26950520558030655,-2.319247480778453,34183.72182647059
3401,18.0,11.5,0.0,0.0,11.5,0.0,-1.400519383590472,-2.1187272264676604,,-2.1187272264676604,True,7.5,0.0,,0.0,0.0,,-2.035165749585334,,,,True,7.5,0.0,,0.0,0.0,,-2.0628971473077238,,,,True,33.0,11.5,0.0,0.0,11.5,0.0,-1.6632331907311504,-2.0330722124589147,,-2.0330722124589147,True,66.0,23.0,0.0,0.0,23.0,0.0,-1.3411549847525464,-2.037115651389929,,-2.037115651389929,33.0,11.5,0.0,0.0,11.5,0.0,-1.6636387989417833,-2.03311329432655,,-2.03311329432655,18.0,0.0,-1.400519383590472,-2.1187272264676604,0.0,0.0,,-2.1187272264676604,True,,-1.6632331907311504,,,-1.7987442334753638,,,,142455.97963529412
3402,18.0,11.5,0.0,0.0,11.5,0.0,-1.198193855361854,-2.1187272264676604,,-2.1187272264676604,True,7.5,0.0,,0.0,0.0,,-1.8165695157662543,,,,True,7.5,0.0,,0.0,0.0,,-1.8456462286296225,,,,True,33.0,11.5,0.0,0.0,11.5,0.0,-1.4565330639275214,-2.0330722124589147,,-2.0330722124589147,True,66.0,23.0,0.0,0.0,23.0,0.0,-1.1348689517556578,-2.037115651389929,,-2.037115651389929,33.0,11.5,0.0,0.0,11.5,0.0,-1.4569006443061367,-2.03311329432655,,-2.03311329432655,18.0,0.0,-1.198193855361854,-2.1187272264676604,0.0,0.0,,-2.1187272264676604,True,,-1.4565330639275214,,,-1.584312842140541,,,,93944.51257941176
3421,450.0,88.0,1.0,281.0,88.0,1.0,-0.26791064670020553,1.9893854572765666,-0.09157597504947704,1.9893854572765666,True,155.0,26.0,1.0,26.0,26.0,1.0,-0.9114208955716538,2.4253943253166144,-1.3802487018358482,2.4253943253166144,True,199.0,98.0,1.0,20.0,98.0,1.0,-0.8156746102118334,2.5369535494254416,-1.6186518024903072,2.5369535494254416,True,804.0,212.0,1.0,327.0,212.0,1.0,-0.5189370334352615,2.399854309256934,-0.4493940183366814,2.399854309256934,True,804.0,212.0,1.0,327.0,212.0,1.0,-0.5425976154841093,2.4002318651597716,-0.47164873696427817,2.4002318651597716,804.0,212.0,1.0,327.0,212.0,1.0,-0.519132118784971,2.3998655702661282,-0.44924332274420886,2.3998655702661282,450.0,1.0,-0.26791064670020553,1.9893854572765666,281.0,1.0,-0.09157597504947704,1.9893854572765666,True,2.889445187742198,-0.5189370334352615,2.889445187742198,-0.4493940183366814,-0.6215131697450228,2.6269870859117606,-0.961404595804771,2.6269870859117606,346305.16814411763
3422,0.0,0.0,,0.0,0.0,,,,,,True,31.0,0.0,,0.0,0.0,,-0.9526674313846167,,,,True,19.0,0.0,,0.0,0.0,,-1.2425196087316341,,,,True,50.0,0.0,,0.0,0.0,,-1.1378997314891974,,,,True,50.0,0.0,,0.0,0.0,,-1.1603203112998706,,,,50.0,0.0,,0.0,0.0,,-1.138208691028878,,,,0.0,,,,0.0,,,,True,,-1.1378997314891974,,,-1.0575762922894483,,,,74921.3420852941
3423,0.0,0.0,,0.0,0.0,,,,,,True,0.0,0.0,,0.0,0.0,,,,,,True,0.0,0.0,,0.0,0.0,,,,,,True,0.0,0.0,,0.0,0.0,,,,,,True,0.0,0.0,,0.0,0.0,,,,,,0.0,0.0,,0.0,0.0,,,,,,0.0,,,,0.0,,,,True,,,,,,,,,105503.23183823528
3424,155.0,107.0,0.3364485981308411,45.0,107.0,0.3364485981308411,-0.29792497499991294,-0.7365584730583878,-0.5475879991065292,-0.7365584730583878,True,82.0,56.0,0.26785714285714285,30.0,56.0,0.26785714285714285,-0.7185383347090908,-0.7901209671624568,-0.7414053808273131,-0.7901209671624568,True,120.0,37.0,0.0,19.0,37.0,0.0,-0.5556759270834303,-1.9278563500021768,-1.0691991851928224,-1.9278563500021768,True,357.0,200.0,0.255,94.0,200.0,0.255,-0.4235140069535454,-0.9026759494213731,-0.5780971490861663,-0.9026759494213731,True,357.0,200.0,0.255,94.0,200.0,0.255,-0.44736575523386846,-0.9055920346697555,-0.5993313038175127,-0.9055920346697555,357.0,200.0,0.255,94.0,200.0,0.255,-0.4236915367706203,-0.9027036838554169,-0.5779285122684311,-0.9027036838554169,155.0,0.3364485981308411,-0.29792497499991294,-0.7365584730583878,45.0,0.3364485981308411,-0.5475879991065292,-0.7365584730583878,True,-1.1031344197886819,-0.4235140069535454,-1.1031344197886819,-0.5780971490861663,-0.47942632739066926,-1.3431216529092134,-0.7136276733273073,-1.3431216529092134,126882.17617058822
3430,637.0,591.0,0.5786802030456852,160.0,591.0,0.5786802030456852,0.6941377673638875,0.25855625549600375,0.4973831593156604,0.25855625549600375,True,605.0,539.0,0.45269016697588127,144.0,539.0,0.45269016697588127,0.6605492580533309,0.02165150293758106,0.48189054983893403,0.02165150293758106,True,767.0,694.0,0.47982708933717577,196.0,694.0,0.47982708933717577,0.740034958438629,0.21448038848398565,0.6387949531062833,0.21448038848398565,True,2009.0,1824.0,0.5038377192982456,500.0,1824.0,0.5038377192982456,0.7460492867286026,0.2004033760591035,0.6417263891210216,0.2004033760591035,True,2009.0,1824.0,0.5038377192982456,500.0,1824.0,0.5038377192982456,0.7198544875561783,0.19858740108220616,0.6108195259198731,0.19858740108220616,2009.0,1824.0,0.5038377192982456,500.0,1824.0,0.5038377192982456,0.7460869283154052,0.20038866650715148,0.6417249824537834,0.20038866650715148,637.0,0.5786802030456852,0.6941377673638875,0.25855625549600375,160.0,0.5786802030456852,0.4973831593156604,0.25855625549600375,True,0.2304285381370481,0.7460492867286026,0.2304285381370481,0.6417263891210216,0.7526699016128394,0.1635517071802298,0.63178733677707,0.1635517071802298,67708.98387058823
3500,31.0,15.0,1.0,0.0,15.0,1.0,-1.837917068159092,1.9893854572765666,,1.9893854572765666,True,100.0,60.0,0.7,22.0,60.0,0.7,-1.4331298374456618,1.1078173274227505,-1.7825588746269139,1.1078173274227505,True,117.0,111.0,0.7747747747747747,50.0,111.0,0.7747747747747747,-1.3826378171719862,1.5313657342390405,-1.41051148221241,1.5313657342390405,True,248.0,186.0,0.7688172043010753,72.0,186.0,0.7688172043010753,-1.3786168732151525,1.375037962838754,-1.5468346085660485,1.375037962838754,True,248.0,186.0,0.7688172043010753,72.0,186.0,0.7688172043010753,-1.400555211049943,1.374393460796131,-1.5603870661208528,1.374393460796131,248.0,186.0,0.7688172043010753,72.0,186.0,0.7688172043010753,-1.3789701188961665,1.3750371230753478,-1.5465309296799528,1.3750371230753478,31.0,1.0,-1.837917068159092,1.9893854572765666,0.0,1.0,,1.9893854572765666,True,1.6504979183200446,-1.3786168732151525,1.6504979183200446,-1.5468346085660485,-1.5148515437594525,1.7406735745286763,-1.5363250059992235,1.7406735745286763,603465.7131717391
3515,281.0,197.5,0.6810126582278481,36.0,197.5,0.6810126582278481,-0.21484449067199857,0.6789495125885345,-0.9041396719942808,0.6789495125885345,True,347.5,252.0,0.6845238095238095,43.0,252.0,0.6845238095238095,-0.18294257135080763,1.0398470854679087,-0.7770300164084516,1.0398470854679087,True,394.0,285.0,0.6701754385964912,79.0,285.0,0.6701754385964912,-0.15653907943467577,1.0643495825966829,-0.4919112661056743,1.0643495825966829,True,1022.5,734.5,0.6780122532334921,158.0,734.5,0.6780122532334921,-0.11157538681666199,0.9725062869481549,-0.5275255726311271,0.9725062869481549,True,1175.0,837.0,0.6977299880525687,216.0,837.0,0.6977299880525687,-0.06717048747194553,1.0589547783173887,-0.3845953217232971,1.0589547783173887,1022.5,734.5,0.6780122532334921,158.0,734.5,0.6780122532334921,-0.11169552746020432,0.9725006941923795,-0.5273639854946217,0.9725006941923795,281.0,0.6810126582278481,-0.21484449067199857,0.6789495125885345,36.0,0.6810126582278481,-0.9041396719942808,0.6789495125885345,True,1.16385899765525,-0.11157538681666199,1.16385899765525,-0.5275255726311271,-0.1374325618423579,1.0366241917981822,-0.6509929707189901,1.0366241917981822,193878.6250869565
3520,0.0,0.0,,0.0,0.0,,,,,,True,0.0,0.0,,0.0,0.0,,,,,,True,0.0,0.0,,0.0,0.0,,,,,,True,0.0,0.0,,0.0,0.0,,,,,,True,0.0,0.0,,0.0,0.0,,,,,,0.0,0.0,,0.0,0.0,,,,,,0.0,,,,0.0,,,,True,,,,,,,,,46377.43459347826
3545,174.0,123.0,0.37398373983739835,39.0,123.0,0.37398373983739835,-0.3723277497106009,-0.582359881327543,-0.774500603068922,-0.582359881327543,True,427.0,350.0,0.41714285714285715,123.0,350.0,0.41714285714285715,0.006740876069862775,-0.13446955630574867,-0.10529382180634313,-0.13446955630574867,True,403.0,331.0,0.37462235649546827,110.0,331.0,0.37462235649546827,-0.06374337731370601,-0.25523874417430786,-0.21148045589710593,-0.25523874417430786,True,1004.0,804.0,0.39303482587064675,272.0,804.0,0.39303482587064675,-0.043564778822218785,-0.29077770889895416,-0.15699260229406206,-0.29077770889895416,True,1004.0,804.0,0.39303482587064675,272.0,804.0,0.39303482587064675,-0.06817770042487102,-0.2930835428952708,-0.18156594616945035,-0.2930835428952708,1004.0,804.0,0.39303482587064675,272.0,804.0,0.39303482587064675,-0.04367240715618388,-0.29079821819310925,-0.1568826674790608,-0.29079821819310925,174.0,0.37398373983739835,-0.3723277497106009,-0.582359881327543,39.0,0.37398373983739835,-0.774500603068922,-0.582359881327543,True,-0.3633827004595272,-0.043564778822218785,-0.3633827004595272,-0.15699260229406206,-0.095432890716953,-0.3960323329775148,-0.2849510920814505,-0.3960323329775148,166000.19469565217
3550,1309.0,1006.5,0.3243914555389965,297.0,1006.5,0.3243914555389965,0.8595082342770259,-0.7860905734696574,0.6288453285633144,-0.7860905734696574,True,1644.5,1195.0,0.26485355648535563,389.0,1195.0,0.26485355648535563,0.9860843558898382,-0.8033124882113045,0.8237111284117998,-0.8033124882113045,True,2036.0,1633.0,0.2976117575015309,466.0,1633.0,0.2976117575015309,1.0511953580306153,-0.5990764289232899,0.9191286764902801,-0.5990764289232899,True,4989.5,3834.5,0.29443212935193636,1152.0,3834.5,0.29443212935193636,1.0090537828759072,-0.7278762174094445,0.8829391527786568,-0.7278762174094445,True,5142.0,3937.0,0.30861061722123445,1210.0,3937.0,0.30861061722123445,0.9972494650745998,-0.6677030954824142,0.875971870108476,-0.6677030954824142,4989.5,3834.5,0.29443212935193636,1152.0,3834.5,0.29443212935193636,1.0091398109390706,-0.7279018878523985,0.882904121035604,-0.7279018878523985,1309.0,0.3243914555389965,0.8595082342770259,-0.7860905734696574,297.0,0.3243914555389965,0.6288453285633144,-0.7860905734696574,True,-0.8918110432355799,1.0090537828759072,-0.8918110432355799,0.8829391527786568,1.0221708155041689,-0.8601069316953651,0.8867823821822265,-0.8601069316953651,99006.18543529412
3603,51.0,16.0,0.0,0.0,16.0,0.0,-1.9656253843948654,-2.1187272264676604,,-2.1187272264676604,True,112.0,55.0,0.2727272727272727,21.0,55.0,0.2727272727272727,-1.772997721139721,-0.7687317301836604,-2.232050506920785,-0.7687317301836604,True,92.0,28.0,0.0,18.0,28.0,0.0,-1.9049910257502978,-1.9278563500021768,-2.4383343492548297,-1.9278563500021768,True,255.0,99.0,0.15151515151515152,39.0,99.0,0.15151515151515152,-1.7424352512708516,-1.3614166788656044,-2.275608547556919,-1.3614166788656044,True,255.0,99.0,0.15151515151515152,39.0,99.0,0.15151515151515152,-1.7636447316082575,-1.3647902700945198,-2.283382121829467,-1.3647902700945198,255.0,99.0,0.15151515151515152,39.0,99.0,0.15151515151515152,-1.7428554307480832,-1.3614498299943258,-2.2752032775336937,-1.3614498299943258,51.0,0.0,-1.9656253843948654,-2.1187272264676604,0.0,0.0,,-2.1187272264676604,True,-1.6577270315323447,-1.7424352512708516,-1.6577270315323447,-2.275608547556919,-1.8474761558757857,-1.8622743469561507,-2.2861252536647014,-1.8622743469561507,1291184.4490794116
3605,123.0,63.0,0.0,39.0,63.0,0.0,-0.018192861047316197,-2.1187272264676604,-0.181872047528415,-2.1187272264676604,True,58.0,25.0,0.0,20.0,25.0,0.0,-0.47671075809967783,-1.966529000996263,-0.5178779199861261,-1.966529000996263,True,71.0,34.0,0.0,24.0,34.0,0.0,-0.40850107263499325,-1.9278563500021768,-0.46917250220673073,-1.9278563500021768,True,252.0,122.0,0.0,83.0,122.0,0.0,-0.19585488528772205,-2.0330722124589147,-0.2160810583044103,-2.0330722124589147,True,252.0,122.0,0.0,83.0,122.0,0.0,-0.2201627156894622,-2.037115651389929,-0.24018585456531424,-2.037115651389929,252.0,122.0,0.0,83.0,122.0,0.0,-0.19599053132383448,-2.03311329432655,-0.21596288655458443,-2.03311329432655,123.0,0.0,-0.018192861047316197,-2.1187272264676604,39.0,0.0,-0.181872047528415,-2.1187272264676604,True,-2.4697220706885132,-0.19585488528772205,-2.4697220706885132,-0.2160810583044103,-0.2547258924595432,-2.319247480778453,-0.31122407207348757,-2.319247480778453,56622.62064117647
3610,271.0,221.0,0.3574660633484163,100.0,221.0,0.3574660633484163,0.6255995949052072,-0.6502163576179141,0.631611360956252,-0.6502163576179141,True,422.0,400.0,0.2725,146.0,400.0,0.2725,0.846101982404888,-0.769729894576004,0.8869790722999299,-0.769729894576004,True,441.0,394.0,0.3197969543147208,147.0,394.0,0.3197969543147208,0.823619252349732,-0.5000237425710096,0.8844286535476457,-0.5000237425710096,True,1134.0,1015.0,0.30935960591133005,393.0,1015.0,0.30935960591133005,0.8164171993473323,-0.6617038106670166,0.8925609002992004,-0.6617038106670166,True,1134.0,1015.0,0.30935960591133005,393.0,1015.0,0.30935960591133005,0.7900814282400608,-0.6643795723784947,0.8596650206339509,-0.6643795723784947,1134.0,1015.0,0.30935960591133005,393.0,1015.0,0.30935960591133005,0.8164677869308398,-0.6617286997629036,0.8925245272838827,-0.6617286997629036,271.0,0.3574660633484163,0.6255995949052072,-0.6502163576179141,100.0,0.3574660633484163,0.631611360956252,-0.6502163576179141,True,-0.8118121996074853,0.8164171993473323,-0.8118121996074853,0.8925609002992004,0.820072801964177,-0.7576675383483591,0.8973845958539717,-0.7576675383483591,33168.48620434783
3620,17.0,0.0,,0.0,0.0,,-1.1643992633625615,,,,True,17.0,0.0,,0.0,0.0,,-1.3203863846997836,,,,True,15.0,0.0,,0.0,0.0,,-1.4178300886967388,,,,True,49.0,0.0,,0.0,0.0,,-1.197363551085516,,,,True,81.0,0.0,,0.0,0.0,,-0.9706182584792732,,,,49.0,0.0,,0.0,0.0,,-1.1976834505320932,,,,17.0,,-1.1643992633625615,,0.0,,,,True,,-1.197363551085516,,,-1.2624860437555447,,,,82765.07633043478
3630,177.0,129.0,0.37209302325581395,59.0,129.0,0.37209302325581395,-0.3602635451362008,-0.5901271580977154,-0.5421469185295659,-0.5901271580977154,True,219.0,138.0,0.14492753623188406,55.0,138.0,0.14492753623188406,-0.3397871710134669,-1.3300183739943967,-0.5492025410027517,-1.3300183739943967,True,269.0,216.0,0.23148148148148148,86.0,216.0,0.23148148148148148,-0.27064450071058516,-0.8943355399494874,-0.3489651412524146,-0.8943355399494874,True,665.0,483.0,0.2443064182194617,200.0,483.0,0.2443064182194617,-0.2442580824567232,-0.9500798117084588,-0.31601447976038344,-0.9500798117084588,True,665.0,483.0,0.2443064182194617,200.0,483.0,0.2443064182194617,-0.26846894405402155,-0.9530431732266483,-0.3393268443114073,-0.9530431732266483,665.0,483.0,0.2443064182194617,200.0,483.0,0.2443064182194617,-0.24440263351229313,-0.9501081058753366,-0.31588237728474566,-0.9501081058753366,177.0,0.37209302325581395,-0.3602635451362008,-0.5901271580977154,59.0,0.37209302325581395,-0.5421469185295659,-0.5901271580977154,True,-1.1604431131422939,-0.2442580824567232,-1.1604431131422939,-0.31601447976038344,-0.2773360751765043,-1.0989335774207063,-0.4030528091398631,-1.0989335774207063,164721.91249565218
3640,0.0,0.0,,0.0,0.0,,,,,,True,25.0,0.0,,0.0,0.0,,-1.8026930352245676,,,,True,21.0,15.0,0.0,0.0,15.0,0.0,-1.922837181906816,-1.9278563500021768,,-1.9278563500021768,True,46.0,15.0,0.0,0.0,15.0,0.0,-1.8762649632361232,-2.0330722124589147,,-2.0330722124589147,True,46.0,15.0,0.0,0.0,15.0,0.0,-1.8972063351028685,-2.037115651389929,,-2.037115651389929,46.0,15.0,0.0,0.0,15.0,0.0,-1.8767097641486885,-2.03311329432655,,-2.03311329432655,0.0,,,,0.0,,,,True,,-1.8762649632361232,,,-1.8288885716569132,,,,304980.7284978261
3645,38.0,21.0,0.0,18.0,21.0,0.0,-1.7071211595980031,-2.1187272264676604,-1.8755602355305647,-2.1187272264676604,True,314.0,244.0,0.2581967213114754,75.0,244.0,0.2581967213114754,-0.7979345607981575,-0.8325487978908891,-1.063063730973361,-0.8325487978908891,True,265.0,203.0,0.2315270935960591,53.0,203.0,0.2315270935960591,-0.9218148509975448,-0.8941318905287874,-1.3391108523885982,-0.8941318905287874,True,617.0,468.0,0.23504273504273504,146.0,468.0,0.23504273504273504,-0.8935617758897062,-0.9911450385513433,-1.1370270499141386,-0.9911450385513433,True,617.0,468.0,0.23504273504273504,146.0,468.0,0.23504273504273504,-0.9164718514531396,-0.9941493547649995,-1.1538291160552694,-0.9941493547649995,617.0,468.0,0.23504273504273504,146.0,468.0,0.23504273504273504,-0.8938257831457345,-0.9911738176060486,-1.1367804982298544,-0.9911738176060486,38.0,0.0,-1.7071211595980031,-2.1187272264676604,18.0,0.0,-1.8755602355305647,-2.1187272264676604,True,-1.2100887407154828,-0.8935617758897062,-1.2100887407154828,-1.1370270499141386,-1.1026316645080794,-1.4922437657108703,-1.3631274956624118,-1.4922437657108703,565181.6529934782
3646,668.0,607.0,0.6803953871499177,108.0,607.0,0.6803953871499177,0.9422217749351435,0.6764136934439802,0.535911122718762,0.6764136934439802,True,717.0,629.0,0.6772655007949125,109.0,629.0,0.6772655007949125,0.9928134017615127,1.0079691500518857,0.5846383282992681,1.0079691500518857,True,666.0,601.0,0.6755407653910149,142.0,601.0,0.6755407653910149,0.9079432956488944,1.0883047467825366,0.7199241643281055,1.0883047467825366,True,2051.0,1837.0,0.6777354382144801,359.0,1837.0,0.6777354382144801,0.9861775562352878,0.9712791863087673,0.7115849068968614,0.9712791863087673,True,2051.0,1837.0,0.6777354382144801,359.0,1837.0,0.6777354382144801,0.9595016948072971,0.9702320122488173,0.6801240938370543,0.9702320122488173,2051.0,1837.0,0.6777354382144801,359.0,1837.0,0.6777354382144801,0.9862593756251555,0.9712735790636975,0.7115737619474489,0.9712735790636975,668.0,0.6803953871499177,0.9422217749351435,0.6764136934439802,108.0,0.6803953871499177,0.535911122718762,0.6764136934439802,True,1.1623754996687192,0.9861775562352878,1.1623754996687192,0.7115849068968614,1.004090378778479,1.0326341219129345,0.7070406828453468,1.0326341219129345,42616.89023478261
3647,52.0,31.0,1.0,0.0,31.0,1.0,-0.31527732739078074,1.9893854572765666,,1.9893854572765666,True,28.0,22.0,1.0,0.0,22.0,1.0,-0.7280101354447868,2.4253943253166144,,2.4253943253166144,True,22.0,16.0,1.0,0.0,16.0,1.0,-0.8896307076585862,2.5369535494254416,,2.5369535494254416,True,102.0,69.0,1.0,0.0,69.0,1.0,-0.5209675622705708,2.399854309256934,,2.399854309256934,True,102.0,69.0,1.0,0.0,69.0,1.0,-0.5446240764485949,2.4002318651597716,,2.4002318651597716,102.0,69.0,1.0,0.0,69.0,1.0,-0.5211630211885535,2.3998655702661282,,2.3998655702661282,52.0,1.0,-0.31527732739078074,1.9893854572765666,0.0,1.0,,1.9893854572765666,True,2.889445187742198,-0.5209675622705708,2.889445187742198,,-0.6006510852884356,2.6269870859117606,,2.6269870859117606,44114.28905869566
3648,421.0,341.0,0.40175953079178883,124.0,341.0,0.40175953079178883,0.49852993025096,-0.46825380220678336,0.36335000006010326,-0.46825380220678336,True,360.0,262.0,0.3549618320610687,97.0,262.0,0.3549618320610687,0.39408648391609935,-0.40756385081650154,0.26833928836067017,-0.40756385081650154,True,373.0,311.0,0.3054662379421222,100.0,311.0,0.3054662379421222,0.36991608478953236,-0.5640076668972774,0.257421693206861,-0.5640076668972774,True,1154.0,914.0,0.35557986870897157,321.0,914.0,0.35557986870897157,0.47657236796007174,-0.4568127818706751,0.4127935529114428,-0.4568127818706751,True,1154.0,914.0,0.35557986870897157,321.0,914.0,0.35557986870897157,0.45091742681699226,-0.4592842040391056,0.3837020347290293,-0.4592842040391056,1154.0,914.0,0.35557986870897157,321.0,914.0,0.35557986870897157,0.4765604323010449,-0.4568352516650395,0.41282405949728956,-0.4568352516650395,421.0,0.40175953079178883,0.49852993025096,-0.46825380220678336,124.0,0.40175953079178883,0.36335000006010326,-0.46825380220678336,True,-0.5641100805463017,0.47657236796007174,-0.5641100805463017,0.4127935529114428,0.47304723130641574,-0.5744869433526241,0.38513588477998756,-0.5744869433526241,66926.00878695653
3649,54.0,22.0,1.0,0.0,22.0,1.0,-0.7546856573440127,1.9893854572765666,,1.9893854572765666,True,0.0,0.0,,0.0,0.0,,,,,,True,0.0,0.0,,0.0,0.0,,,,,,True,54.0,22.0,1.0,0.0,22.0,1.0,-1.3043716299011172,2.399854309256934,,2.399854309256934,True,54.0,22.0,1.0,0.0,22.0,1.0,-1.3264587073419822,2.4002318651597716,,2.4002318651597716,54.0,22.0,1.0,0.0,22.0,1.0,-1.304711216250207,2.3998655702661282,,2.3998655702661282,54.0,1.0,-0.7546856573440127,1.9893854572765666,0.0,1.0,,1.9893854572765666,True,,-1.3043716299011172,,,-0.7119165093394274,,,,113148.61757608697
3655,18.0,0.0,,0.0,0.0,,-1.5312325964152862,,,,True,18.0,0.0,,0.0,0.0,,-1.7167198861945476,,,,True,0.0,0.0,,0.0,0.0,,,,,,True,36.0,0.0,,0.0,0.0,,-1.7535729620496132,,,,True,36.0,0.0,,0.0,0.0,,-1.7747601295944435,,,,36.0,0.0,,0.0,0.0,,-1.753995190596679,,,,18.0,,-1.5312325964152862,,0.0,,,,True,,-1.7535729620496132,,,-1.5881833647977301,,,,186420.31164565217
3700,39.0,0.0,,0.0,0.0,,-0.470867330259893,,,,True,0.0,0.0,,0.0,0.0,,,,,,True,0.0,0.0,,0.0,0.0,,,,,,True,39.0,0.0,,0.0,0.0,,-1.0144167007772331,,,,True,39.0,0.0,,0.0,0.0,,-1.0370846609792301,,,,39.0,0.0,,0.0,0.0,,-1.014702942421083,,,,39.0,,-0.470867330259893,,0.0,,,,True,,-1.0144167007772331,,,-0.4258204701275005,,,,45570.56021086957
3710,69.0,34.0,0.5294117647058824,0.0,34.0,0.5294117647058824,-0.5391510696125729,0.0561559590439892,,0.0561559590439892,True,100.0,28.0,0.0,0.0,28.0,0.0,-0.4500271835004908,-1.966529000996263,,-1.966529000996263,True,99.0,59.0,0.0,15.0,59.0,0.0,-0.4927585809176496,-1.9278563500021768,-1.0250507677506102,-1.9278563500021768,True,268.0,121.0,0.1487603305785124,15.0,121.0,0.1487603305785124,-0.4105087714677629,-1.3736285976582099,-1.3856888383496853,-1.3736285976582099,True,268.0,121.0,0.1487603305785124,15.0,121.0,0.1487603305785124,-0.4343865738562916,-1.3770143679362548,-1.4005191168413895,-1.3770143679362548,268.0,121.0,0.1487603305785124,15.0,121.0,0.1487603305785124,-0.41068390863555376,-1.3736618929821844,-1.3854076231950212,-1.3736618929821844,69.0,0.5294117647058824,-0.5391510696125729,0.0561559590439892,0.0,0.5294117647058824,,0.0561559590439892,True,-1.6724905776988206,-0.4105087714677629,-1.6724905776988206,-1.3856888383496853,-0.4491175609546918,-1.4895050784548616,-0.9562194795874465,-1.4895050784548616,92787.82012391304
3720,32.0,17.0,1.0,0.0,17.0,1.0,-0.5634294818480131,1.9893854572765666,,1.9893854572765666,True,43.0,41.0,0.6097560975609756,0.0,41.0,0.6097560975609756,-0.5159520444854183,0.711473027243296,,0.711473027243296,True,41.0,35.0,0.4857142857142857,0.0,35.0,0.4857142857142857,-0.5778867247722245,0.24076560114838053,,0.24076560114838053,True,116.0,93.0,0.6344086021505376,0.0,93.0,0.6344086021505376,-0.46958244923940934,0.779214505618882,,0.779214505618882,True,116.0,93.0,0.6344086021505376,0.0,93.0,0.6344086021505376,-0.4933419060589977,0.777975783840526,,0.777975783840526,116.0,93.0,0.6344086021505376,0.0,93.0,0.6344086021505376,-0.469768454537422,0.7792066305225686,,0.7792066305225686,32.0,1.0,-0.5634294818480131,1.9893854572765666,0.0,1.0,,1.9893854572765666,True,0.9301797384234435,-0.46958244923940934,0.9301797384234435,,-0.508030392612304,1.0970852954098314,,1.0970852954098314,45236.436860869566
3725,0.0,0.0,,0.0,0.0,,,,,,True,0.0,0.0,,0.0,0.0,,,,,,True,0.0,0.0,,0.0,0.0,,,,,,True,0.0,0.0,,0.0,0.0,,,,,,True,0.0,0.0,,0.0,0.0,,,,,,0.0,0.0,,0.0,0.0,,,,,,0.0,,,,0.0,,,,True,,,,,,,,,77220.08416470588
3740,0.0,0.0,,0.0,0.0,,,,,,True,0.0,0.0,,0.0,0.0,,,,,,True,0.0,0.0,,0.0,0.0,,,,,,True,0.0,0.0,,0.0,0.0,,,,,,True,0.0,0.0,,0.0,0.0,,,,,,0.0,0.0,,0.0,0.0,,,,,,0.0,,,,0.0,,,,True,,,,,,,,,314557.46207608696
3750,0.0,0.0,,0.0,0.0,,,,,,True,0.0,0.0,,0.0,0.0,,,,,,True,45.0,41.0,0.4878048780487805,0.0,41.0,0.4878048780487805,-0.2858002288537471,0.25009969849910024,,0.25009969849910024,True,45.0,41.0,0.4878048780487805,0.0,41.0,0.4878048780487805,-0.7080324400149134,0.12933096886588963,,0.12933096886588963,True,45.0,41.0,0.4878048780487805,0.0,41.0,0.4878048780487805,-0.7313141967676254,0.12744411278065643,,0.12744411278065643,45.0,41.0,0.4878048780487805,0.0,41.0,0.4878048780487805,-0.7082623143532311,0.12931542010890287,,0.12931542010890287,0.0,,,,0.0,,,,True,,-0.7080324400149134,,,-0.23926815955370992,,,,28367.76478260869
3801,0.0,0.0,,0.0,0.0,,,,,,True,0.0,0.0,,0.0,0.0,,,,,,True,0.0,0.0,,0.0,0.0,,,,,,True,0.0,0.0,,0.0,0.0,,,,,,True,0.0,0.0,,0.0,0.0,,,,,,0.0,0.0,,0.0,0.0,,,,,,0.0,,,,0.0,,,,True,,,,,,,,,20695.150894117647
3802,0.0,0.0,,0.0,0.0,,,,,,True,0.0,0.0,,0.0,0.0,,,,,,True,0.0,0.0,,0.0,0.0,,,,,,True,0.0,0.0,,0.0,0.0,,,,,,True,0.0,0.0,,0.0,0.0,,,,,,0.0,0.0,,0.0,0.0,,,,,,0.0,,,,0.0,,,,True,,,,,,,,,311063.0615147059
3820,207.0,136.0,0.6176470588235294,15.0,136.0,0.6176470588235294,-0.23186313231675473,0.41863648996259756,-1.237404216941776,0.41863648996259756,True,261.0,136.0,0.6029411764705882,15.0,136.0,0.6029411764705882,-0.1911481243316729,0.681542416339442,-1.2128152173284432,0.681542416339442,True,292.0,169.0,0.38461538461538464,58.0,169.0,0.38461538461538464,-0.17166198917701636,-0.2106217732992467,-0.514049570155335,-0.2106217732992467,True,760.0,441.0,0.5238095238095238,88.0,441.0,0.5238095238095238,-0.12451925946666,0.288936917963673,-0.6944453669260833,0.288936917963673,True,760.0,441.0,0.5238095238095238,88.0,441.0,0.5238095238095238,-0.1489700004766772,0.2872092382313427,-0.7147569272354524,0.2872092382313427,760.0,441.0,0.5238095238095238,88.0,441.0,0.5238095238095238,-0.12464178147020633,0.28892325379342454,-0.6942605111587933,0.28892325379342454,207.0,0.6176470588235294,-0.23186313231675473,0.41863648996259756,15.0,0.6176470588235294,-1.237404216941776,0.41863648996259756,True,0.3374607789656691,-0.12451925946666,0.3374607789656691,-0.6944453669260833,-0.1509895284553971,0.31419866757794646,-0.9187008041082759,0.31419866757794646,147911.77705869565
3840,18.0,0.0,,0.0,0.0,,-0.32568499283005176,,,,True,39.0,0.0,,0.0,0.0,,-0.008255388487999294,,,,True,16.0,0.0,,0.0,0.0,,-0.5133934175551802,,,,True,73.0,0.0,,0.0,0.0,,-0.1709755764464179,,,,True,73.0,0.0,,0.0,0.0,,-0.19533324894485377,,,,73.0,0.0,,0.0,0.0,,-0.1711066452904794,,,,18.0,,-0.32568499283005176,,0.0,,,,True,,-0.1709755764464179,,,-0.23588560057156055,,,,15600.8877
3870,701.0,640.0,0.5046875,167.0,640.0,0.5046875,-0.4315245821873061,-0.04541410639049603,-0.8080174344290604,-0.04541410639049603,True,623.0,569.0,0.3427065026362039,173.0,569.0,0.3427065026362039,-0.5905114776125117,-0.46138831798921376,-0.7591694885031927,-0.46138831798921376,True,838.0,777.0,0.33462033462033464,223.0,777.0,0.33462033462033464,-0.4724273521522269,-0.43384016743952464,-0.6777761957968291,-0.43384016743952464,True,2162.0,1986.0,0.391742195367573,563.0,1986.0,0.391742195367573,-0.4150438901631627,-0.2965078449388088,-0.5749184213900541,-0.2965078449388088,True,2162.0,1986.0,0.391742195367573,563.0,1986.0,0.391742195367573,-0.4389126070973492,-0.29881939364790155,-0.5961777821494417,-0.29881939364790155,2162.0,1986.0,0.391742195367573,563.0,1986.0,0.391742195367573,-0.4152198616832813,-0.296528421892963,-0.5747502276871781,-0.296528421892963,701.0,0.5046875,-0.4315245821873061,-0.04541410639049603,167.0,0.5046875,-0.8080174344290604,-0.04541410639049603,True,-0.37031012352884896,-0.4150438901631627,-0.37031012352884896,-0.5749184213900541,-0.4533265965550253,-0.3840431168646283,-0.6753151510715181,-0.3840431168646283,755403.3838647058
3900,72.0,17.0,1.0,24.0,17.0,1.0,0.6635270751968818,1.9893854572765666,0.6185973043140839,1.9893854572765666,True,150.0,52.0,0.6346153846153846,49.0,52.0,0.6346153846153846,1.0399144789364019,0.8206531099330625,1.0605675087171627,0.8206531099330625,True,331.0,227.0,0.8766519823788547,43.0,227.0,0.8766519823788547,1.4062740061703554,1.9862280992757793,0.9849252448334546,1.9862280992757793,True,553.0,296.0,0.8412162162162162,116.0,296.0,0.8412162162162162,1.1566809444277517,1.6959774629034041,0.9897908351274695,1.6959774629034041,True,553.0,296.0,0.8412162162162162,116.0,296.0,0.8412162162162162,1.129663504123296,1.695653036518434,0.9561239613104643,1.695653036518434,553.0,296.0,0.8412162162162162,116.0,296.0,0.8412162162162162,1.1567941323237974,1.6959804127125613,0.9897409082525614,1.6959804127125613,72.0,1.0,0.6635270751968818,1.9893854572765666,24.0,1.0,0.6185973043140839,1.9893854572765666,True,2.038496332518403,1.1566809444277517,2.038496332518403,0.9897908351274695,1.0937162850871,1.8046523043923546,0.9857210463739995,1.8046523043923546,8150.697315217391
3910,18.0,0.0,,0.0,0.0,,-1.2136258172554004,,,,True,60.0,17.0,0.0,15.0,17.0,0.0,-0.741417531067349,-1.966529000996263,-0.9777201315773595,-1.966529000996263,True,80.0,44.0,0.38636363636363635,27.0,44.0,0.38636363636363635,-0.62699126826871,-0.20281616158696078,-0.7115367957930601,-0.20281616158696078,True,158.0,61.0,0.2786885245901639,42.0,61.0,0.2786885245901639,-0.6947629039233943,-0.7976664605053175,-0.8628867814719168,-0.7976664605053175,True,158.0,61.0,0.2786885245901639,42.0,61.0,0.2786885245901639,-0.7180712442723469,-0.8004778189088652,-0.8818626693285821,-0.8004778189088652,158.0,61.0,0.2786885245901639,42.0,61.0,0.2786885245901639,-0.6949903369874988,-0.7976929550138364,-0.8626784449598747,-0.7976929550138364,18.0,,-1.2136258172554004,,0.0,,,,True,-0.9761836544045446,-0.6947629039233943,-0.9761836544045446,-0.8628867814719168,-0.818759673886521,-1.266621762434849,-0.7730754187481456,-1.266621762434849,96975.55435652174
3930,20.0,0.0,,0.0,0.0,,-2.221231048964368,,,,True,0.0,0.0,,0.0,0.0,,,,,,True,0.0,0.0,,0.0,0.0,,,,,,True,20.0,0.0,,0.0,0.0,,-2.8026260571362074,,,,True,20.0,0.0,,0.0,0.0,,-2.8217115985411083,,,,20.0,0.0,,0.0,0.0,,-2.8032412861206426,,,,20.0,,-2.221231048964368,,0.0,,,,True,,-2.8026260571362074,,,-2.1902312897050114,,,,856784.1918304347
3940,0.0,0.0,,0.0,0.0,,,,,,True,0.0,0.0,,0.0,0.0,,,,,,True,0.0,0.0,,0.0,0.0,,,,,,True,0.0,0.0,,0.0,0.0,,,,,,True,0.0,0.0,,0.0,0.0,,,,,,0.0,0.0,,0.0,0.0,,,,,,0.0,,,,0.0,,,,True,,,,,,,,,50242.17436086956
3945,59.0,41.0,1.0,0.0,41.0,1.0,-0.23147938506766294,1.9893854572765666,,1.9893854572765666,True,49.0,25.0,1.0,0.0,25.0,1.0,-0.40995458862284334,2.4253943253166144,,2.4253943253166144,True,75.0,24.0,1.0,0.0,24.0,1.0,-0.2255637895749265,2.5369535494254416,,2.5369535494254416,True,183.0,90.0,1.0,0.0,90.0,1.0,-0.2078595329720213,2.399854309256934,,2.399854309256934,True,183.0,90.0,1.0,0.0,90.0,1.0,-0.23214331379849007,2.4002318651597716,,2.4002318651597716,183.0,90.0,1.0,0.0,90.0,1.0,-0.2079973875734241,2.3998655702661282,,2.3998655702661282,59.0,1.0,-0.23147938506766294,1.9893854572765666,0.0,1.0,,1.9893854572765666,True,2.889445187742198,-0.2078595329720213,2.889445187742198,,-0.24249285809155124,2.6269870859117606,,2.6269870859117606,42125.15222826087
3946,0.0,0.0,,0.0,0.0,,,,,,True,0.0,0.0,,0.0,0.0,,,,,,True,0.0,0.0,,0.0,0.0,,,,,,True,0.0,0.0,,0.0,0.0,,,,,,True,0.0,0.0,,0.0,0.0,,,,,,0.0,0.0,,0.0,0.0,,,,,,0.0,,,,0.0,,,,True,,,,,,,,,30064.6893
3960,145.0,60.0,0.6166666666666667,19.0,60.0,0.6166666666666667,-0.3411364099102328,0.41460892850794634,-1.0349060680731432,0.41460892850794634,True,157.0,79.0,0.4430379746835443,41.0,79.0,0.4430379746835443,-0.3891696569269654,-0.020740185541191135,-0.5798241968067724,-0.020740185541191135,True,155.0,63.0,0.5396825396825397,15.0,63.0,0.5396825396825397,-0.4337212325980687,0.48172359572066453,-1.2183396764709586,0.48172359572066453,True,457.0,202.0,0.5247524752475248,75.0,202.0,0.5247524752475248,-0.31194332222875026,0.29311695240187746,-0.7096800240795026,0.29311695240187746,True,457.0,202.0,0.5247524752475248,75.0,202.0,0.5247524752475248,-0.33601858623822534,0.2913934414529831,-0.7298707797046966,0.2913934414529831,457.0,202.0,0.5247524752475248,75.0,202.0,0.5247524752475248,-0.31210032573400137,0.29310333758842,-0.7094930445999594,0.29310333758842,145.0,0.6166666666666667,-0.3411364099102328,0.41460892850794634,19.0,0.6166666666666667,-1.0349060680731432,0.41460892850794634,True,0.3425142134384939,-0.31194332222875026,0.3425142134384939,-0.7096800240795026,-0.3422972819286804,0.30887094144516725,-0.874308049538607,0.30887094144516725,129733.77263235296
4000,230.0,199.0,0.542713567839196,94.0,199.0,0.542713567839196,-0.7014240001410166,0.11080126521262366,-0.8166387659519478,0.11080126521262366,True,281.0,229.0,0.5021834061135371,80.0,229.0,0.5021834061135371,-0.7150234242788802,0.239022014401033,-0.8773488374352726,0.239022014401033,True,273.0,234.0,0.5170940170940171,89.0,234.0,0.5170940170940171,-0.7659512428371075,0.3808701364539849,-0.8850870148368881,0.3808701364539849,True,784.0,662.0,0.5196374622356495,263.0,662.0,0.5196374622356495,-0.6411065334047036,0.2704424755626141,-0.6821199737375739,0.2704424755626141,True,784.0,662.0,0.5196374622356495,263.0,662.0,0.5196374622356495,-0.6645223665310799,0.2686963511676192,-0.702529269441739,0.2686963511676192,784.0,662.0,0.5196374622356495,263.0,662.0,0.5196374622356495,-0.6413240949923057,0.2704285930146606,-0.6819368361309406,0.2704285930146606,230.0,0.542713567839196,-0.7014240001410166,0.11080126521262366,94.0,0.542713567839196,-0.8166387659519478,0.11080126521262366,True,0.31510200317880516,-0.6411065334047036,0.31510200317880516,-0.6821199737375739,-0.684478631730754,0.25359037237848847,-0.7883657281746804,0.25359037237848847,431902.5517891304
4010,258.0,231.0,0.5497835497835498,85.0,231.0,0.5497835497835498,-0.7278595242711009,0.13984554771206625,-0.9653609592382516,0.13984554771206625,True,318.0,283.0,0.4381625441696113,108.0,283.0,0.4381625441696113,-0.7389557217116058,-0.0421527025411509,-0.8044923084351266,-0.0421527025411509,True,468.0,417.0,0.4844124700239808,126.0,417.0,0.4844124700239808,-0.5730222578644757,0.23495324156707698,-0.7822235872896893,0.23495324156707698,True,1044.0,931.0,0.4865735767991407,319.0,931.0,0.4865735767991407,-0.5829541567761936,0.12387270090013963,-0.669515142668878,0.12387270090013963,True,1044.0,931.0,0.4865735767991407,319.0,931.0,0.4865735767991407,-0.6064864897779279,0.12198040123844285,-0.6900243895974782,0.12198040123844285,1044.0,931.0,0.4865735767991407,319.0,931.0,0.4865735767991407,-0.5831610197307371,0.12385708769330321,-0.6693337621765612,0.12385708769330321,258.0,0.5497835497835498,-0.7278595242711009,0.13984554771206625,85.0,0.5497835497835498,-0.9653609592382516,0.13984554771206625,True,0.13790711091096292,-0.5829541567761936,0.13790711091096292,-0.669515142668878,-0.6365768810862228,0.10173083827722407,-0.7792307156960071,0.10173083827722407,511566.2495369565
4020,962.0,786.0,0.6017811704834606,287.0,786.0,0.6017811704834606,-0.7385850875015405,0.35345763283389103,-1.0321921668756966,0.35345763283389103,True,1125.0,868.0,0.5288018433179723,441.0,868.0,0.5288018433179723,-0.7781449702685757,0.3559281496691866,-0.7661846151876271,0.3559281496691866,True,1744.0,1485.0,0.5582491582491582,474.0,1485.0,0.5582491582491582,-0.5848451176790972,0.5646200180957998,-0.7898356904506677,0.5646200180957998,True,3831.0,3139.0,0.5610066900286715,1202.0,3139.0,0.5610066900286715,-0.6018496366954643,0.45382922262920566,-0.6756552487710646,0.45382922262920566,True,3831.0,3139.0,0.5610066900286715,1202.0,3139.0,0.5610066900286715,-0.6253441153362412,0.45226599137656415,-0.6961158071357539,0.45226599137656415,3831.0,3139.0,0.5610066900286715,1202.0,3139.0,0.5610066900286715,-0.6020599759620323,0.4538175054656471,-0.6754730123475355,0.4538175054656471,962.0,0.6017811704834606,-0.7385850875015405,0.35345763283389103,287.0,0.6017811704834606,-1.0321921668756966,0.35345763283389103,True,0.5368066142737304,-0.6018496366954643,0.5368066142737304,-0.6756552487710646,-0.6573212583045326,0.4608701592453183,-0.7914576292391967,0.4608701592453183,1950034.1005673916
4030,79.0,64.0,0.46875,19.0,64.0,0.46875,-1.598996806696379,-0.193049405962554,-2.126426486023269,-0.193049405962554,True,187.0,114.0,0.3684210526315789,25.0,114.0,0.3684210526315789,-1.337512729341408,-0.34845198603888744,-1.9585344405979983,-0.34845198603888744,True,201.0,125.0,0.456,50.0,125.0,0.456,-1.3318638581112996,0.1080969641368171,-1.6664643313746335,0.1080969641368171,True,467.0,303.0,0.42574257425742573,94.0,303.0,0.42574257425742573,-1.2847467372739123,-0.1457866636095929,-1.640841362828336,-0.1457866636095929,True,467.0,303.0,0.42574257425742573,94.0,303.0,0.42574257425742573,-1.3068731303485919,-0.1479478968192646,-1.6536483847527474,-0.1479478968192646,467.0,303.0,0.42574257425742573,94.0,303.0,0.42574257425742573,-1.285082713116653,-0.14580546088610274,-1.640524579394242,-0.14580546088610274,79.0,0.46875,-1.598996806696379,-0.193049405962554,19.0,0.46875,-2.126426486023269,-0.193049405962554,True,-0.18809640620811136,-1.2847467372739123,-0.18809640620811136,-1.640841362828336,-1.3853836947115596,-0.1905260509763777,-1.861768083800951,-0.1905260509763777,940601.4776391304
4040,141.0,121.0,0.5702479338842975,63.0,121.0,0.5702479338842975,-0.8961840141617256,0.22391554360136154,-0.9883265799250474,0.22391554360136154,True,102.0,53.0,0.5283018867924528,51.0,53.0,0.5283018867924528,-1.2006082933226974,0.3537323789426153,-1.0787440258595205,0.3537323789426153,True,149.0,118.0,0.4491525423728814,75.0,118.0,0.4491525423728814,-1.0357178296206828,0.07752436753734666,-0.9327158310074812,0.07752436753734666,True,392.0,292.0,0.5136986301369864,189.0,292.0,0.5136986301369864,-0.9412745836580764,0.24411606924443263,-0.8104224166844884,0.24411606924443263,True,392.0,292.0,0.5136986301369864,189.0,292.0,0.5136986301369864,-0.9640890735123735,0.2423436893034104,-0.8298143257850035,0.2423436893034104,392.0,292.0,0.5136986301369864,189.0,292.0,0.5136986301369864,-0.9415473689185837,0.24410187584092205,-0.8102213937084997,0.24410187584092205,141.0,0.5702479338842975,-0.8961840141617256,0.22391554360136154,63.0,0.5702479338842975,-0.9883265799250474,0.22391554360136154,True,0.283274808642332,-0.9412745836580764,0.283274808642332,-0.8104224166844884,-1.0037240813651598,0.22477821321540756,-0.9307185473835698,0.22477821321540756,395298.6684326087
4055,79.0,29.0,1.0,18.0,29.0,1.0,-1.4937208147151824,1.9893854572765666,-2.0368578306537355,1.9893854572765666,True,149.0,54.0,0.6851851851851852,37.0,54.0,0.6851851851851852,-1.3430437255021068,1.0427517966625601,-1.6195719784761753,1.0427517966625601,True,318.0,273.0,0.4652014652014652,73.0,273.0,0.4652014652014652,-0.9794361595979717,0.14917975705755765,-1.3232960325365537,0.14917975705755765,True,546.0,356.0,0.5421348314606742,128.0,356.0,0.5421348314606742,-1.0995993254733036,0.3701716602690598,-1.362132129732204,0.3701716602690598,True,546.0,356.0,0.5421348314606742,128.0,356.0,0.5421348314606742,-1.122096634607621,0.368524996627184,-1.3771492034183181,0.368524996627184,546.0,356.0,0.5421348314606742,128.0,356.0,0.5421348314606742,-1.0999012386631406,0.37015895529813264,-1.3618541983843386,0.37015895529813264,79.0,1.0,-1.4937208147151824,1.9893854572765666,18.0,1.0,-2.0368578306537355,1.9893854572765666,True,0.435669167730384,-1.0995993254733036,0.435669167730384,-1.362132129732204,-1.2334498641073661,1.1885308429256176,-1.600654460061356,1.1885308429256176,757399.8521558823
4110,78.0,72.0,0.4861111111111111,28.0,72.0,0.4861111111111111,-1.901719357485372,-0.12172800520310564,-2.248972604656013,-0.12172800520310564,True,168.0,144.0,0.4583333333333333,53.0,144.0,0.4583333333333333,-1.7141480689228423,0.04643585689713877,-1.8798805581564393,0.04643585689713877,True,262.0,213.0,0.5117370892018779,81.0,213.0,0.5117370892018779,-1.5119660545810567,0.3569524717706416,-1.7401378622750097,0.3569524717706416,True,508.0,429.0,0.48951048951048953,162.0,429.0,0.48951048951048953,-1.5459097892266163,0.13689181915024226,-1.675789492576195,0.13689181915024226,True,508.0,429.0,0.48951048951048953,162.0,429.0,0.48951048951048953,-1.5675129799015908,0.1350125035644698,-1.688319389932972,0.1350125035644698,508.0,429.0,0.48951048951048953,162.0,429.0,0.48951048951048953,-1.5462938127644523,0.13687635966986614,-1.6754678373704146,0.13687635966986614,78.0,0.4861111111111111,-1.901719357485372,-0.12172800520310564,28.0,0.4861111111111111,-2.248972604656013,-0.12172800520310564,True,0.15364651735449253,-1.5459097892266163,0.15364651735449253,-1.675789492576195,-1.6741695167688244,0.0822791960076407,-1.9015478514454787,0.0822791960076407,1731421.3095847825
4120,0.0,0.0,,0.0,0.0,,,,,,True,0.0,0.0,,0.0,0.0,,,,,,True,0.0,0.0,,0.0,0.0,,,,,,True,0.0,0.0,,0.0,0.0,,,,,,True,0.0,0.0,,0.0,0.0,,,,,,0.0,0.0,,0.0,0.0,,,,,,0.0,,,,0.0,,,,True,,,,,,,,,181944.4742347826
4130,0.0,0.0,,0.0,0.0,,,,,,True,0.0,0.0,,0.0,0.0,,,,,,True,0.0,0.0,,0.0,0.0,,,,,,True,0.0,0.0,,0.0,0.0,,,,,,True,0.0,0.0,,0.0,0.0,,,,,,0.0,0.0,,0.0,0.0,,,,,,0.0,,,,0.0,,,,True,,,,,,,,,284014.22245869564
4140,0.0,0.0,,0.0,0.0,,,,,,True,0.0,0.0,,0.0,0.0,,,,,,True,20.0,15.0,0.0,0.0,15.0,0.0,-1.8259752059055456,-1.9278563500021768,,-1.9278563500021768,True,20.0,15.0,0.0,0.0,15.0,0.0,-2.1734088121539203,-2.0330722124589147,,-2.0330722124589147,True,20.0,15.0,0.0,0.0,15.0,0.0,-2.193754899298539,-2.037115651389929,,-2.037115651389929,20.0,15.0,0.0,0.0,15.0,0.0,-2.173908280359372,-2.03311329432655,,-2.03311329432655,0.0,,,,0.0,,,,True,,-2.1734088121539203,,,-1.7918034209473166,,,,241250.7892869565
4150,1132.0,1064.0,0.5,422.0,1064.0,0.5,0.2656803898570892,-0.06467088459554692,0.22917240420517984,-0.06467088459554692,True,1697.0,1651.0,0.4161114476075106,524.0,1651.0,0.4161114476075106,0.43728096715366566,-0.1389994279030186,0.39003858171060696,-0.1389994279030186,True,2547.0,2473.0,0.5539830165790538,713.0,2473.0,0.5539830165790538,0.6062227136513667,0.5455725065347569,0.5434974018259547,0.5455725065347569,True,5376.0,5188.0,0.4990362374710871,1659.0,5188.0,0.4990362374710871,0.5115562989404667,0.1791187599239559,0.5052515361702005,0.1791187599239559,True,5376.0,5188.0,0.4990362374710871,1659.0,5188.0,0.4990362374710871,0.4858312725517784,0.17728155762070585,0.4754268634865365,0.17728155762070585,5376.0,5188.0,0.4990362374710871,1659.0,5188.0,0.4990362374710871,0.511550799479962,0.179103799048632,0.5052691541068332,0.179103799048632,1132.0,0.5,0.2656803898570892,-0.06467088459554692,422.0,0.5,0.22917240420517984,-0.06467088459554692,True,0.2046965939369902,0.5115562989404667,0.2046965939369902,0.5052515361702005,0.4887225520008018,0.10526214734105581,0.47771080273963856,0.10526214734105581,290567.11831086955
4200,649.0,606.0,0.5346534653465347,217.0,606.0,0.5346534653465347,-0.07090345720840978,0.07768945593024326,-0.21238347242929762,0.07768945593024326,True,612.0,527.0,0.49335863377609107,204.0,527.0,0.49335863377609107,-0.1697744028194894,0.2002642909228033,-0.21121199214997718,0.2002642909228033,True,747.0,675.0,0.522962962962963,247.0,675.0,0.522962962962963,-0.10496906970691275,0.407073864068859,-0.14644328462885056,0.407073864068859,True,2008.0,1808.0,0.5182522123893806,668.0,1808.0,0.5182522123893806,-0.045046424860549925,0.26430176477988554,-0.049642004628987255,0.26430176477988554,True,2008.0,1808.0,0.5182522123893806,668.0,1808.0,0.5182522123893806,-0.06965637819967112,0.2625495162024767,-0.07506659542882776,0.2625495162024767,2008.0,1808.0,0.5182522123893806,668.0,1808.0,0.5182522123893806,-0.045154325781607864,0.2642878097239699,-0.04954703449467068,0.2642878097239699,649.0,0.5346534653465347,-0.07090345720840978,0.07768945593024326,217.0,0.5346534653465347,-0.21238347242929762,0.07768945593024326,True,0.3076782175579343,-0.045046424860549925,0.3076782175579343,-0.049642004628987255,-0.06731459054115045,0.2361683539831649,-0.1085846827557669,0.2361683539831649,332992.6525717392
4210,377.0,169.0,0.5443786982248521,121.0,169.0,0.5443786982248521,-0.2225682742959656,0.11764180847002531,-0.4068825642627633,0.11764180847002531,True,426.0,179.0,0.5921787709497207,86.0,179.0,0.5921787709497207,-0.2386559300052981,0.6342747564851056,-0.5635387940733201,0.6342747564851056,True,707.0,454.0,0.7775330396475771,120.0,454.0,0.7775330396475771,-0.013091417500020233,1.5436808625483722,-0.4294787169646852,1.5436808625483722,True,1510.0,802.0,0.6870324189526185,327.0,802.0,0.6870324189526185,-0.07181943156570622,1.0124920187947422,-0.3059957037695786,1.0124920187947422,True,1510.0,802.0,0.6870324189526185,327.0,802.0,0.6870324189526185,-0.09637574905836778,1.011485946638606,-0.32938751317172055,1.011485946638606,1510.0,802.0,0.6870324189526185,327.0,802.0,0.6870324189526185,-0.07193225807349374,1.01248689818039,-0.3058649979120017,1.01248689818039,377.0,0.5443786982248521,-0.2225682742959656,0.11764180847002531,121.0,0.5443786982248521,-0.4068825642627633,0.11764180847002531,True,1.2121995744428111,-0.07181943156570622,1.2121995744428111,-0.3059957037695786,-0.11054835390072647,0.850618857634421,-0.38937807649456974,0.850618857634421,264281.8639217391
4220,0.0,0.0,,0.0,0.0,,,,,,True,0.0,0.0,,0.0,0.0,,,,,,True,0.0,0.0,,0.0,0.0,,,,,,True,0.0,0.0,,0.0,0.0,,,,,,True,0.0,0.0,,0.0,0.0,,,,,,0.0,0.0,,0.0,0.0,,,,,,0.0,,,,0.0,,,,True,,,,,,,,,2171073.5692391307
4230,0.0,0.0,,0.0,0.0,,,,,,True,0.0,0.0,,0.0,0.0,,,,,,True,0.0,0.0,,0.0,0.0,,,,,,True,0.0,0.0,,0.0,0.0,,,,,,True,0.0,0.0,,0.0,0.0,,,,,,0.0,0.0,,0.0,0.0,,,,,,0.0,,,,0.0,,,,True,,,,,,,,,1341855.6190478262
4240,55.0,43.0,0.627906976744186,0.0,43.0,0.627906976744186,-0.7231493190412325,0.4607853889066217,,0.4607853889066217,True,67.0,22.0,1.0,0.0,22.0,1.0,-0.7400268866360751,2.4253943253166144,,2.4253943253166144,True,29.0,0.0,,0.0,0.0,,-1.2127039564115578,,,,True,151.0,65.0,0.7538461538461538,0.0,65.0,0.7538461538461538,-0.7707320959617429,1.3086723962191866,,1.3086723962191866,True,151.0,65.0,0.7538461538461538,0.0,65.0,0.7538461538461538,-0.7938882430227056,1.307961707239845,,1.307961707239845,151.0,65.0,0.7538461538461538,0.0,65.0,0.7538461538461538,-0.7709735055227077,1.3086707728279305,,1.3086707728279305,55.0,0.627906976744186,-0.7231493190412325,0.4607853889066217,0.0,0.627906976744186,,0.4607853889066217,True,1.5702655548977154,-0.7707320959617429,1.5702655548977154,,-0.8502925669409489,1.626487658957753,,1.626487658957753,108002.9376347826
4251,123.0,102.0,0.38235294117647056,47.0,102.0,0.38235294117647056,-1.4903989041949057,-0.5479782591536914,-1.7482106761136909,-0.5479782591536914,True,117.0,102.0,0.37254901960784315,36.0,102.0,0.37254901960784315,-1.6988607240358908,-0.3303222715855834,-1.8775791148608452,-0.3303222715855834,True,145.0,118.0,0.2542372881355932,59.0,118.0,0.2542372881355932,-1.616699090214694,-0.7927351891307485,-1.6974662424445284,-0.7927351891307485,True,385.0,322.0,0.33229813664596275,142.0,322.0,0.33229813664596275,-1.4894757932462823,-0.5600189894042691,-1.538315780259881,-0.5600189894042691,True,385.0,322.0,0.33229813664596275,142.0,322.0,0.33229813664596275,-1.5111920412695343,-0.5625933399898733,-1.5519357886858802,-0.5625933399898733,385.0,322.0,0.33229813664596275,142.0,322.0,0.33229813664596275,-1.489849434291604,-0.5600426778314673,-1.538013288899036,-0.5600426778314673,123.0,0.38235294117647056,-1.4903989041949057,-0.5479782591536914,47.0,0.38235294117647056,-1.7482106761136909,-0.5479782591536914,True,-0.6888807767379351,-1.4894757932462823,-0.6888807767379351,-1.538315780259881,-1.5660168877823697,-0.6626963120094201,-1.7168919630766313,-0.6626963120094201,1171209.519
4252,0.0,0.0,,0.0,0.0,,,,,,True,0.0,0.0,,0.0,0.0,,,,,,True,0.0,0.0,,0.0,0.0,,,,,,True,0.0,0.0,,0.0,0.0,,,,,,True,0.0,0.0,,0.0,0.0,,,,,,0.0,0.0,,0.0,0.0,,,,,,0.0,,,,0.0,,,,True,,,,,,,,,102890.9187735294
4255,0.0,0.0,,0.0,0.0,,,,,,True,0.0,0.0,,0.0,0.0,,,,,,True,0.0,0.0,,0.0,0.0,,,,,,True,0.0,0.0,,0.0,0.0,,,,,,True,0.0,0.0,,0.0,0.0,,,,,,0.0,0.0,,0.0,0.0,,,,,,0.0,,,,0.0,,,,True,,,,,,,,,15570.750820588237
4330,205.5,0.0,,32.0,0.0,,-0.4711236404990927,,-1.0871903082470389,,True,586.6666666666666,120.5,0.48132780082987553,117.0,120.5,0.48132780082987553,-0.02056835454778224,0.1474257950713458,-0.3390178967793168,0.1474257950713458,True,590.6666666666666,155.5,0.3858520900321543,134.5,155.5,0.3858520900321543,-0.057152439488523755,-0.20510011871177766,-0.30871104336129024,-0.20510011871177766,True,1382.8333333333333,276.0,0.427536231884058,283.5,276.0,0.427536231884058,-0.06816165115851386,-0.13783551114561687,-0.3311446889955483,-0.13783551114561687,True,1650.0,328.0,0.39634146341463417,304.0,328.0,0.39634146341463417,-0.0052018601485072655,-0.27841084300132823,-0.3175931030424195,-0.27841084300132823,1382.8333333333333,276.0,0.427536231884058,283.5,276.0,0.427536231884058,-0.06827380472303313,-0.13785421453692653,-0.3310104773677044,-0.13785421453692653,205.5,,-0.4711236404990927,,32.0,,-1.0871903082470389,,True,-0.17848389498262926,-0.06816165115851386,-0.17848389498262926,-0.3311446889955483,-0.13559066218464264,-0.058182490965056344,-0.5027357756918087,-0.058182490965056344,240248.47503235296
4340,0.0,0.0,,0.0,0.0,,,,,,True,22.0,0.0,,0.0,0.0,,-1.0449726656213036,,,,True,25.0,18.0,0.0,0.0,18.0,0.0,-1.0120913408580368,-1.9278563500021768,,-1.9278563500021768,True,47.0,18.0,0.0,0.0,18.0,0.0,-1.085635523583008,-2.0330722124589147,,-2.0330722124589147,True,47.0,18.0,0.0,0.0,18.0,0.0,-1.1081608071746747,-2.037115651389929,,-2.037115651389929,47.0,18.0,0.0,0.0,18.0,0.0,-1.0859348677704896,-2.03311329432655,,-2.03311329432655,0.0,,,,0.0,,,,True,,-1.085635523583008,,,-0.987960539752538,,,,63389.26386086956
4350,25.0,0.0,,0.0,0.0,,-1.5855928855169774,,,,True,0.0,0.0,,0.0,0.0,,,,,,True,0.0,0.0,,0.0,0.0,,,,,,True,25.0,0.0,,0.0,0.0,,-2.1532443892067845,,,,True,25.0,0.0,,0.0,0.0,,-2.1736308728561755,,,,25.0,0.0,,0.0,0.0,,-2.153740147645337,,,,25.0,,-1.5855928855169774,,0.0,,,,True,,-2.1532443892067845,,,-1.5494919731056886,,,,289561.0146739131
4400,0.0,0.0,,0.0,0.0,,,,,,True,52.0,0.0,,0.0,0.0,,-0.6884140125575607,,,,True,55.0,0.0,,0.0,0.0,,-0.6951648651600931,,,,True,107.0,0.0,,0.0,0.0,,-0.7671090132684035,,,,True,107.0,0.0,,0.0,0.0,,-0.7902724186514961,,,,107.0,0.0,,0.0,0.0,,-0.7673497562696417,,,,0.0,,,,0.0,,,,True,,-0.7671090132684035,,,-0.64851553317665,,,,75975.42468260869
4420,0.0,0.0,,0.0,0.0,,,,,,True,39.0,0.0,,0.0,0.0,,-0.39341581948898446,,,,True,17.0,0.0,,0.0,0.0,,-0.8645479709626944,,,,True,56.0,0.0,,0.0,0.0,,-0.6667968883783847,,,,True,56.0,0.0,,0.0,0.0,,-0.6901612545944495,,,,56.0,0.0,,0.0,0.0,,-0.6670191763709413,,,,0.0,,,,0.0,,,,True,,-0.6667968883783847,,,-0.5852039435036468,,,,32488.537734782607
4435,154.0,99.0,0.696969696969697,27.0,99.0,0.696969696969697,-0.5195668282647985,0.7445028258389222,-1.0767700743154942,0.7445028258389222,True,236.0,140.0,0.4928571428571429,36.0,140.0,0.4928571428571429,-0.39956168777794676,0.19806178125794066,-0.8902521801149833,0.19806178125794066,True,399.0,291.0,0.5429553264604811,78.0,291.0,0.5429553264604811,-0.16333315429358178,0.49633596652553313,-0.514038520014209,0.49633596652553313,True,789.0,530.0,0.5584905660377358,141.0,530.0,0.5584905660377358,-0.2530084444117488,0.4426754298578613,-0.6015130120718354,0.4426754298578613,True,789.0,530.0,0.5584905660377358,141.0,530.0,0.5584905660377358,-0.27720177592453127,0.44110107483405453,-0.6225614884578023,0.44110107483405453,789.0,530.0,0.5584905660377358,141.0,530.0,0.5584905660377358,-0.25315460532261813,0.4426635809931345,-0.6013411110811924,0.4426635809931345,154.0,0.696969696969697,-0.5195668282647985,0.7445028258389222,27.0,0.696969696969697,-1.0767700743154942,0.7445028258389222,True,0.5233222849633558,-0.2530084444117488,0.5233222849633558,-0.6015130120718354,-0.3148905441270967,0.523779370190802,-0.7552015850065765,0.523779370190802,198912.02666521745
4461,150.0,133.5,0.5955056179775281,36.0,133.5,0.5955056179775281,0.6354657100573375,0.32767695598676694,0.4057813596053082,0.32767695598676694,True,178.0,144.5,0.7197231833910035,51.5,144.5,0.7197231833910035,0.7140835009702774,1.1944400366268457,0.6473828961911758,1.1944400366268457,True,122.5,101.0,0.5445544554455446,32.0,101.0,0.5445544554455446,0.47444046572996584,0.5034757734485065,0.3579610214184238,0.5034757734485065,True,450.5,379.0,0.6292875989445911,119.5,379.0,0.6292875989445911,0.6618306651009644,0.7565134746894495,0.5855521116949561,0.7565134746894495,True,512.0,418.0,0.6244019138755981,131.0,418.0,0.6244019138755981,0.6992105200998653,0.733572630474836,0.6034476791511169,0.733572630474836,450.5,379.0,0.6292875989445911,119.5,379.0,0.6292875989445911,0.6618528124950662,0.7565053315450961,0.5855585357258477,0.7565053315450961,150.0,0.5955056179775281,0.6354657100573375,0.32767695598676694,36.0,0.5955056179775281,0.4057813596053082,0.32767695598676694,True,0.9027354257118161,0.6618306651009644,0.9027354257118161,0.5855521116949561,0.6617015680509217,0.7476090417898807,0.5617655951055383,0.7476090417898807,17989.981376086955
4465,23.445482866043616,8.5,1.0,0.0,8.5,1.0,-0.46692358064848466,1.9893854572765666,,1.9893854572765666,True,39.416407061266874,31.43457943925234,0.445369406867846,11.5,31.43457943925234,0.445369406867846,-0.2940515103902339,-0.010500714147239885,-0.4172142747261915,-0.010500714147239885,True,17.5,8.0,0.0,0.0,8.0,0.0,-0.7562107996158154,-1.9278563500021768,,-1.9278563500021768,True,80.36188992731049,47.93457943925234,0.4693897445895886,11.5,47.93457943925234,0.4693897445895886,-0.39878905182692287,0.04769803535370104,-0.8751556266517301,0.04769803535370104,True,161.0,96.0,0.46875,23.0,96.0,0.46875,-0.07839316060796812,0.042890996992742986,-0.5292305166852244,0.042890996992742986,80.5,48.0,0.46875,11.5,48.0,0.46875,-0.3981093519145554,0.04484554845126804,-0.8749455798618276,0.04484554845126804,23.445482866043616,1.0,-0.46692358064848466,1.9893854572765666,0.0,1.0,,1.9893854572765666,True,0.045816079959164195,-0.39878905182692287,0.045816079959164195,-0.8751556266517301,-0.4609615406225294,-0.005709479984521076,-0.33921348226652226,-0.005709479984521076,27174.063730434784
4500,84.0,40.0,0.5,19.0,40.0,0.5,-0.5474321942824445,-0.06467088459554692,-0.9680062761331429,-0.06467088459554692,True,121.0,80.0,0.375,23.0,80.0,0.375,-0.46217182509768856,-0.31955775362893424,-0.8341332309327322,-0.31955775362893424,True,166.0,125.0,0.368,33.0,125.0,0.368,-0.3345841934579765,-0.2848063070128134,-0.6936226258703787,-0.2848063070128134,True,371.0,245.0,0.39183673469387753,75.0,245.0,0.39183673469387753,-0.3551685062953224,-0.2960887590518882,-0.6452666031404173,-0.2960887590518882,True,371.0,245.0,0.39183673469387753,75.0,245.0,0.39183673469387753,-0.3791571749006534,-0.29839988980310783,-0.6659681312034035,-0.29839988980310783,371.0,245.0,0.39183673469387753,75.0,245.0,0.39183673469387753,-0.35533346219065676,-0.2961093310575822,-0.6450886028961754,-0.2961093310575822,84.0,0.5,-0.5474321942824445,-0.06467088459554692,19.0,0.5,-0.9680062761331429,-0.06467088459554692,True,-0.3698034714666835,-0.3551685062953224,-0.3698034714666835,-0.6452666031404173,-0.4028328649956136,-0.28042174415566684,-0.7601759635125068,-0.28042174415566684,114900.42566304348
4510,250.0,212.0,0.47641509433962265,54.0,212.0,0.47641509433962265,-0.9115099573165827,-0.1615603346838541,-1.4061870050563843,-0.1615603346838541,True,352.0,306.0,0.2908496732026144,104.0,306.0,0.2908496732026144,-0.8675012853056848,-0.6891395368072236,-1.0184173576814126,-0.6891395368072236,True,437.0,402.0,0.3656716417910448,120.0,402.0,0.3656716417910448,-0.7895469881125335,-0.2952019837935702,-1.0101272572647675,-0.2952019837935702,True,1039.0,920.0,0.36630434782608695,278.0,920.0,0.36630434782608695,-0.7573203552159158,-0.40927195396082655,-0.9262657678302146,-0.40927195396082655,True,1039.0,920.0,0.36630434782608695,278.0,920.0,0.36630434782608695,-0.7805033707595753,-0.41169596326248453,-0.944739085897928,-0.41169596326248453,1039.0,920.0,0.36630434782608695,278.0,920.0,0.36630434782608695,-0.757559297340445,-0.40929386240510146,-0.9260485962831229,-0.40929386240510146,250.0,0.47641509433962265,-0.9115099573165827,-0.1615603346838541,54.0,0.47641509433962265,-1.4061870050563843,-0.1615603346838541,True,-0.5066358031981331,-0.7573203552159158,-0.5066358031981331,-0.9262657678302146,-0.8142314948267066,-0.46235183500706795,-1.0778873938450229,-0.46235183500706795,723339.7915434783
4521,21.0,0.0,,0.0,0.0,,-1.596429065813904,,,,True,29.0,0.0,,0.0,0.0,,-1.6176849840939094,,,,True,45.0,0.0,,16.0,0.0,,-1.4187129982911748,,-1.5564462543986612,,True,95.0,0.0,,16.0,0.0,,-1.4149460575903332,,-1.8745281776268545,,True,95.0,0.0,,16.0,0.0,,-1.4368116151589174,,-1.8854821574005096,,95.0,0.0,,16.0,0.0,,-1.4153059869640094,,-1.8741788182347339,,21.0,,-1.596429065813904,,0.0,,,,True,,-1.4149460575903332,,-1.8745281776268545,-1.5078431895713202,,-1.4956313213801484,,248715.69105588237
4522,110.0,41.0,0.4146341463414634,20.0,41.0,0.4146341463414634,-0.2715108662199427,-0.41536343076883464,-0.7754933694360038,-0.41536343076883464,True,101.0,15.0,1.0,0.0,15.0,1.0,-0.4005120564439146,2.4253943253166144,,2.4253943253166144,True,169.0,40.0,0.375,45.0,40.0,0.375,-0.16967930513904528,-0.25355263771682,-0.34284502486623986,-0.25355263771682,True,380.0,96.0,0.4895833333333333,65.0,96.0,0.4895833333333333,-0.19526439986339889,0.1372147304644696,-0.5630360467196571,0.1372147304644696,True,380.0,96.0,0.4895833333333333,65.0,96.0,0.4895833333333333,-0.21957341321727827,0.13533573692086168,-0.5843896299157462,0.13533573692086168,380.0,96.0,0.4895833333333333,65.0,96.0,0.4895833333333333,-0.19539993726445204,0.13719927479694877,-0.5628695094206259,0.13719927479694877,110.0,0.4146341463414634,-0.2715108662199427,-0.41536343076883464,20.0,0.4146341463414634,-0.7754933694360038,-0.41536343076883464,True,0.15403689958485586,-0.19526439986339889,0.15403689958485586,-0.5630360467196571,-0.23399334529883697,0.644938829027596,-0.4833098626098622,0.644938829027596,85281.82769411766
4525,75.0,60.0,0.31666666666666665,16.0,60.0,0.31666666666666665,0.1635185610174414,-0.8178248766153219,-0.1941953548924347,-0.8178248766153219,True,94.0,43.0,0.0,0.0,43.0,0.0,0.23288186543736206,-1.966529000996263,,-1.966529000996263,True,117.0,85.0,0.2,19.0,85.0,0.2,0.30540884620952335,-1.034894370116653,-0.10297840851924643,-1.034894370116653,True,286.0,188.0,0.19148936170212766,35.0,188.0,0.19148936170212766,0.29822993225844574,-1.1842139423431137,-0.21336782402491414,-1.1842139423431137,True,286.0,188.0,0.19148936170212766,35.0,188.0,0.19148936170212766,0.2729322743896683,-1.1874108077953056,-0.2374941351388881,-1.1874108077953056,286.0,188.0,0.19148936170212766,35.0,188.0,0.19148936170212766,0.29818518589779364,-1.1842450011066754,-0.21325003050013314,-1.1842450011066754,75.0,0.31666666666666665,0.1635185610174414,-0.8178248766153219,16.0,0.31666666666666665,-0.1941953548924347,-0.8178248766153219,True,-1.4434985531166749,0.29822993225844574,-1.4434985531166749,-0.21336782402491414,0.28463950844548896,-1.4822635583980484,-0.06653371650658292,-1.4822635583980484,23755.203508823528
4530,969.0,908.0,0.5925110132158591,276.0,908.0,0.5925110132158591,0.8252276629848756,0.3153747821825536,0.7152855801667272,0.3153747821825536,True,734.0,634.0,0.5410094637223974,252.0,634.0,0.5410094637223974,0.683405794255569,0.40954308248215443,0.7101412894613844,0.40954308248215443,True,1082.0,1007.0,0.5789473684210527,350.0,1007.0,0.5789473684210527,0.8414416282132944,0.6570335917717074,0.8868120515959561,0.6570335917717074,True,2785.0,2549.0,0.574342879560612,878.0,2549.0,0.574342879560612,0.8338581441176081,0.5129475709039739,0.8609794353517369,0.5129475709039739,True,2785.0,2549.0,0.574342879560612,878.0,2549.0,0.574342879560612,0.8074874326001648,0.5114432988763564,0.8283339839606746,0.5114432988763564,2785.0,2549.0,0.574342879560612,878.0,2549.0,0.574342879560612,0.8339119404137961,0.5129365517949414,0.8609474647948011,0.5129365517949414,969.0,0.5925110132158591,0.8252276629848756,0.3153747821825536,276.0,0.5925110132158591,0.7152855801667272,0.3153747821825536,True,0.6082774845655323,0.8338581441176081,0.6082774845655323,0.8609794353517369,0.8384706927012705,0.5020526413168617,0.8666680532512071,0.5020526413168617,78646.87492173913
4600,463.0,397.0,0.5163727959697733,52.0,397.0,0.5163727959697733,-0.7882821923551158,0.002590406196234968,-1.6268226106200427,0.002590406196234968,True,781.0,683.0,0.45095168374816985,146.0,683.0,0.45095168374816985,-0.639497603474074,0.01401621789739158,-1.0314945410648009,0.01401621789739158,True,632.0,524.0,0.4847328244274809,129.0,524.0,0.4847328244274809,-0.7862814278851686,0.2363835630791494,-1.1775853308444089,0.2363835630791494,True,1876.0,1604.0,0.4781795511221945,327.0,1604.0,0.4781795511221945,-0.6440304372177553,0.08666260185284103,-1.0325577614763912,0.08666260185284103,True,1876.0,1604.0,0.4781795511221945,327.0,1604.0,0.4781795511221945,-0.6674404127257585,0.08473319224699125,-1.0501882269223848,0.08473319224699125,1876.0,1604.0,0.4781795511221945,327.0,1604.0,0.4781795511221945,-0.6442485367330538,0.08664654927855249,-1.0323257728180877,0.08664654927855249,463.0,0.5163727959697733,-0.7882821923551158,0.002590406196234968,52.0,0.5163727959697733,-1.6268226106200427,0.002590406196234968,True,0.09292212333664619,-0.6440304372177553,0.09292212333664619,-1.0325577614763912,-0.6951175171600802,0.07134121647832245,-1.2136282994832934,0.07134121647832245,1039585.4741130436
4621,92.0,35.0,0.0,0.0,35.0,0.0,-0.8135915416151593,-2.1187272264676604,,-2.1187272264676604,True,147.0,90.0,0.0,25.0,90.0,0.0,-0.6953025163806694,-1.966529000996263,-1.1433580575163407,-1.966529000996263,True,230.0,139.0,0.0,58.0,139.0,0.0,-0.4976864369878304,-1.9278563500021768,-0.7367112294889325,-1.9278563500021768,True,469.0,264.0,0.0,83.0,264.0,0.0,-0.5558726181631058,-2.0330722124589147,-0.930308103452463,-2.0330722124589147,True,469.0,264.0,0.0,83.0,264.0,0.0,-0.579459205110351,-2.037115651389929,-0.9487493674297391,-2.037115651389929,469.0,264.0,0.0,83.0,264.0,0.0,-0.556074498768499,-2.03311329432655,-0.9300903684035079,-2.03311329432655,92.0,0.0,-0.8135915416151593,-2.1187272264676604,0.0,0.0,,-2.1187272264676604,True,-2.4697220706885132,-0.5558726181631058,-2.4697220706885132,-0.930308103452463,-0.6254022462301377,-2.319247480778453,-0.869920846432044,-2.319247480778453,217613.01755882357
4622,24.0,0.0,,0.0,0.0,,-1.270309123025192,,,,True,50.0,48.0,0.3958333333333333,16.0,48.0,0.3958333333333333,-1.049437830954467,-0.22805935099741606,-1.1669412289827825,-0.22805935099741606,True,65.0,46.0,0.5217391304347826,0.0,46.0,0.5217391304347826,-0.9463273834088612,0.4016096844817978,,0.4016096844817978,True,139.0,94.0,0.4574468085106383,16.0,94.0,0.4574468085106383,-0.9591109935001193,-0.005244122737834858,-1.589363985612821,-0.005244122737834858,True,139.0,94.0,0.4574468085106383,16.0,94.0,0.4574468085106383,-0.9818897506871739,-0.007265191691661905,-1.602579202367878,-0.007265191691661905,139.0,94.0,0.4574468085106383,16.0,94.0,0.4574468085106383,-0.9593870602293308,-0.005261260523516244,-1.5890543781286453,-0.005261260523516244,24.0,,-1.270309123025192,,0.0,,,,True,-0.018188112044677147,-0.9591109935001193,-0.018188112044677147,-1.589363985612821,-1.0486027766843051,0.07413972092931943,-1.1002504263100963,0.07413972092931943,145296.89719705883
4640,129.0,64.0,0.671875,35.0,64.0,0.671875,0.33337256194225695,0.641410982922992,0.1308562839843962,0.641410982922992,True,130.0,89.0,0.5280898876404494,31.0,89.0,0.5280898876404494,0.30188844379831425,0.35280129492177287,0.10252498398127638,0.35280129492177287,True,104.0,89.0,0.6067415730337079,17.0,89.0,0.6067415730337079,0.14333204206226727,0.7811294316730073,-0.27831456440648394,0.7811294316730073,True,363.0,242.0,0.5950413223140496,83.0,242.0,0.5950413223140496,0.3208686791777337,0.6047022467439046,0.14243262385218042,0.6047022467439046,True,363.0,242.0,0.5950413223140496,83.0,242.0,0.5950413223140496,0.2955256678539942,0.6032894824247688,0.11548495874892509,0.6032894824247688,363.0,242.0,0.5950413223140496,83.0,242.0,0.5950413223140496,0.32082809779984306,0.6046923110509116,0.14250081877009976,0.6046923110509116,129.0,0.671875,0.33337256194225695,0.641410982922992,35.0,0.671875,0.1308562839843962,0.641410982922992,True,0.7192039012702574,0.3208686791777337,0.7192039012702574,0.14243262385218042,0.3104395030741616,0.652135448438119,0.06909095715810501,0.652135448438119,28806.88416304348
4700,564.7520107238606,360.42091152815016,0.5014318974687028,136.31501340482575,360.42091152815016,0.5014318974687028,-1.226216811716367,-0.05878848844254785,-1.7018009108445853,-0.05878848844254785,True,609.2211796246648,410.33378016085794,0.4414015922432859,115.15415549597856,410.33378016085794,0.4414015922432859,-1.3473786956986624,-0.02792705175133069,-1.7761346507156175,-0.02792705175133069,True,742.8766756032171,539.5777479892761,0.45356934351903616,183.32439678284183,539.5777479892761,0.45356934351903616,-1.2758395890760625,0.09724454501850179,-1.609157885473932,0.09724454501850179,True,1916.8498659517427,1310.3324396782841,0.4629240886008094,434.7935656836461,1310.3324396782841,0.4629240886008094,-1.1793701536619807,0.01903625744075088,-1.4648649471821111,0.01903625744075088,True,2179.0,1542.0,0.45136186770428016,511.0,1542.0,0.45136186770428016,-1.138194513213002,-0.03426618866710709,-1.3940707893601183,-0.03426618866710709,1921.0,1314.0,0.4627092846270928,436.0,1314.0,0.4627092846270928,-1.1786127816079062,0.01806718487615044,-1.4631029244883813,0.01806718487615044,564.7520107238606,0.5014318974687028,-1.226216811716367,-0.05878848844254785,136.31501340482575,0.5014318974687028,-1.7018009108445853,-0.05878848844254785,True,0.011165548079822344,-1.1793701536619807,0.011165548079822344,-1.4648649471821111,-1.2446169010780912,-0.021160452232885246,-1.6369835590817277,-0.021160452232885246,3122479.2403782606
4710,255.7479892761394,134.57908847184987,0.29182437547312645,62.684986595174266,134.57908847184987,0.29182437547312645,-1.1511298747950358,-0.9198798081607719,-1.6082131817743566,-0.9198798081607719,True,274.7788203753351,155.1662198391421,0.3343383381999758,55.84584450402144,155.1662198391421,0.3343383381999758,-1.2683644949052957,-0.49814065457510565,-1.6519340937771205,-0.49814065457510565,True,417.12332439678283,270.92225201072387,0.2962623943634096,95.17560321715817,270.92225201072387,0.2962623943634096,-1.0829970528101043,-0.6051010788202966,-1.4412438400810355,-0.6051010788202966,True,947.6501340482573,560.6675603217159,0.3057347378890541,213.7064343163539,560.6675603217159,0.3057347378890541,-1.0590977411611755,-0.6777725842606833,-1.3394351272544174,-0.6777725842606833,True,1281.0,837.0,0.3225806451612903,308.0,837.0,0.3225806451612903,-0.9323305861519937,-0.6057132266964774,-1.1622711803516013,-0.6057132266964774,943.5,557.0,0.3052064631956912,212.5,557.0,0.3052064631956912,-1.0615716739274081,-0.6801394936429676,-1.3421632924631504,-0.6801394936429676,255.7479892761394,0.29182437547312645,-1.1511298747950358,-0.9198798081607719,62.684986595174266,0.29182437547312645,-1.6082131817743566,-0.9198798081607719,True,-0.8312384736285992,-1.0590977411611755,-0.8312384736285992,-1.3394351272544174,-1.1280409068787212,-0.7970210138858638,-1.5064766138826218,-0.7970210138858638,1211580.201778261
4720,5182.0,3558.0,0.463743676222597,1519.0,3558.0,0.463743676222597,-0.10051754380373688,-0.21361594817143362,-0.31847060654516435,-0.21361594817143362,True,6412.0,4960.0,0.4461693548387097,1790.0,4960.0,0.4461693548387097,-0.05912226371347549,-0.00698740399416699,-0.1926119494804503,-0.00698740399416699,True,12945.0,11097.0,0.6763990267639902,2028.0,11097.0,0.6763990267639902,0.2675874984310154,1.092136720656893,-0.1654937061527202,1.092136720656893,True,24539.0,19615.0,0.5796074432832017,5337.0,19615.0,0.5796074432832017,0.136007727284757,0.5362849950551047,-0.08164233613260012,0.5362849950551047,True,24539.0,19615.0,0.5796074432832017,5337.0,19615.0,0.5796074432832017,0.1110350581396642,0.5348039976365073,-0.10681317721547223,0.5348039976365073,24539.0,19615.0,0.5796074432832017,5337.0,19615.0,0.5796074432832017,0.13593313595566847,0.5362742515084826,-0.08154290514987496,0.5362742515084826,5182.0,0.463743676222597,-0.10051754380373688,-0.21361594817143362,1519.0,0.463743676222597,-0.31847060654516435,-0.21361594817143362,True,0.6364911620975569,0.136007727284757,0.6364911620975569,-0.08164233613260012,0.08509701927118651,0.30732239865264843,-0.14463291019666974,0.30732239865264843,2825869.786915217
4740,1199.0,1133.0,0.4801412180052957,423.0,1133.0,0.4801412180052957,0.895207991081795,-0.14625299879170317,0.9125340386792633,-0.14625299879170317,True,1158.0,1063.0,0.4139228598306679,393.0,1063.0,0.4139228598306679,0.8865827321436297,-0.14861153761181742,0.9191987792967177,-0.14861153761181742,True,1509.0,1433.0,0.4577808792742498,492.0,1433.0,0.4577808792742498,0.9790246534215546,0.11604825155017309,1.0434220883149907,0.11604825155017309,True,3866.0,3629.0,0.4519151281344723,1308.0,3629.0,0.4519151281344723,0.9624441046535133,-0.02976565538699609,1.035850061293948,-0.02976565538699609,True,3866.0,3629.0,0.4519151281344723,1308.0,3629.0,0.4519151281344723,0.9358157897629368,-0.031811179871188686,1.0018179563979395,-0.031811179871188686,3866.0,3629.0,0.4519151281344723,1308.0,3629.0,0.4519151281344723,0.9625215576613961,-0.029783082716742067,1.03579371375975,-0.029783082716742067,1199.0,0.4801412180052957,0.895207991081795,-0.14625299879170317,423.0,0.4801412180052957,0.9125340386792633,-0.14625299879170317,True,-0.0478333124007295,0.9624441046535133,-0.0478333124007295,1.035850061293948,0.9764828871713747,-0.09339781034602714,1.0571373339212542,-0.09339781034602714,84263.32463043478
4750,52.0,17.0,1.0,0.0,17.0,1.0,-0.8157391952501031,1.9893854572765666,,1.9893854572765666,True,154.0,49.0,0.3673469387755102,33.0,49.0,0.3673469387755102,-0.3736287611129383,-0.3531694117384715,-0.6734779620356889,-0.3531694117384715,True,158.0,81.0,0.4074074074074074,41.0,81.0,0.4074074074074074,-0.3982049466271013,-0.10885972430944361,-0.6102690945468269,-0.10885972430944361,True,364.0,147.0,0.46258503401360546,74.0,147.0,0.46258503401360546,-0.40063395933316,0.017533253368825042,-0.6908636305609258,0.017533253368825042,True,364.0,147.0,0.46258503401360546,74.0,147.0,0.46258503401360546,-0.4245315444794978,0.015534900483401778,-0.7112035925944712,0.015534900483401778,364.0,147.0,0.46258503401360546,74.0,147.0,0.46258503401360546,-0.4008072797739713,0.01751638453264828,-0.6906792740879311,0.01751638453264828,52.0,1.0,-0.8157391952501031,1.9893854572765666,0.0,1.0,,1.9893854572765666,True,0.009348497837258154,-0.40063395933316,0.009348497837258154,-0.6908636305609258,-0.4846121691167801,0.557526233014093,-0.5672618281523943,0.557526233014093,123543.42848478262
4760,2533.0,1112.0,0.5764388489208633,681.0,1112.0,0.5764388489208633,-0.44840775282997375,0.24934852018706025,-0.7605357929273163,0.24934852018706025,True,2760.0,1585.0,0.4580441640378549,823.0,1585.0,0.4580441640378549,-0.5017522572834139,0.04516584752307373,-0.6253643637620081,0.04516584752307373,True,3413.0,2017.0,0.4923153197818542,886.0,2017.0,0.4923153197818542,-0.4281054326427175,0.27023796339971934,-0.6430867314902784,0.27023796339971934,True,8706.0,4714.0,0.5006364022061943,2390.0,4714.0,0.5006364022061943,-0.37850960859777366,0.1862121726173271,-0.5078747962179344,0.1862121726173271,True,8706.0,4714.0,0.5006364022061943,2390.0,4714.0,0.5006364022061943,-0.4024515166807218,0.18438204463410424,-0.5296657858734176,0.18438204463410424,8706.0,4714.0,0.5006364022061943,2390.0,4714.0,0.5006364022061943,-0.37867885869229984,0.1861972954992288,-0.5077159484010102,0.1861972954992288,2533.0,0.5764388489208633,-0.44840775282997375,0.24934852018706025,681.0,0.5764388489208633,-0.7605357929273163,0.24934852018706025,True,0.2132721443934722,-0.37850960859777366,0.2132721443934722,-0.5078747962179344,-0.4142831010286601,0.19028198165925694,-0.6022370393001881,0.19028198165925694,2826075.964747826
4800,176.0,99.0,0.3434343434343434,26.0,99.0,0.3434343434343434,-0.29222031168758267,-0.7078602441716633,-0.9133792944760858,-0.7078602441716633,True,385.0,305.0,0.35081967213114756,72.0,305.0,0.35081967213114756,0.03292497598686157,-0.4257558996340406,-0.3180862465199099,-0.4257558996340406,True,652.0,531.0,0.4500941619585687,182.0,531.0,0.4500941619585687,0.2673641319375729,0.08172851998501843,0.16736852205578595,0.08172851998501843,True,1213.0,935.0,0.40641711229946526,280.0,935.0,0.40641711229946526,0.12648777686099844,-0.23145501646744657,-0.06022952189368732,-0.23145501646744657,True,1213.0,935.0,0.40641711229946526,280.0,935.0,0.40641711229946526,0.10153417955960463,-0.23370168744459624,-0.08557015795358983,-0.23370168744459624,1213.0,935.0,0.40641711229946526,280.0,935.0,0.40641711229946526,0.12641143409091601,-0.23147482529423138,-0.060133075858737166,-0.23147482529423138,176.0,0.3434343434343434,-0.29222031168758267,-0.7078602441716633,26.0,0.3434343434343434,-0.9133792944760858,-0.7078602441716633,True,-0.2916647891872614,0.12648777686099844,-0.2916647891872614,-0.06022952189368732,0.051536870118131364,-0.4264843480601022,-0.27575514112136806,-0.4264843480601022,142391.34297391304
4810,252.0,147.0,0.3401360544217687,36.0,147.0,0.3401360544217687,-0.8271368460535962,-0.7214099870988757,-1.5383227017405912,-0.7214099870988757,True,476.0,334.0,0.30538922155688625,102.0,334.0,0.30538922155688625,-0.6220716074480922,-0.6252829552360432,-0.9369834606267178,-0.6252829552360432,True,528.0,398.0,0.34673366834170855,128.0,398.0,0.34673366834170855,-0.6043976220978994,-0.37975643512526397,-0.8773809096984332,-0.37975643512526397,True,1256.0,879.0,0.32992036405005687,266.0,879.0,0.32992036405005687,-0.5809094299793838,-0.5705594806072695,-0.8617969248105758,-0.5705594806072695,True,1256.0,879.0,0.32992036405005687,266.0,879.0,0.32992036405005687,-0.6044458592955041,-0.5731443433132362,-0.8807814547908178,-0.5731443433132362,1256.0,879.0,0.32992036405005687,266.0,879.0,0.32992036405005687,-0.5811159167535719,-0.5705832934939258,-0.8615887402246271,-0.5705832934939258,252.0,0.3401360544217687,-0.8271368460535962,-0.7214099870988757,36.0,0.3401360544217687,-1.5383227017405912,-0.7214099870988757,True,-0.7016236577819077,-0.5809094299793838,-0.7016236577819077,-0.8617969248105758,-0.6412032370659302,-0.6838372457739061,-1.0501266507803746,-0.6838372457739061,612918.0578456522
4820,1997.0,1815.0,0.4666666666666667,455.0,1815.0,0.4666666666666667,0.6466047864590854,-0.20160797405368777,0.3897661627824611,-0.20160797405368777,True,2516.0,2259.0,0.39575033200531207,621.0,2259.0,0.39575033200531207,0.757556681545069,-0.2284238864660675,0.6050059573261793,-0.2284238864660675,True,3772.0,3489.0,0.44969905417024936,834.0,3489.0,0.44969905417024936,0.9239433244083604,0.0799644388203892,0.7585607284179211,0.0799644388203892,True,8285.0,7563.0,0.4376570144122703,1910.0,7563.0,0.4376570144122703,0.8336132237794186,-0.09297082585578618,0.694675949059967,-0.09297082585578618,True,8285.0,7563.0,0.4376570144122703,1910.0,7563.0,0.4376570144122703,0.8072430029244473,-0.0950793853870851,0.6633492172131892,-0.0950793853870851,8285.0,7563.0,0.4376570144122703,1910.0,7563.0,0.4376570144122703,0.8336669750161786,-0.09298899949622254,0.6946671612204379,-0.09298899949622254,1997.0,0.4666666666666667,0.6466047864590854,-0.20160797405368777,455.0,0.4666666666666667,0.3897661627824611,-0.20160797405368777,True,-0.1242449286277363,0.8336132237794186,-0.1242449286277363,0.694675949059967,0.8310884893460508,-0.15873204559776247,0.6775555738531266,-0.15873204559776247,234079.30843260867
4830,428.0,394.0,0.48223350253807107,122.0,394.0,0.48223350253807107,0.5285316627636347,-0.13765765816460676,0.37931985568651366,-0.13765765816460676,True,349.0,315.0,0.5079365079365079,92.0,315.0,0.5079365079365079,0.40154891175750834,0.26428919649599175,0.26406366328012526,0.26428919649599175,True,491.0,452.0,0.4092920353982301,145.0,452.0,0.4092920353982301,0.5369578500171703,-0.10044521859927992,0.49779118165630654,-0.10044521859927992,True,1268.0,1161.0,0.4608096468561585,359.0,1161.0,0.4608096468561585,0.5458076191432069,0.009663092552264694,0.4961500210868371,0.009663092552264694,True,1268.0,1161.0,0.4608096468561585,359.0,1161.0,0.4608096468561585,0.5200139751886371,0.007656890689390271,0.46639751974540206,0.007656890689390271,1268.0,1161.0,0.4608096468561585,359.0,1161.0,0.4608096468561585,0.5458084210985318,0.009646130787216625,0.4961689077752973,0.009646130787216625,428.0,0.48223350253807107,0.5285316627636347,-0.13765765816460676,122.0,0.48223350253807107,0.37931985568651366,-0.13765765816460676,True,-0.000166098887969973,0.5458076191432069,-0.000166098887969973,0.4961500210868371,0.5417629433435253,-0.015187010453659455,0.47042462504261773,-0.015187010453659455,63965.44037391304
4840,0.0,0.0,,0.0,0.0,,,,,,True,12.5,0.0,,0.0,0.0,,-2.497744233255999,,,,True,16.5,11.0,0.0,0.0,11.0,0.0,-2.377753462978678,-1.9278563500021768,,-1.9278563500021768,True,29.0,11.0,0.0,0.0,11.0,0.0,-2.4184055995241036,-2.0330722124589147,,-2.0330722124589147,True,58.0,22.0,0.0,0.0,22.0,0.0,-2.0948145148533666,-2.037115651389929,,-2.037115651389929,29.0,11.0,0.0,0.0,11.0,0.0,-2.4189501412223446,-2.03311329432655,,-2.03311329432655,0.0,,,,0.0,,,,True,,-2.4184055995241036,,,-2.408486697637807,,,,572988.2361673913
4850,5397.0,4768.0,0.475251677852349,1494.0,4768.0,0.475251677852349,0.3282083026660128,-0.1663397807117001,0.13606397326907158,-0.1663397807117001,True,6681.5,6156.0,0.4457439896036387,1800.0,6156.0,0.4457439896036387,0.4043536171777508,-0.00885557549227776,0.279138240691846,-0.00885557549227776,True,9779.5,9100.0,0.46615384615384614,2555.0,9100.0,0.46615384615384614,0.5603958260699666,0.15343195696177434,0.4530339844536041,0.15343195696177434,True,21858.0,20024.0,0.4620455453455853,5849.0,20024.0,0.4620455453455853,0.4963787555947946,0.015141739744193266,0.4134012115504304,0.015141739744193266,True,21887.0,20035.0,0.4617918642375842,5849.0,20035.0,0.4617918642375842,0.47134108638574107,0.012015330547571692,0.3843048748801947,0.012015330547571692,21858.0,20024.0,0.4620455453455853,5849.0,20024.0,0.4620455453455853,0.4963704638328156,0.015124842669627603,0.41343163342862116,0.015124842669627603,5397.0,0.475251677852349,0.3282083026660128,-0.1663397807117001,1494.0,0.475251677852349,0.13606397326907158,-0.1663397807117001,True,0.006457287831310055,0.4963787555947946,0.006457287831310055,0.4134012115504304,0.4832703703309581,-0.033480367668209866,0.37807265501174386,-0.033480367668209866,1218075.0885782607
4900,354.0,250.0,0.644,92.0,250.0,0.644,0.703526157836433,0.5268973418636218,0.5268091452007836,0.5268973418636218,True,704.0,636.0,0.5031446540880503,189.0,636.0,0.5031446540880503,1.0587215251322895,0.24324374180266872,0.9712438550644504,0.24324374180266872,True,772.0,695.0,0.497841726618705,213.0,695.0,0.497841726618705,1.060064836772468,0.29491231935315526,1.0366936551023784,0.29491231935315526,True,1830.0,1581.0,0.5230866540164453,494.0,1581.0,0.5230866540164453,1.0009785429979277,0.2857324892861878,0.9572290093579153,0.2857324892861878,True,1830.0,1581.0,0.5230866540164453,494.0,1581.0,0.5230866540164453,0.9742730299337873,0.28400161375023675,0.9238203376808494,0.28400161375023675,1830.0,1581.0,0.5230866540164453,494.0,1581.0,0.5230866540164453,1.001063085411951,0.2857187872788548,0.957183621603755,0.2857187872788548,354.0,0.644,0.703526157836433,0.5268973418636218,92.0,0.644,0.5268091452007836,0.5268973418636218,True,0.3335867988384939,1.0009785429979277,0.3335867988384939,0.9572290093579153,0.9971464447868633,0.38115246889127563,0.9419561765060587,0.38115246889127563,36907.96853695652
4920,986.0,793.0,0.5725094577553594,301.0,793.0,0.5725094577553594,-0.45893199346052727,0.2332061385006614,-0.7024645506634111,0.2332061385006614,True,1622.0,1311.0,0.43554538520213576,487.0,1311.0,0.43554538520213576,-0.29683483550264445,-0.05364706405907571,-0.4041925095355925,-0.05364706405907571,True,2085.0,1727.0,0.3902721482339317,694.0,1727.0,0.3902721482339317,-0.20422949704890844,-0.1853653990964358,-0.252319680185186,-0.1853653990964358,True,4693.0,3831.0,0.44348734012007307,1482.0,3831.0,0.44348734012007307,-0.22762496444842484,-0.06712542039542549,-0.2723579519069135,-0.06712542039542549,True,4907.0,4004.0,0.45079920079920077,1576.0,4004.0,0.45079920079920077,-0.22977496544949957,-0.036762937261005824,-0.26365034848357355,-0.036762937261005824,4693.0,3831.0,0.44348734012007307,1482.0,3831.0,0.44348734012007307,-0.2277664554119313,-0.06714328885984144,-0.2722319351542557,-0.06714328885984144,986.0,0.5725094577553594,-0.45893199346052727,0.2332061385006614,301.0,0.5725094577553594,-0.7024645506634111,0.2332061385006614,True,-0.09299923798849274,-0.22762496444842484,-0.09299923798849274,-0.2723579519069135,-0.2737411578138496,-0.02739256419886972,-0.3755311821604999,-0.02739256419886972,1124166.3966065217
4930,671.0,563.0,0.48845470692717585,144.0,563.0,0.48845470692717585,0.9824696594134623,-0.11210024950556015,0.7375825452672523,-0.11210024950556015,True,1174.0,989.0,0.3872598584428716,269.0,989.0,0.3872598584428716,1.2928486994555435,-0.26571339535639266,1.1313380519569214,-0.26571339535639266,True,1772.0,1581.0,0.47058823529411764,386.0,1581.0,0.47058823529411764,1.4594670034523287,0.17323066149317284,1.3417975755110532,0.17323066149317284,True,3617.0,3133.0,0.4474944142993936,799.0,3133.0,0.4474944142993936,1.3067344155126768,-0.04936235499143286,1.1775699003924658,-0.04936235499143286,True,3617.0,3133.0,0.4474944142993936,799.0,3133.0,0.4474944142993936,1.2794163647827848,-0.05142742342865228,1.1424140143551276,-0.05142742342865228,3617.0,3133.0,0.4474944142993936,799.0,3133.0,0.4474944142993936,1.3068752096239689,-0.049380013714058604,1.1774937971029675,-0.049380013714058604,671.0,0.48845470692717585,0.9824696594134623,-0.11210024950556015,144.0,0.48845470692717585,0.7375825452672523,-0.11210024950556015,True,-0.0715246572445752,1.3067344155126768,-0.0715246572445752,1.1775699003924658,1.3037449989073124,-0.10322809570046237,1.1706791335404856,-0.10322809570046237,39405.79387173913
4940,186.0,154.0,0.3181818181818182,43.0,154.0,0.3181818181818182,0.31680764254993327,-0.8116004634581336,0.023872574078437462,-0.8116004634581336,True,271.0,223.0,0.34080717488789236,59.0,223.0,0.34080717488789236,0.47755364862088623,-0.4697300198313365,0.23814445548090868,-0.4697300198313365,True,543.0,419.0,0.3031026252983294,159.0,419.0,0.3031026252983294,0.7970218502214398,-0.5745607480276959,0.780299780261694,-0.5745607480276959,True,1000.0,796.0,0.3165829145728643,261.0,796.0,0.3165829145728643,0.6253777093484472,-0.6296834141267615,0.5380104254117954,-0.6296834141267615,True,1000.0,796.0,0.3165829145728643,261.0,796.0,0.3165829145728643,0.5994246582272478,-0.6323272416279637,0.5079259879543724,-0.6323272416279637,1000.0,796.0,0.3165829145728643,261.0,796.0,0.3165829145728643,0.6253931502789423,-0.6297079251338931,0.5380234767570189,-0.6297079251338931,186.0,0.3181818181818182,0.31680764254993327,-0.8116004634581336,43.0,0.3181818181818182,0.023872574078437462,-0.8116004634581336,True,-0.773101280331052,0.6253777093484472,-0.773101280331052,0.5380104254117954,0.5835438146428131,-0.7332207692182907,0.4369748885826395,-0.7332207692182907,42975.68888478261
4950,615.0,571.0,0.3975481611208406,201.0,571.0,0.3975481611208406,0.4443566851029985,-0.48555458336794144,0.35925105239327026,-0.48555458336794144,True,1599.0,1525.0,0.3822950819672131,482.0,1525.0,0.3822950819672131,0.9194410250737297,-0.2875183129697665,0.8880301417808131,-0.2875183129697665,True,2064.0,1996.0,0.3186372745490982,615.0,1996.0,0.3186372745490982,1.0067310091138302,-0.5052014922687275,1.022107567421748,-0.5052014922687275,True,4278.0,4092.0,0.3533724340175953,1298.0,4092.0,0.3533724340175953,0.8835835547854317,-0.46659817765903244,0.893791774805654,-0.46659817765903244,True,4278.0,4092.0,0.3533724340175953,1298.0,4092.0,0.3533724340175953,0.857113225600048,-0.4690793588848296,0.8608861348022155,-0.4690793588848296,4278.0,4092.0,0.3533724340175953,1298.0,4092.0,0.3533724340175953,0.8836464993564327,-0.46662076299687905,0.8937552302063456,-0.46662076299687905,615.0,0.3975481611208406,0.4443566851029985,-0.48555458336794144,201.0,0.3975481611208406,0.35925105239327026,-0.48555458336794144,True,-0.5759400922694494,0.8835835547854317,-0.5759400922694494,0.893791774805654,0.845343285800201,-0.5128534456369007,0.8521691949890513,-0.5128534456369007,109294.96360869566
5000,2118.0,1917.0,0.38810641627543035,565.0,1917.0,0.38810641627543035,-0.1401430326706674,-0.524342335124048,-0.4153342952636944,-0.524342335124048,True,2838.0,2579.0,0.3299728576967817,747.0,2579.0,0.3299728576967817,-0.06011507859925959,-0.517313510227648,-0.2264290606229155,-0.517313510227648,True,2738.0,2492.0,0.33386837881219905,717.0,2492.0,0.33386837881219905,-0.11872045096077506,-0.43719750717562045,-0.2961422747444945,-0.43719750717562045,True,7694.0,6988.0,0.3473096737263881,2029.0,6988.0,0.3473096737263881,-0.036094177676656215,-0.49347394854873067,-0.16330853784304206,-0.49347394854873067,True,7694.0,6988.0,0.3473096737263881,2029.0,6988.0,0.3473096737263881,-0.060722065548148456,-0.4959819332064541,-0.18783179889795196,-0.4959819332064541,7694.0,6988.0,0.3473096737263881,2029.0,6988.0,0.3473096737263881,-0.0362004316004077,-0.4934968512288924,-0.16319772258619164,-0.4934968512288924,2118.0,0.38810641627543035,-0.1401430326706674,-0.524342335124048,565.0,0.38810641627543035,-0.4153342952636944,-0.524342335124048,True,-0.608431438717801,-0.036094177676656215,-0.608431438717801,-0.16330853784304206,-0.05835379462924944,-0.58937657685056,-0.23305679253008907,-0.58937657685056,1253118.7221
5010,535.0,443.0,0.5033860045146726,138.0,443.0,0.5033860045146726,1.3944756696864449,-0.05076079650160504,1.3060527462125848,-0.05076079650160504,True,246.0,181.0,0.5359116022099447,39.0,181.0,0.5359116022099447,1.0363341765285738,0.38715366559130066,0.654163723547589,0.38715366559130066,True,281.0,185.0,0.5297297297297298,55.0,185.0,0.5297297297297298,1.0591145849853698,0.4372861913162372,0.8376487673817028,0.4372861913162372,True,1062.0,809.0,0.5166872682323856,232.0,809.0,0.5166872682323856,1.2316677849535231,0.25736448232133846,1.091453021459459,0.25736448232133846,True,1062.0,809.0,0.5166872682323856,232.0,809.0,0.5166872682323856,1.2045001193602447,0.2556053151338963,1.0569800075246485,0.2556053151338963,1062.0,809.0,0.5166872682323856,232.0,809.0,0.5166872682323856,1.2317947686174724,0.2573504453517436,1.0913889228687967,0.2573504453517436,535.0,0.5033860045146726,1.3944756696864449,-0.05076079650160504,138.0,0.5033860045146726,1.3060527462125848,-0.05076079650160504,True,0.2992914200704946,1.2316677849535231,0.2992914200704946,1.091453021459459,1.2214696653971264,0.2699898792744373,1.030985460326291,0.2699898792744373,13458.604095555556
5020,24.0,0.0,,0.0,0.0,,-0.488826374298368,,,,True,81.0,71.0,0.36619718309859156,16.0,71.0,0.36619718309859156,0.048191689256717234,-0.3582190505154912,-0.2714227052317848,-0.3582190505154912,True,119.0,102.0,0.43137254901960786,34.0,102.0,0.43137254901960786,0.20837146195204695,-0.0018599227981061714,0.11559571779948961,-0.0018599227981061714,True,224.0,173.0,0.4046242774566474,50.0,173.0,0.4046242774566474,0.07617648947530226,-0.23940252159123002,-0.13179288179532478,-0.23940252159123002,True,224.0,173.0,0.4046242774566474,50.0,173.0,0.4046242774566474,0.05132368356111135,-0.24165711868195774,-0.15656604928640017,-0.24165711868195774,224.0,173.0,0.4046242774566474,50.0,173.0,0.4046242774566474,0.07609089064323829,-0.2394224242601482,-0.13168645982309113,-0.2394224242601482,24.0,,-0.488826374298368,,0.0,,,,True,-0.30127289097666454,0.07617648947530226,-0.30127289097666454,-0.13179288179532478,-0.02921671091556079,-0.23123865473870317,0.005205813352275596,-0.23123865473870317,29099.14280217392
5100,110.0,68.0,0.23529411764705882,21.0,68.0,0.23529411764705882,-0.37419391391907725,-1.1521124773513718,-0.8650297982688995,-1.1521124773513718,True,238.0,150.0,0.3,20.0,150.0,0.3,-0.061400181082453736,-0.6489520031024001,-0.8636206273666428,-0.6489520031024001,True,294.0,194.0,0.23711340206185566,51.0,194.0,0.23711340206185566,0.00898766160622817,-0.8691900851894426,-0.3925151311298863,-0.8691900851894426,True,642.0,412.0,0.25970873786407767,92.0,412.0,0.25970873786407767,-0.0398034740296166,-0.8818024604598956,-0.49082943519557043,-0.8818024604598956,True,642.0,412.0,0.25970873786407767,92.0,412.0,0.25970873786407767,-0.06442393086238198,-0.8846977284025069,-0.5127555876863062,-0.8846977284025069,642.0,412.0,0.25970873786407767,92.0,412.0,0.25970873786407767,-0.03991041037432638,-0.8818299484250534,-0.490672963503143,-0.8818299484250534,110.0,0.23529411764705882,-0.37419391391907725,-1.1521124773513718,21.0,0.23529411764705882,-0.8650297982688995,-1.1521124773513718,True,-1.0778995059989838,-0.0398034740296166,-1.0778995059989838,-0.49082943519557043,-0.09451766509450141,-1.0439095427070526,-0.6334267819339456,-1.0439095427070526,105346.41033913044
5110,130.0,55.0,0.509090909090909,0.0,55.0,0.509090909090909,-1.011125012065988,-0.02732440565241779,,-0.02732440565241779,True,378.0,289.0,0.44982698961937717,54.0,289.0,0.44982698961937717,-0.5943615430562321,0.009076647518179869,-1.1333928840659404,0.009076647518179869,True,643.0,472.0,0.3516949152542373,120.0,472.0,0.3516949152542373,-0.35374009530226525,-0.35760541079670094,-0.7512237464900527,-0.35760541079670094,True,1151.0,816.0,0.39705882352941174,174.0,816.0,0.39705882352941174,-0.48359971601857565,-0.2729396229540924,-0.9366737672513833,-0.2729396229540924,True,1151.0,816.0,0.39705882352941174,174.0,816.0,0.39705882352941174,-0.5073310912716432,-0.2752276668775482,-0.955064554083224,-0.2752276668775482,1151.0,816.0,0.39705882352941174,174.0,816.0,0.39705882352941174,-0.4837883001551922,-0.27295992162063365,-0.9364551448284577,-0.27295992162063365,130.0,0.509090909090909,-1.011125012065988,-0.02732440565241779,0.0,0.509090909090909,,-0.02732440565241779,True,-0.34181742395867204,-0.48359971601857565,-0.34181742395867204,-0.9366737672513833,-0.6094909559468745,-0.1685695982516999,-0.8722288176338983,-0.1685695982516999,461707.8035130435
5120,763.0,670.0,0.6164179104477612,139.0,670.0,0.6164179104477612,-0.57777079740768,0.41358700992990033,-1.1216398989380914,0.41358700992990033,True,1329.0,1126.0,0.5577264653641207,260.0,1126.0,0.5577264653641207,-0.39521552156377115,0.4829628719384496,-0.7470813322105333,0.4829628719384496,True,1607.0,1423.0,0.5298664792691496,395.0,1423.0,0.5298664792691496,-0.33392299926897845,0.4378967520135813,-0.5704941246939528,0.4378967520135813,True,3699.0,3219.0,0.5576265921093507,794.0,3219.0,0.5576265921093507,-0.33990352565118814,0.43884549691665187,-0.5971358855643635,0.43884549691665187,True,3699.0,3219.0,0.5576265921093507,794.0,3219.0,0.5576265921093507,-0.3639227754372978,0.4372673222685711,-0.6182190707974022,0.4372673222685711,3699.0,3219.0,0.5576265921093507,794.0,3219.0,0.5576265921093507,-0.34006567315869685,0.4388336028290442,-0.5969645947454562,0.4388336028290442,763.0,0.6164179104477612,-0.57777079740768,0.41358700992990033,139.0,0.6164179104477612,-1.1216398989380914,0.41358700992990033,True,0.5186921041742165,-0.33990352565118814,0.5186921041742165,-0.5971358855643635,-0.3903068426862391,0.4839290170914802,-0.741042692752818,0.4839290170914802,1110910.676945652
5140,64.0,44.0,0.6590909090909091,0.0,44.0,0.6590909090909091,-0.7932148706136021,0.5888924969092163,,0.5888924969092163,True,183.0,147.0,0.43537414965986393,37.0,147.0,0.43537414965986393,-0.36772561238741264,-0.054399117431473194,-0.6995851494156813,-0.054399117431473194,True,241.0,176.0,0.42045454545454547,27.0,176.0,0.42045454545454547,-0.2620548308295381,-0.05060673319738278,-0.9441879764100083,-0.05060673319738278,True,488.0,367.0,0.4550408719346049,64.0,367.0,0.4550408719346049,-0.33516231899966004,-0.01590946279529947,-0.8534496000319542,-0.01590946279529947,True,488.0,367.0,0.4550408719346049,64.0,367.0,0.4550408719346049,-0.35919106710752324,-0.017941168382299734,-0.8725003209296179,-0.017941168382299734,488.0,367.0,0.4550408719346049,64.0,367.0,0.4550408719346049,-0.3353235942396337,-0.015926726514622715,-0.8532425790636529,-0.015926726514622715,64.0,0.6590909090909091,-0.7932148706136021,0.5888924969092163,0.0,0.6590909090909091,,0.5888924969092163,True,-0.03108192856881616,-0.33516231899966004,-0.03108192856881616,-0.8534496000319542,-0.42931271413872396,0.15943081317216376,-0.7499904455225204,0.15943081317216376,145166.79857608696
5150,88.0,23.0,1.0,0.0,23.0,1.0,0.12754235392888597,1.9893854572765666,,1.9893854572765666,True,152.0,103.0,0.6601941747572816,0.0,103.0,0.6601941747572816,0.36241767619908155,0.9329931950161219,,0.9329931950161219,True,205.0,86.0,0.7441860465116279,15.0,86.0,0.7441860465116279,0.47602410104452875,1.3947928774788412,-0.37417666921435455,1.3947928774788412,True,445.0,212.0,0.7311320754716981,15.0,212.0,0.7311320754716981,0.40160012784425253,1.2079825557767296,-0.7869391833835417,1.2079825557767296,True,445.0,212.0,0.7311320754716981,15.0,212.0,0.7311320754716981,0.37609538274018617,1.2071714479742388,-0.8065173050488531,1.2071714479742388,445.0,212.0,0.7311320754716981,15.0,212.0,0.7311320754716981,0.4015743991034449,1.2079797434652668,-0.7867414339718873,1.2079797434652668,88.0,1.0,0.12754235392888597,1.9893854572765666,0.0,1.0,,1.9893854572765666,True,1.4485370097679033,0.40160012784425253,1.4485370097679033,-0.7869391833835417,0.3734044840962191,1.6218721200005188,-0.2955266338856227,1.6218721200005188,30014.45691956522
5160,15.0,0.0,,0.0,0.0,,-1.7704600587411756,,,,True,81.0,20.0,1.0,0.0,20.0,1.0,-1.089730380451722,2.4253943253166144,,2.4253943253166144,True,101.0,36.0,0.5277777777777778,16.0,36.0,0.5277777777777778,-1.0081283760909687,0.428571096917955,-1.5689225741867736,0.428571096917955,True,197.0,56.0,0.6964285714285714,16.0,56.0,0.6964285714285714,-1.0635887689961536,1.05414447230748,-1.8860053468446483,1.05414447230748,True,197.0,56.0,0.6964285714285714,16.0,56.0,0.6964285714285714,-1.0861582200717705,1.0531799404928979,-1.8968683172973442,1.0531799404928979,197.0,56.0,0.6964285714285714,16.0,56.0,0.6964285714285714,-1.0638840571131678,1.0541398435147795,-1.8856543875343506,1.0541398435147795,15.0,,-1.7704600587411756,,0.0,,,,True,1.2625551271471607,-1.0635887689961536,1.2625551271471607,-1.8860053468446483,-1.2509619895104336,1.6080524867596138,-1.5082958524211463,1.6080524867596138,254155.11591956523
5165,51.0,16.0,1.0,0.0,16.0,1.0,-0.8236971557846987,1.9893854572765666,,1.9893854572765666,True,176.0,149.0,0.5302013422818792,43.0,149.0,0.5302013422818792,-0.30191952187587184,0.3620746418139201,-0.5243787669171923,0.3620746418139201,True,280.0,244.0,0.7418032786885246,53.0,244.0,0.7418032786885246,-0.09803142391436753,1.384154272114212,-0.4604663410063457,1.384154272114212,True,507.0,409.0,0.6748166259168704,96.0,409.0,0.6748166259168704,-0.23461005378847047,0.9583403058627828,-0.5511673138541914,0.9583403058627828,True,507.0,409.0,0.6748166259168704,96.0,409.0,0.6748166259168704,-0.25884024381570525,0.9572802277487441,-0.5726150113129732,0.9572802277487441,507.0,409.0,0.6748166259168704,96.0,409.0,0.6748166259168704,-0.23475282983974227,0.9583345458386804,-0.5510024310573364,0.9583345458386804,51.0,1.0,-0.8236971557846987,1.9893854572765666,0.0,1.0,,1.9893854572765666,True,1.1467330963698643,-0.23461005378847047,1.1467330963698643,-0.5511673138541914,-0.3623303731928942,1.4000015215921706,-0.41555631437527796,1.4000015215921706,123168.07528913044
5220,469.0,377.0,0.5888594164456233,127.0,377.0,0.5888594164456233,0.4469500935673305,0.3003736111748287,0.2585520491284945,0.3003736111748287,True,562.0,408.0,0.5857843137254902,108.0,408.0,0.5857843137254902,0.515527487889855,0.6061907906428978,0.20892668752454627,0.6061907906428978,True,593.0,440.0,0.5522727272727272,113.0,440.0,0.5522727272727272,0.5001163996244097,0.5379363899089848,0.2044301431319152,0.5379363899089848,True,1624.0,1225.0,0.5746938775510204,348.0,1225.0,0.5746938775510204,0.53989947862213,0.5145035192047243,0.34205291182021647,0.5145035192047243,True,1624.0,1225.0,0.5746938775510204,348.0,1225.0,0.5746938775510204,0.5141176707725349,0.513000798937409,0.31352233837842336,0.513000798937409,1624.0,1225.0,0.5746938775510204,348.0,1225.0,0.5746938775510204,0.5398991936222665,0.5144925184679363,0.34209327965628805,0.5144925184679363,469.0,0.5888594164456233,0.4469500935673305,0.3003736111748287,127.0,0.5888594164456233,0.2585520491284945,0.3003736111748287,True,0.6101585415035039,0.53989947862213,0.6101585415035039,0.34205291182021647,0.540269572939375,0.5259159163990608,0.3116429849592793,0.5259159163990608,82904.91220217392
5230,36.0,19.0,1.0,0.0,19.0,1.0,-0.5118940805833709,1.9893854572765666,,1.9893854572765666,True,128.0,71.0,0.352112676056338,21.0,71.0,0.352112676056338,0.05063277553711166,-0.4200771255339826,-0.37221881386856853,-0.4200771255339826,True,165.0,97.0,0.5567010309278351,50.0,97.0,0.5567010309278351,0.14256408499310533,0.5577079239059818,0.07680205018347097,0.5577079239059818,True,329.0,187.0,0.5240641711229946,71.0,187.0,0.5240641711229946,0.042157363342139376,0.2900657507932414,-0.18605053489886228,0.2900657507932414,True,329.0,187.0,0.5240641711229946,71.0,187.0,0.5240641711229946,0.01737270982659622,0.2883391968553684,-0.21039346109331739,0.2883391968553684,329.0,187.0,0.5240641711229946,71.0,187.0,0.5240641711229946,0.04206550581234754,0.2900520999519659,-0.1859365494060609,0.2900520999519659,36.0,1.0,-0.5118940805833709,1.9893854572765666,0.0,1.0,,1.9893854572765666,True,0.3388254765104692,0.042157363342139376,0.3388254765104692,-0.18605053489886228,-0.058259261289927866,0.7863032440634168,-0.06564196405256423,0.7863032440634168,45770.53946521739
5240,229.0,157.0,0.5796178343949044,59.0,157.0,0.5796178343949044,-1.567246155580805,0.2624081507344074,-2.052507357805627,0.2624081507344074,True,749.0,556.0,0.5377697841726619,173.0,556.0,0.5377697841726619,-1.1334283541054992,0.3953146582978919,-1.437577417240472,0.3953146582978919,True,863.0,634.0,0.5236593059936908,184.0,634.0,0.5236593059936908,-1.0927793599968403,0.41018290332585017,-1.4911662159169632,0.41018290332585017,True,1841.0,1347.0,0.5360059391239792,416.0,1347.0,0.5360059391239792,-1.0996605441376448,0.34300273088098354,-1.381715015049385,0.34300273088098354,True,1841.0,1347.0,0.5360059391239792,416.0,1347.0,0.5360059391239792,-1.122157730629223,0.34132897143774993,-1.3965768043564577,0.34132897143774993,1841.0,1347.0,0.5360059391239792,416.0,1347.0,0.5360059391239792,-1.0999624685902376,0.34298970510619964,-1.381434353845962,0.34298970510619964,229.0,0.5796178343949044,-1.567246155580805,0.2624081507344074,59.0,0.5796178343949044,-2.052507357805627,0.2624081507344074,True,0.40282340858912125,-1.0996605441376448,0.40282340858912125,-1.381715015049385,-1.2258067377545752,0.38224065699196624,-1.6011705123624873,0.38224065699196624,2554111.8518673917
5250,405.0,356.0,0.34269662921348315,127.0,356.0,0.34269662921348315,0.4356600611001057,-0.7108908573193579,0.3265898722430982,-0.7108908573193579,True,348.0,310.0,0.22258064516129034,120.0,310.0,0.22258064516129034,0.32870420533544226,-0.9889718735266227,0.33636793431527756,-0.9889718735266227,True,437.0,373.0,0.19302949061662197,120.0,373.0,0.19302949061662197,0.4052604336903776,-1.0660163694156124,0.3103036099163649,-1.0660163694156124,True,1190.0,1039.0,0.2531280076997113,367.0,1039.0,0.2531280076997113,0.44683129641144703,-0.9109743537377709,0.43576349661368896,-0.9109743537377709,True,1190.0,1039.0,0.2531280076997113,367.0,1039.0,0.2531280076997113,0.4212359372034372,-0.9138987150544419,0.406489836045889,-0.9138987150544419,1190.0,1039.0,0.2531280076997113,367.0,1039.0,0.2531280076997113,0.446813889113431,-0.9110021861572771,0.4357908011878066,-0.9110021861572771,405.0,0.34269662921348315,0.4356600611001057,-0.7108908573193579,127.0,0.34269662921348315,0.3265898722430982,-0.7108908573193579,True,-1.1131667396324236,0.44683129641144703,-1.1131667396324236,0.43576349661368896,0.44182942902372047,-1.0803913784230534,0.4136091795852417,-1.0803913784230534,73274.32741739131
5260,135.0,52.0,1.0,29.0,52.0,1.0,-0.4768643838113287,1.9893854572765666,-0.9164299743435126,1.9893854572765666,True,176.0,110.0,0.7545454545454545,46.0,110.0,0.7545454545454545,-0.43831110746008767,1.3473767815852713,-0.6314821532640886,1.3473767815852713,True,274.0,185.0,0.8054054054054054,43.0,185.0,0.8054054054054054,-0.24488712968678733,1.668125677104391,-0.7308519528839955,1.668125677104391,True,585.0,347.0,0.8184438040345822,118.0,347.0,0.8184438040345822,-0.29253201265373296,1.5950290329799934,-0.5795117571072226,1.5950290329799934,True,585.0,347.0,0.8184438040345822,118.0,347.0,0.8184438040345822,-0.31664616441427057,1.5946039298784138,-0.6007346945677441,1.5946039298784138,585.0,347.0,0.8184438040345822,118.0,347.0,0.8184438040345822,-0.2926854449467591,1.5950307908155847,-0.5793429230930321,1.5950307908155847,135.0,1.0,-0.4768643838113287,1.9893854572765666,29.0,1.0,-0.9164299743435126,1.9893854572765666,True,1.916455166759101,-0.29253201265373296,1.916455166759101,-0.5795117571072226,-0.34096511659520834,1.8842436580214201,-0.6867521062187356,1.8842436580214201,159702.9091195652
5300,177.0,156.0,0.6410256410256411,66.0,156.0,0.6410256410256411,-0.18739414044661135,0.5146783400350494,-0.28437764452396946,0.5146783400350494,True,264.0,216.0,0.5324074074074074,73.0,216.0,0.5324074074074074,-0.05489463738862393,0.3717635106980928,-0.193437425958668,0.3717635106980928,True,307.0,264.0,0.48863636363636365,92.0,264.0,0.48863636363636365,-0.01607054136878389,0.25381212358177296,-0.10493403911787923,0.25381212358177296,True,748.0,636.0,0.5408805031446541,231.0,636.0,0.5408805031446541,-0.009256655418670264,0.364611315010035,-0.05085811933764465,0.364611315010035,True,748.0,636.0,0.5408805031446541,231.0,636.0,0.5408805031446541,-0.03393830838420064,0.36295910598915415,-0.07627306683853721,0.36295910598915415,748.0,636.0,0.5408805031446541,231.0,636.0,0.5408805031446541,-0.009357971886388343,0.3645985443839553,-0.050762979676854204,0.3645985443839553,177.0,0.6410256410256411,-0.18739414044661135,0.5146783400350494,66.0,0.6410256410256411,-0.28437764452396946,0.5146783400350494,True,0.42894701248784645,-0.009256655418670264,0.42894701248784645,-0.05085811933764465,-0.03798521882451291,0.40984233283361426,-0.11288538350902069,0.40984233283361426,115415.9229
5310,680.0,537.0,0.7281191806331471,147.0,537.0,0.7281191806331471,0.2522631141753416,0.872468414768825,-0.08628475661486985,0.872468414768825,True,481.0,368.0,0.6086956521739131,89.0,368.0,0.6086956521739131,0.02841371251321645,0.7068156324115752,-0.3288039516005438,0.7068156324115752,True,572.0,447.0,0.738255033557047,77.0,447.0,0.738255033557047,0.0783999414786374,1.368312032125595,-0.46204168459554396,1.368312032125595,True,1733.0,1352.0,0.6989644970414202,313.0,1352.0,0.6989644970414202,0.18881699178055342,1.0653860442137757,-0.12378550686660589,1.0653860442137757,True,1733.0,1352.0,0.6989644970414202,313.0,1352.0,0.6989644970414202,0.16373852691242755,1.0644327237132272,-0.14862216960995991,1.0644327237132272,1733.0,1352.0,0.6989644970414202,313.0,1352.0,0.6989644970414202,0.18875211608091455,1.0653815481587172,-0.12368020112298704,1.0653815481587172,680.0,0.7281191806331471,0.2522631141753416,0.872468414768825,147.0,0.7281191806331471,-0.08628475661486985,0.872468414768825,True,1.2761455766613556,0.18881699178055342,1.2761455766613556,-0.12378550686660589,0.16947850263213374,1.0993636781665053,-0.2124927720772348,1.0993636781665053,179431.7821847826
5320,529.0,452.0,0.6548672566371682,92.0,452.0,0.6548672566371682,0.5339163417353917,0.571541256692276,0.11318447622282458,0.571541256692276,True,676.0,588.0,0.5578231292517006,112.0,588.0,0.5578231292517006,0.6432515012418183,0.48338741232112387,0.2617944500752922,0.48338741232112387,True,630.0,524.0,0.5419847328244275,112.0,524.0,0.5419847328244275,0.5622614797682953,0.49200245045095975,0.23307860374766562,0.49200245045095975,True,1835.0,1564.0,0.5805626598465473,316.0,1564.0,0.5805626598465473,0.6296231500086963,0.5405193998927419,0.32194987982946527,0.5405193998927419,True,1835.0,1564.0,0.5805626598465473,316.0,1564.0,0.5805626598465473,0.6036615937611988,0.5390426254816362,0.2935787153199604,0.5390426254816362,1835.0,1564.0,0.5805626598465473,316.0,1564.0,0.5805626598465473,0.6296393719977555,0.5405087063449027,0.3219930500295765,0.5405087063449027,529.0,0.6548672566371682,0.5339163417353917,0.571541256692276,92.0,0.6548672566371682,0.11318447622282458,0.571541256692276,True,0.6416103274285495,0.6296231500086963,0.6416103274285495,0.32194987982946527,0.6332885774760941,0.5649942387540311,0.29003812566009535,0.5649942387540311,78188.92653043478
5330,64.0,25.0,1.0,20.0,25.0,1.0,-0.7975524826157709,1.9893854572765666,-1.0734922308238066,1.9893854572765666,True,125.0,20.0,1.0,25.0,20.0,1.0,-0.5725492244021736,2.4253943253166144,-0.9228800690666051,2.4253943253166144,True,127.0,38.0,1.0,46.0,38.0,1.0,-0.6009989413672341,2.5369535494254416,-0.6420718166939277,2.5369535494254416,True,316.0,83.0,1.0,91.0,83.0,1.0,-0.5553519134997508,2.399854309256934,-0.671458652821903,2.399854309256934,True,316.0,83.0,1.0,91.0,83.0,1.0,-0.5789395436034737,2.4002318651597716,-0.6919524884991791,2.4002318651597716,316.0,83.0,1.0,91.0,83.0,1.0,-0.5555536983080597,2.3998655702661282,-0.6712770014041373,2.3998655702661282,64.0,1.0,-0.7975524826157709,1.9893854572765666,20.0,1.0,-1.0734922308238066,1.9893854572765666,True,2.889445187742198,-0.5553519134997508,2.889445187742198,-0.671458652821903,-0.6134807191885765,2.6269870859117606,-0.8084541000568016,2.6269870859117606,146468.2959521739
5340,0.0,0.0,,0.0,0.0,,,,,,True,0.0,0.0,,0.0,0.0,,,,,,True,0.0,0.0,,0.0,0.0,,,,,,True,0.0,0.0,,0.0,0.0,,,,,,True,0.0,0.0,,0.0,0.0,,,,,,0.0,0.0,,0.0,0.0,,,,,,0.0,,,,0.0,,,,True,,,,,,,,,18067.24487391304
5350,2585.0,2439.0,0.5088150881508815,644.0,2439.0,0.5088150881508815,1.1057805217945675,-0.028457509154587175,0.9595813359826456,-0.028457509154587175,True,2937.0,2782.0,0.4327821710999281,733.0,2782.0,0.4327821710999281,1.1993881468322487,-0.06578288853015817,1.0798043094301677,-0.06578288853015817,True,3076.0,2889.0,0.42679127725856697,817.0,2889.0,0.42679127725856697,1.175880149353288,-0.022314430308769756,1.1427406195153054,-0.022314430308769756,True,8598.0,8110.0,0.45351418002466093,2194.0,8110.0,0.45351418002466093,1.1929960706434843,-0.022677175853379153,1.1325552644228787,-0.022677175853379153,True,8598.0,8110.0,0.45351418002466093,2194.0,8110.0,0.45351418002466093,1.165905878236311,-0.024715630937426167,1.0977563262857655,-0.024715630937426167,8598.0,8110.0,0.45351418002466093,2194.0,8110.0,0.45351418002466093,1.19311593964583,-0.022694519484149,1.1324854361767251,-0.022694519484149,2585.0,0.5088150881508815,1.1057805217945675,-0.028457509154587175,644.0,0.5088150881508815,0.9595813359826456,-0.028457509154587175,True,-0.039263725866298976,1.1929960706434843,-0.039263725866298976,1.1325552644228787,1.2184873846614315,-0.06964436412363126,1.161004723402076,-0.06964436412363126,117787.90886086956
5360,630.0,532.0,0.5939849624060151,128.0,532.0,0.5939849624060151,0.7756547024336554,0.3214299315458279,0.4729442709198736,0.3214299315458279,True,1233.0,1117.0,0.4377797672336616,310.0,1117.0,0.4377797672336616,1.1282518530972656,-0.04383382949492312,1.0084566561445543,-0.04383382949492312,True,1288.0,1158.0,0.46027633851468047,315.0,1158.0,0.46027633851468047,1.1038243865760586,0.12719000267046598,1.015516251571331,0.12719000267046598,True,3151.0,2807.0,0.47666547915924473,753.0,2807.0,0.47666547915924473,1.058273244174221,0.07995083209249457,0.9537950105478092,0.07995083209249457,True,3151.0,2807.0,0.47666547915924473,753.0,2807.0,0.47666547915924473,1.0314529494634364,0.07801472878231851,0.9204135690957188,0.07801472878231851,3151.0,2807.0,0.47666547915924473,753.0,2807.0,0.47666547915924473,1.0583683274297309,0.07993470026732376,0.9537501014933188,0.07993470026732376,630.0,0.5939849624060151,0.7756547024336554,0.3214299315458279,128.0,0.5939849624060151,0.4729442709198736,0.3214299315458279,True,0.08480795844589781,1.058273244174221,0.08480795844589781,0.9537950105478092,1.0594485951104797,0.12925306670031694,0.9291561256771874,0.12925306670031694,56623.84782608696
5400,892.0,774.0,0.537467700258398,240.0,774.0,0.537467700258398,-0.5460690594027964,0.0892506500667046,-0.8708370278487813,0.0892506500667046,True,726.0,602.0,0.6362126245847176,183.0,602.0,0.6362126245847176,-0.7604486852515523,0.8276680654120956,-0.9933216277265601,0.8276680654120956,True,747.0,607.0,0.5799011532125206,178.0,607.0,0.5799011532125206,-0.7811451814896944,0.6612920595505768,-1.0826399999817986,0.6612920595505768,True,2365.0,1983.0,0.5804336863338376,601.0,1983.0,0.5804336863338376,-0.6071401504781174,0.5399476697876522,-0.7931388926811509,0.5399476697876522,True,2365.0,1983.0,0.5804336863338376,601.0,1983.0,0.5804336863338376,-0.630624030339756,0.5384703251853131,-0.812667853153261,0.5384703251853131,2365.0,1983.0,0.5804336863338376,601.0,1983.0,0.5804336863338376,-0.6073514630714681,0.5399369694889684,-0.7929402790295949,0.5399369694889684,892.0,0.537467700258398,-0.5460690594027964,0.0892506500667046,240.0,0.537467700258398,-0.8708370278487813,0.0892506500667046,True,0.6409191368020309,-0.6071401504781174,0.6409191368020309,-0.7931388926811509,-0.6526466254579624,0.5769277792426741,-0.9127895049618745,0.5769277792426741,1216715.4793608696
5410,221.0,182.0,0.5659340659340659,43.0,182.0,0.5659340659340659,-0.043474483975043686,0.20619368795901746,-0.4796035180513496,0.20619368795901746,True,281.0,255.0,0.4117647058823529,65.0,255.0,0.4117647058823529,0.01679585976174023,-0.1580899842791962,-0.21679294334561017,-0.1580899842791962,True,337.0,294.0,0.42857142857142855,102.0,294.0,0.42857142857142855,0.07126642650934507,-0.014366393104626313,-0.0026768332321754074,-0.014366393104626313,True,839.0,731.0,0.45690834473324216,210.0,731.0,0.45690834473324216,0.08454919414321418,-0.00763109309763749,-0.06209277412723587,-0.00763109309763749,True,839.0,731.0,0.45690834473324216,210.0,731.0,0.45690834473324216,0.059679614726257386,-0.009654542597042622,-0.0874186353487324,-0.009654542597042622,839.0,731.0,0.45690834473324216,210.0,731.0,0.45690834473324216,0.08446513568662829,-0.0076482590680620535,-0.06199606835479644,-0.0076482590680620535,221.0,0.5659340659340659,-0.043474483975043686,0.20619368795901746,43.0,0.5659340659340659,-0.4796035180513496,0.20619368795901746,True,-0.021073829490349447,0.08454919414321418,-0.021073829490349447,-0.06209277412723587,0.06380756348364935,-0.012306222499710159,-0.1522450471794299,-0.012306222499710159,107169.24780652174
5420,21.0,0.0,,0.0,0.0,,-1.1960070678280101,,,,True,83.0,16.0,0.0,0.0,16.0,0.0,-0.6329409132394102,-1.966529000996263,,-1.966529000996263,True,92.0,56.0,0.6785714285714286,17.0,56.0,0.6785714285714286,-0.6155812072341604,1.1018360817522785,-1.0463172091657431,1.1018360817522785,True,196.0,72.0,0.5277777777777778,17.0,72.0,0.5277777777777778,-0.6462945714206084,0.3065278962244501,-1.4052521832243765,0.3065278962244501,True,196.0,72.0,0.5277777777777778,17.0,72.0,0.5277777777777778,-0.6697000110632227,0.30481776012241285,-1.4199273322848638,0.30481776012241285,196.0,72.0,0.5277777777777778,17.0,72.0,0.5277777777777778,-0.6465130874819268,0.30651443976403037,-1.4049682409380937,0.30651443976403037,21.0,,-1.1960070678280101,,0.0,,,,True,0.3587273157054735,-0.6462945714206084,0.3587273157054735,-1.4052521832243765,-0.7725566927893746,-0.5200125005237349,-0.977806735445551,-0.5200125005237349,109109.8535847826
5500,185.0,73.0,0.3287671232876712,22.0,73.0,0.3287671232876712,0.6545102220190798,-0.7681148372914762,0.040473525875885076,-0.7681148372914762,True,219.0,64.0,0.625,0.0,64.0,0.625,0.733382420366295,0.778423077949285,,0.778423077949285,True,259.0,84.0,0.4166666666666667,32.0,84.0,0.4166666666666667,0.7761519630139455,-0.06751889190733586,0.259616610459058,-0.06751889190733586,True,663.0,221.0,0.4479638009049774,54.0,221.0,0.4479638009049774,0.7690136971519909,-0.04728159865860216,0.07368446315377546,-0.04728159865860216,True,663.0,221.0,0.4479638009049774,54.0,221.0,0.4479638009049774,0.7427728921048783,-0.049344591940063215,0.047281943225574,-0.049344591940063215,663.0,221.0,0.4479638009049774,54.0,221.0,0.4479638009049774,0.7690555636357757,-0.04729923281218262,0.07376224157001608,-0.04729923281218262,185.0,0.3287671232876712,0.6545102220190798,-0.7681148372914762,22.0,0.3287671232876712,0.040473525875885076,-0.7681148372914762,True,-0.06900913591638445,0.7690136971519909,-0.06900913591638445,0.07368446315377546,0.7759628858434372,-0.04700389308431496,0.23660323920113063,-0.04700389308431496,21334.966015555558
5510,339.0,330.0,0.5666666666666667,82.0,330.0,0.5666666666666667,-0.7326831408009049,0.2092032943207348,-1.1410690350564878,0.2092032943207348,True,189.0,166.0,0.42771084337349397,55.0,166.0,0.42771084337349397,-1.1607183903782612,-0.08805577106726155,-1.3378617009584226,-0.08805577106726155,True,275.0,257.0,0.4280155642023346,73.0,257.0,0.4280155642023346,-0.9981343252738575,-0.01684822184249602,-1.2601783446343102,-0.01684822184249602,True,803.0,753.0,0.48871181938911024,210.0,753.0,0.48871181938911024,-0.8537489933856677,0.13335137318707796,-1.0414270825935539,0.13335137318707796,True,803.0,753.0,0.48871181938911024,210.0,753.0,0.48871181938911024,-0.8767388281002877,0.13146852668482495,-1.058987217901782,0.13146852668482495,803.0,753.0,0.48871181938911024,210.0,753.0,0.48871181938911024,-0.8540056760510988,0.13333587190201004,-1.0411938575512776,0.13333587190201004,339.0,0.5666666666666667,-0.7326831408009049,0.2092032943207348,82.0,0.5666666666666667,-1.1410690350564878,0.2092032943207348,True,0.14936631058970973,-0.8537489933856677,0.14936631058970973,-1.0414270825935539,-0.9227546951210376,0.014613970814048693,-1.1808771072649638,0.014613970814048693,678879.2375195653
5521,184.0,109.0,0.8073394495412844,63.0,109.0,0.8073394495412844,-0.06089879266215349,1.1979142062799726,-0.187963214391786,1.1979142062799726,True,144.0,94.0,0.5106382978723404,24.0,94.0,0.5106382978723404,-0.25684733346712957,0.27615525073797176,-0.6895707964800999,0.27615525073797176,True,181.0,97.0,0.7319587628865979,53.0,97.0,0.7319587628865979,-0.17619011475126378,1.340200380506698,-0.2952368253955289,1.340200380506698,True,509.0,300.0,0.69,140.0,300.0,0.69,-0.09040646829944986,1.0256470875250208,-0.19901268781490408,1.0256470875250208,True,509.0,300.0,0.69,140.0,300.0,0.69,-0.11492554935246273,1.024654135029364,-0.22325282936685087,1.024654135029364,509.0,300.0,0.69,140.0,300.0,0.69,-0.09052271437316385,1.025642122242398,-0.19889689539709632,1.025642122242398,184.0,0.8073394495412844,-0.06089879266215349,1.1979142062799726,63.0,0.8073394495412844,-0.187963214391786,1.1979142062799726,True,1.2281033376286774,-0.09040646829944986,1.2281033376286774,-0.19901268781490408,-0.11714104703079269,1.0484982170302968,-0.3125262124056925,1.0484982170302968,92484.09612058823
5522,25.0,0.0,,0.0,0.0,,-1.3899478144951314,,,,True,59.0,22.0,0.0,0.0,22.0,0.0,-1.1132270627083094,-1.966529000996263,,-1.966529000996263,True,77.0,36.0,0.0,16.0,36.0,0.0,-1.0076869776488722,-1.9278563500021768,-1.4119698536335168,-1.9278563500021768,True,161.0,58.0,0.0,16.0,58.0,0.0,-1.028655429203189,-2.0330722124589147,-1.7416219899272345,-2.0330722124589147,True,161.0,58.0,0.0,16.0,58.0,0.0,-1.0512948641722886,-2.037115651389929,-1.7536298621428577,-2.037115651389929,161.0,58.0,0.0,16.0,58.0,0.0,-1.028944290429238,-2.03311329432655,-1.741291157666804,-2.03311329432655,25.0,,-1.3899478144951314,,0.0,,,,True,-2.4697220706885132,-1.028655429203189,-2.4697220706885132,-1.7416219899272345,-1.1308534425878674,-2.2538051198506555,-1.3489754249895145,-2.2538051198506555,193597.99230882357
5530,22.0,0.0,,0.0,0.0,,-0.4212061165098924,,,,True,0.0,0.0,,0.0,0.0,,,,,,True,0.0,0.0,,0.0,0.0,,,,,,True,22.0,0.0,,0.0,0.0,,-0.963681732880605,,,,True,22.0,0.0,,0.0,0.0,,-0.986451333252427,,,,22.0,0.0,,0.0,0.0,,-0.9639586405154902,,,,22.0,,-0.4212061165098924,,0.0,,,,True,,-0.963681732880605,,,-0.37576071287961477,,,,23209.321152173918
5540,16.0,0.0,,0.0,0.0,,-1.2765381785897008,,,,True,22.0,0.0,,0.0,0.0,,-1.274337034749739,,,,True,33.0,16.0,0.0,0.0,16.0,0.0,-1.0951688205087284,-1.9278563500021768,,-1.9278563500021768,True,71.0,16.0,0.0,0.0,16.0,0.0,-1.0977025226661463,-2.0330722124589147,,-2.0330722124589147,True,71.0,16.0,0.0,0.0,16.0,0.0,-1.1202036317705326,-2.037115651389929,,-2.037115651389929,71.0,16.0,0.0,0.0,16.0,0.0,-1.0980040868900702,-2.03311329432655,,-2.03311329432655,16.0,,-1.2765381785897008,,0.0,,,,True,,-1.0977025226661463,,,-1.1762757923706673,,,,98114.16431086956
5550,18.0,0.0,,0.0,0.0,,-1.7660133560184317,,,,True,36.0,0.0,,0.0,0.0,,-1.6064396971358958,,,,True,42.0,22.0,0.0,17.0,22.0,0.0,-1.5563698733632174,-1.9278563500021768,-1.6338273208752394,-1.9278563500021768,True,96.0,22.0,0.0,17.0,22.0,0.0,-1.5064650167527462,-2.0330722124589147,-1.9457122775287536,-2.0330722124589147,True,96.0,22.0,0.0,17.0,22.0,0.0,-1.528147229324041,-2.037115651389929,-1.9561017961123515,-2.037115651389929,96.0,22.0,0.0,17.0,22.0,0.0,-1.506841783404944,-2.03311329432655,-1.9453529950682196,-2.03311329432655,18.0,,-1.7660133560184317,,0.0,,,,True,,-1.5064650167527462,,-1.9457122775287536,-1.607300295671561,,-1.5741797182649333,,302208.2270434783
5560,0.0,0.0,,0.0,0.0,,,,,,True,0.0,0.0,,0.0,0.0,,,,,,True,0.0,0.0,,0.0,0.0,,,,,,True,0.0,0.0,,0.0,0.0,,,,,,True,0.0,0.0,,0.0,0.0,,,,,,0.0,0.0,,0.0,0.0,,,,,,0.0,,,,0.0,,,,True,,,,,,,,,71742.82987173913
5600,185.0,129.0,0.751937984496124,34.0,129.0,0.751937984496124,-0.5297219649038688,0.9703187450299366,-1.062321026221722,0.9703187450299366,True,88.0,43.0,0.6511627906976745,16.0,43.0,0.6511627906976745,-1.0247965190990966,0.893328048695843,-1.455623615352473,0.893328048695843,True,133.0,66.0,0.4393939393939394,17.0,66.0,0.4393939393939394,-0.8432257376586587,0.03395406035238264,-1.5104420215944756,0.03395406035238264,True,406.0,238.0,0.6470588235294118,67.0,238.0,0.6470588235294118,-0.6843095616865447,0.8352920074748701,-1.104628489081004,0.8352920074748701,True,406.0,238.0,0.6470588235294118,67.0,238.0,0.6470588235294118,-0.707638843794687,0.8341092122598772,-1.1216874627370044,0.8341092122598772,406.0,238.0,0.6470588235294118,67.0,238.0,0.6470588235294118,-0.6845350715881008,0.8352847945275362,-1.1043864537583246,0.8352847945275362,185.0,0.751937984496124,-0.5297219649038688,0.9703187450299366,34.0,0.751937984496124,-1.062321026221722,0.9703187450299366,True,0.9979743906490062,-0.6843095616865447,0.9979743906490062,-1.104628489081004,-0.7568365502744218,0.6987786874816452,-1.2787575983473076,0.6987786874816452,243998.54739782607
5610,26.0,15.0,1.0,0.0,15.0,1.0,-1.9214904050182207,1.9893854572765666,,1.9893854572765666,True,61.0,58.0,0.46551724137931033,0.0,58.0,0.46551724137931033,-1.6906050731391136,0.07798703021835199,,0.07798703021835199,True,53.0,48.0,0.5,0.0,48.0,0.5,-1.7938162522604038,0.30454859971163223,,0.30454859971163223,True,140.0,121.0,0.5454545454545454,0.0,121.0,0.5454545454545454,-1.6605526563370878,0.38488770847700277,,0.38488770847700277,True,140.0,121.0,0.5454545454545454,0.0,121.0,0.5454545454545454,-1.6819261766098639,0.3832557212735437,,0.3832557212735437,140.0,121.0,0.5454545454545454,0.0,121.0,0.5454545454545454,-1.6609577713941206,0.38487517726945625,,0.38487517726945625,26.0,1.0,-1.9214904050182207,1.9893854572765666,0.0,1.0,,1.9893854572765666,True,0.45346007027369284,-1.6605526563370878,0.45346007027369284,,-1.7676061487742591,0.8797371924387966,,0.8797371924387966,601104.5337673913
5630,106.0,84.0,0.7738095238095238,22.0,84.0,0.7738095238095238,-0.09495596354134808,1.0601694930963248,-0.502396871381017,1.0601694930963248,True,33.0,22.0,1.0,0.0,22.0,1.0,-0.7776454696703827,2.4253943253166144,,2.4253943253166144,True,43.0,29.0,1.0,19.0,29.0,1.0,-0.6749927633900898,2.5369535494254416,-0.6092082168371973,2.5369535494254416,True,182.0,135.0,0.8592592592592593,41.0,135.0,0.8592592592592593,-0.3619949214606538,1.7759609469413704,-0.5951178710748175,1.7759609469413704,True,182.0,135.0,0.8592592592592593,41.0,135.0,0.8592592592592593,-0.3859699143305806,1.7757162887564804,-0.616217058348507,1.7757162887564804,182.0,135.0,0.8592592592592593,41.0,135.0,0.8592592592592593,-0.36216113325153704,1.775964841175307,-0.5949468615672685,1.775964841175307,106.0,0.7738095238095238,-0.09495596354134808,1.0601694930963248,22.0,0.7738095238095238,-0.502396871381017,1.0601694930963248,True,2.1351920180371353,-0.3619949214606538,2.1351920180371353,-0.5951178710748175,-0.47117898732519287,2.2724807420618656,-0.4798924219960451,2.2724807420618656,57146.6093173913
5710,2019.0,1901.0,0.49237243556023147,496.0,1901.0,0.49237243556023147,0.6802712719237665,-0.09600577881663644,0.4694376584767889,-0.09600577881663644,True,2763.0,2632.0,0.4551671732522796,714.0,2632.0,0.4551671732522796,0.8373477436645871,0.03253032458231839,0.7151987470840075,0.03253032458231839,True,3240.0,3076.0,0.47009102730819247,805.0,3076.0,0.47009102730819247,0.8750419072440392,0.17101072235553966,0.771783496281505,0.17101072235553966,True,8022.0,7609.0,0.4704954658956499,2015.0,7609.0,0.4704954658956499,0.8465520361227221,0.05259961665696643,0.754005634270275,0.05259961665696643,True,8022.0,7609.0,0.4704954658956499,2015.0,7609.0,0.4704954658956499,0.8201558942287037,0.050636235750027216,0.722208441958791,0.050636235750027216,8022.0,7609.0,0.4704954658956499,2015.0,7609.0,0.4704954658956499,0.846608167788512,0.052583161875551336,0.7539885758685543,0.052583161875551336,2019.0,0.49237243556023147,0.6802712719237665,-0.09600577881663644,496.0,0.49237243556023147,0.4694376584767889,-0.09600577881663644,True,0.05174182537955711,0.8465520361227221,0.05174182537955711,0.754005634270275,0.8527798924462009,0.01584852851805967,0.7462724800782201,0.01584852851805967,220818.2933558824
5720,68.0,37.0,1.0,0.0,37.0,1.0,-0.24614605953450347,1.9893854572765666,,1.9893854572765666,True,122.0,81.0,1.0,19.0,81.0,1.0,-0.02138596583596062,2.4253943253166144,-0.4776035525133439,2.4253943253166144,True,100.0,35.0,1.0,0.0,35.0,1.0,-0.1652762825094191,2.5369535494254416,,2.5369535494254416,True,290.0,153.0,1.0,19.0,153.0,1.0,-0.06475097297198243,2.399854309256934,-0.9326839397827081,2.399854309256934,True,290.0,153.0,1.0,19.0,153.0,1.0,-0.08932145109904768,2.4002318651597716,-0.9511063643365147,2.4002318651597716,290.0,153.0,1.0,19.0,153.0,1.0,-0.0648624990540751,2.3998655702661282,-0.9324658735420055,2.3998655702661282,68.0,1.0,-0.24614605953450347,1.9893854572765666,0.0,1.0,,1.9893854572765666,True,2.889445187742198,-0.06475097297198243,2.889445187742198,-0.9326839397827081,-0.09660154711386335,2.6269870859117606,-0.4005137612003431,2.6269870859117606,50038.62124117647
5730,188.0,148.0,0.5337837837837838,41.0,148.0,0.5337837837837838,0.10918497615985194,0.07411670607148774,-0.2436592842878144,0.07411670607148774,True,272.0,187.0,0.45989304812834225,72.0,187.0,0.45989304812834225,0.24955256763464576,0.053286004687733826,0.10516169325635459,0.053286004687733826,True,337.0,239.0,0.5439330543933054,60.0,239.0,0.5439330543933054,0.319577447355487,0.5007013358789543,-0.034266520593833776,0.5007013358789543,True,797.0,574.0,0.5139372822299652,173.0,574.0,0.5139372822299652,0.2953035951008563,0.24517399643686133,0.0875287217132491,0.24517399643686133,True,797.0,574.0,0.5139372822299652,173.0,574.0,0.5139372822299652,0.27001179972530576,0.24340267157550927,0.06101642240070884,0.24340267157550927,797.0,574.0,0.5139372822299652,173.0,574.0,0.5139372822299652,0.2952583103648312,0.24515981552508787,0.08760457023889605,0.24515981552508787,188.0,0.5337837837837838,0.10918497615985194,0.07411670607148774,41.0,0.5337837837837838,-0.2436592842878144,0.07411670607148774,True,0.28455378512518,0.2953035951008563,0.28455378512518,0.0875287217132491,0.27674523213801255,0.21445137382889884,0.025837889095452156,0.21445137382889884,66590.27882941176
5740,10261.0,9007.0,0.7323193072055069,2140.0,9007.0,0.7323193072055069,0.3950950013370041,0.8897230080140675,0.05588222433598849,0.8897230080140675,True,8212.0,7216.0,0.5857815964523282,1815.0,7216.0,0.5857815964523282,0.24756159066544117,0.6061788565875135,0.002600910145817562,0.6061788565875135,True,11636.0,10491.0,0.6287293870936994,2311.0,10491.0,0.6287293870936994,0.3876414622218074,0.8793008415548312,0.10399475268451035,0.8793008415548312,True,30109.0,26714.0,0.6520551021936063,6266.0,26714.0,0.6520551021936063,0.40472005086143936,0.8574401436752609,0.18209706395368314,0.8574401436752609,True,30109.0,26714.0,0.6520551021936063,6266.0,26714.0,0.6520551021936063,0.3792090554428768,0.8562794369824309,0.15483487584467925,0.8562794369824309,30109.0,26714.0,0.6520551021936063,6266.0,26714.0,0.6520551021936063,0.4046948961111282,0.8574331922475258,0.18215972964592914,0.8574331922475258,10261.0,0.7323193072055069,0.3950950013370041,0.8897230080140675,2140.0,0.7323193072055069,0.05588222433598849,0.8897230080140675,True,1.0247502836801532,0.40472005086143936,1.0247502836801532,0.18209706395368314,0.39501450348235817,0.880989166985801,0.13927098400505514,0.880989166985801,2018076.768191176
5810,65.0,45.0,1.0,18.0,45.0,1.0,-1.0194605029637012,1.9893854572765666,-1.3916797578278706,1.9893854572765666,True,47.0,35.0,1.0,0.0,35.0,1.0,-1.3340361224453823,2.4253943253166144,,2.4253943253166144,True,62.0,42.0,1.0,0.0,42.0,1.0,-1.2215437584099937,2.5369535494254416,,2.5369535494254416,True,174.0,122.0,1.0,18.0,122.0,1.0,-1.0860004031700683,2.399854309256934,-1.7816064742047424,2.399854309256934,True,174.0,122.0,1.0,18.0,122.0,1.0,-1.1085249557782586,2.4002318651597716,-1.7932972855934362,2.4002318651597716,174.0,122.0,1.0,18.0,122.0,1.0,-1.086299814486583,2.3998655702661282,-1.7812700681044582,2.3998655702661282,65.0,1.0,-1.0194605029637012,1.9893854572765666,18.0,1.0,-1.3916797578278706,1.9893854572765666,True,2.889445187742198,-1.0860004031700683,2.889445187742198,-1.7816064742047424,-1.1524179684220255,2.6269870859117606,-1.3283792433815158,2.6269870859117606,234847.67994782608
5820,5694.0,5576.0,0.7901721664275466,674.0,5576.0,0.7901721664275466,1.9648897088338428,1.127389072774998,1.5235957377307425,1.127389072774998,True,3374.0,3264.0,0.6014093137254902,607.0,3264.0,0.6014093137254902,1.7857855729302226,0.6748145926165365,1.5194686813880518,0.6748145926165365,True,4136.0,3967.0,0.6150743634988657,707.0,3967.0,0.6150743634988657,1.8407981433022798,0.8183337570316999,1.6234169075682854,0.8183337570316999,True,13204.0,12807.0,0.6878269696259858,1988.0,12807.0,0.6878269696259858,1.8916004945079514,1.0160142035475592,1.599146449496802,1.0160142035475592,True,13204.0,12807.0,0.6878269696259858,1988.0,12807.0,0.6878269696259858,1.8631107491844001,1.0150116440958452,1.5606476315275346,1.0150116440958452,13204.0,12807.0,0.6878269696259858,1988.0,12807.0,0.6878269696259858,1.89184888985466,1.016009124522275,1.5990115784074153,1.016009124522275,5694.0,0.7901721664275466,1.9648897088338428,1.127389072774998,674.0,0.7901721664275466,1.5235957377307425,1.127389072774998,True,1.2164577043966853,1.8916004945079514,1.2164577043966853,1.599146449496802,1.9276078131480758,0.9745871212137291,1.6632538127374412,0.9745871212137291,44290.46197826087
5840,696.0,663.0,0.4675716440422323,181.0,663.0,0.4675716440422323,0.06799818841887269,-0.19789022501862513,-0.19337281824367258,-0.19789022501862513,True,613.0,546.0,0.36813186813186816,166.0,546.0,0.36813186813186816,-0.0555556342008719,-0.34972206218877533,-0.20577053155314654,-0.34972206218877533,True,726.0,646.0,0.34829721362229105,214.0,646.0,0.34829721362229105,-0.007185143449651739,-0.3727755026783159,-0.1046383698240666,-0.3727755026783159,True,2035.0,1855.0,0.3967654986522911,561.0,1855.0,0.3967654986522911,0.06877725461893193,-0.2742399105813595,-0.027712908269399927,-0.2742399105813595,True,2035.0,1855.0,0.3967654986522911,561.0,1855.0,0.3967654986522911,0.043939272001543114,-0.27652925129258166,-0.05331138795517246,-0.27652925129258166,2035.0,1855.0,0.3967654986522911,561.0,1855.0,0.3967654986522911,0.06869029450632824,-0.2742602246013687,-0.027620995052621437,-0.2742602246013687,696.0,0.4675716440422323,0.06799818841887269,-0.19789022501862513,181.0,0.4675716440422323,-0.19337281824367258,-0.19789022501862513,True,-0.3433894010362202,0.06877725461893193,-0.3433894010362202,-0.027712908269399927,0.05059222094119712,-0.37631568206405436,-0.08616583323008561,-0.37631568206405436,268329.86486956524
5850,0.0,0.0,,0.0,0.0,,,,,,True,0.0,0.0,,0.0,0.0,,,,,,True,0.0,0.0,,0.0,0.0,,,,,,True,0.0,0.0,,0.0,0.0,,,,,,True,0.0,0.0,,0.0,0.0,,,,,,0.0,0.0,,0.0,0.0,,,,,,0.0,,,,0.0,,,,True,,,,,,,,,59807.49846086957
5860,9908.0,9507.0,0.6508888187651204,1916.0,9507.0,0.6508888187651204,0.5984451521203358,0.5551973856086281,0.24480323409356158,0.5551973856086281,True,12698.0,12087.0,0.6175229585505088,2395.0,12087.0,0.6175229585505088,0.7144908893225442,0.7455844851954562,0.4095442534636152,0.7455844851954562,True,13756.0,13180.0,0.5971927162367223,2928.0,13180.0,0.5971927162367223,0.711599173781133,0.7384956013176094,0.5019599222461406,0.7384956013176094,True,36362.0,34774.0,0.618939437510784,7239.0,34774.0,0.618939437510784,0.7235341365014925,0.7106408354185288,0.49922885196933375,0.7106408354185288,True,36362.0,34774.0,0.618939437510784,7239.0,34774.0,0.618939437510784,0.6973844431759345,0.7093337245432166,0.469451936741282,0.7093337245432166,36362.0,34774.0,0.618939437510784,7239.0,34774.0,0.618939437510784,0.7235676358443404,0.7106321506216361,0.49924730946855755,0.7106321506216361,9908.0,0.6508888187651204,0.5984451521203358,0.5551973856086281,1916.0,0.6508888187651204,0.24480323409356158,0.5551973856086281,True,0.8472778977708015,0.7235341365014925,0.8472778977708015,0.49922885196933375,0.7290865566882294,0.7528299111021294,0.47554495615531817,0.7528299111021294,1282357.357095652
5900,91.0,88.0,0.5340909090909091,18.0,88.0,0.5340909090909091,0.18091807929550927,0.07537841144118797,-0.21611632715958237,0.07537841144118797,True,92.0,90.0,0.5222222222222223,27.0,90.0,0.5222222222222223,0.1388576778495,0.3270309583004617,0.04521784576634685,0.3270309583004617,True,107.0,89.0,0.6741573033707865,27.0,89.0,0.6741573033707865,0.17656325385591146,1.0821278518591386,0.00880143909312153,1.0821278518591386,True,290.0,267.0,0.5767790262172284,72.0,267.0,0.5767790262172284,0.2268957568494905,0.5237468300288782,0.08570559201784914,0.5237468300288782,True,290.0,267.0,0.5767790262172284,72.0,267.0,0.5767790262172284,0.20174100668329922,0.522253328193044,0.05920774938817644,0.522253328193044,290.0,267.0,0.5767790262172284,72.0,267.0,0.5767790262172284,0.22683788672311309,0.52373593843477,0.0857816946879008,0.52373593843477,91.0,0.5340909090909091,0.18091807929550927,0.07537841144118797,18.0,0.5340909090909091,-0.21611632715958237,0.07537841144118797,True,0.6213332019644063,0.2268957568494905,0.6213332019644063,0.08570559201784914,0.21559977136945924,0.5411902647987711,0.029447218151870777,0.5411902647987711,27809.27801086957
5910,224.0,214.0,0.32710280373831774,70.0,214.0,0.32710280373831774,1.2618240563332086,-0.7749520495419787,1.2613693832307122,-0.7749520495419787,True,448.0,436.0,0.2706422018348624,115.0,436.0,0.2706422018348624,1.664891709984871,-0.7778892016730533,1.5891998200440522,-0.7778892016730533,True,526.0,513.0,0.2124756335282651,137.0,513.0,0.2124756335282651,1.6981460552206225,-0.979193038038024,1.7086299968807528,-0.979193038038024,True,1198.0,1163.0,0.2553740326741187,322.0,1163.0,0.2553740326741187,1.5882223863025438,-0.9010178900602841,1.5824243759078767,-0.9010178900602841,True,1198.0,1163.0,0.2553740326741187,322.0,1163.0,0.2553740326741187,1.5603404151378726,-0.9039323217121465,1.5440581572349583,-0.9039323217121465,1198.0,1163.0,0.2553740326741187,322.0,1163.0,0.2553740326741187,1.5884149674031993,-0.9010456049163817,1.5822918358766962,-0.9010456049163817,224.0,0.32710280373831774,1.2618240563332086,-0.7749520495419787,70.0,0.32710280373831774,1.2613693832307122,-0.7749520495419787,True,-1.1011299161279617,1.5882223863025438,-1.1011299161279617,1.5824243759078767,1.6028181797386911,-0.9911769523105619,1.6269536364921513,-0.9911769523105619,7403.533776086956
5920,1644.0,1544.0,0.586139896373057,334.0,1544.0,0.586139896373057,1.330164485893351,0.28920151627102175,1.1016000197024327,0.28920151627102175,True,924.0,805.0,0.5428571428571428,173.0,805.0,0.5428571428571428,1.0722614400737511,0.4176579475735842,0.7849075330722302,0.4176579475735842,True,1088.0,951.0,0.6088328075709779,207.0,951.0,0.6088328075709779,1.1106639982783264,0.7904663963370354,0.8782654158836254,0.7904663963370354,True,3656.0,3300.0,0.5821212121212122,714.0,3300.0,0.5821212121212122,1.2223640276923753,0.5474283476065842,1.0220576554418632,0.5474283476065842,True,3656.0,3300.0,0.5821212121212122,714.0,3300.0,0.5821212121212122,1.195215000831065,0.545958463547033,0.988134918759146,0.545958463547033,3656.0,3300.0,0.5821212121212122,714.0,3300.0,0.5821212121212122,1.222489299689652,0.5474177356378548,1.022003230569988,0.5474177356378548,1644.0,0.586139896373057,1.330164485893351,0.28920151627102175,334.0,0.586139896373057,1.1016000197024327,0.28920151627102175,True,0.649962869749486,1.2223640276923753,0.649962869749486,1.0220576554418632,1.2292534660119625,0.546069274287287,1.0197882999311034,0.546069274287287,47208.48623043478
5940,1541.0,1430.0,0.6426573426573426,266.0,1430.0,0.6426573426573426,0.06404616109238323,0.5213815542043287,-0.42366800466050747,0.5213815542043287,True,1329.0,1238.0,0.5016155088852988,305.0,1238.0,0.5016155088852988,-0.07086219919033392,0.236527853317385,-0.3141665930767849,0.236527853317385,True,1615.0,1526.0,0.5412844036697247,315.0,1526.0,0.5412844036697247,-0.008974539656894058,0.4888756139081851,-0.3447566690988826,0.4888756139081851,True,4485.0,4194.0,0.56413924654268,886.0,4194.0,0.56413924654268,0.062458687925248176,0.4677156154809275,-0.21125423110185265,0.4677156154809275,True,4485.0,4194.0,0.56413924654268,886.0,4194.0,0.56413924654268,0.03763336364230641,0.46616623324445117,-0.2353973021548901,0.46616623324445117,4485.0,4194.0,0.56413924654268,886.0,4194.0,0.56413924654268,0.062370565348951135,0.46770406228438866,-0.21113673221207022,0.46770406228438866,1541.0,0.6426573426573426,0.06404616109238323,0.5213815542043287,266.0,0.6426573426573426,-0.42366800466050747,0.5213815542043287,True,0.5535945085787883,0.062458687925248176,0.5535945085787883,-0.21125423110185265,0.04351991966578878,0.45048512576340527,-0.28201288861251345,0.45048512576340527,598954.9534304348
6005,0.0,0.0,,0.0,0.0,,,,,,True,38.0,0.0,,0.0,0.0,,-0.641782028330301,,,,True,29.0,21.0,0.0,0.0,21.0,0.0,-0.8191331513583316,-1.9278563500021768,,-1.9278563500021768,True,67.0,21.0,0.0,0.0,21.0,0.0,-0.7997107875742048,-2.0330722124589147,,-2.0330722124589147,True,67.0,21.0,0.0,0.0,21.0,0.0,-0.8228088800180285,-2.037115651389929,,-2.037115651389929,67.0,21.0,0.0,0.0,21.0,0.0,-0.7999575285146603,-2.03311329432655,,-2.03311329432655,0.0,,,,0.0,,,,True,,-0.7997107875742048,,,-0.687494005617996,,,,50802.1742847826
6010,0.0,0.0,,0.0,0.0,,,,,,True,42.0,16.0,0.0,0.0,16.0,0.0,0.10646691981685893,-1.966529000996263,,-1.966529000996263,True,37.0,0.0,,0.0,0.0,,-0.0005870743297348411,,,,True,79.0,16.0,0.0,0.0,16.0,0.0,-0.06007345361249369,-2.0330722124589147,,-2.0330722124589147,True,79.0,16.0,0.0,0.0,16.0,0.0,-0.08465330247303465,-2.037115651389929,,-2.037115651389929,79.0,16.0,0.0,0.0,16.0,0.0,-0.06018411914397513,-2.03311329432655,,-2.03311329432655,0.0,,,,0.0,,,,True,,-0.06007345361249369,,,0.10219046536910709,,,,13503.389839130436
6040,0.0,0.0,,0.0,0.0,,,,,,True,0.0,0.0,,0.0,0.0,,,,,,True,0.0,0.0,,0.0,0.0,,,,,,True,0.0,0.0,,0.0,0.0,,,,,,True,0.0,0.0,,0.0,0.0,,,,,,0.0,0.0,,0.0,0.0,,,,,,0.0,,,,0.0,,,,True,,,,,,,,,54784.44062391304
6050,3337.0,3194.0,0.49592986850344395,1111.0,3194.0,0.49592986850344395,0.2654134520020769,-0.0813914434210557,0.1665667303215103,-0.0813914434210557,True,3390.0,3297.0,0.4291780406430088,1076.0,3297.0,0.4291780406430088,0.23268335373266158,-0.08161195315497681,0.18837673721900422,-0.08161195315497681,True,4294.0,4193.0,0.4154543286429764,1416.0,4193.0,0.4154543286429764,0.31434852429321636,-0.07293175071696086,0.31540140808030254,-0.07293175071696086,True,11021.0,10684.0,0.44374766005241484,3603.0,10684.0,0.44374766005241484,0.3309469283927791,-0.06597144126321638,0.3428719351675456,-0.06597144126321638,True,11021.0,10684.0,0.44374766005241484,3603.0,10684.0,0.44374766005241484,0.30558372675446516,-0.06805307408160541,0.314334867201077,-0.06805307408160541,11021.0,10684.0,0.44374766005241484,3603.0,10684.0,0.44374766005241484,0.33090820116937836,-0.06598929610173819,0.3429121888317064,-0.06598929610173819,3337.0,0.49592986850344395,0.2654134520020769,-0.0813914434210557,1111.0,0.49592986850344395,0.1665667303215103,-0.0813914434210557,True,-0.09160413993036985,0.3309469283927791,-0.09160413993036985,0.3428719351675456,0.32181415478932923,-0.11518929894384482,0.31111378565421227,-0.11518929894384482,857027.5767434782
6115,0.0,0.0,,0.0,0.0,,,,,,True,0.0,0.0,,0.0,0.0,,,,,,True,0.0,0.0,,0.0,0.0,,,,,,True,0.0,0.0,,0.0,0.0,,,,,,True,0.0,0.0,,0.0,0.0,,,,,,0.0,0.0,,0.0,0.0,,,,,,0.0,,,,0.0,,,,True,,,,,,,,,33267.68318235294
6120,0.0,0.0,,0.0,0.0,,,,,,True,0.0,0.0,,0.0,0.0,,,,,,True,0.0,0.0,,0.0,0.0,,,,,,True,0.0,0.0,,0.0,0.0,,,,,,True,0.0,0.0,,0.0,0.0,,,,,,0.0,0.0,,0.0,0.0,,,,,,0.0,,,,0.0,,,,True,,,,,,,,,19633.60154565217
6130,0.0,0.0,,0.0,0.0,,,,,,True,0.0,0.0,,0.0,0.0,,,,,,True,0.0,0.0,,0.0,0.0,,,,,,True,0.0,0.0,,0.0,0.0,,,,,,True,0.0,0.0,,0.0,0.0,,,,,,0.0,0.0,,0.0,0.0,,,,,,0.0,,,,0.0,,,,True,,,,,,,,,55857.84903043478
6200,37.0,16.0,1.0,0.0,16.0,1.0,-1.8130507201054995,1.9893854572765666,,1.9893854572765666,True,93.0,0.0,,0.0,0.0,,-1.5372661881272067,,,,True,117.0,20.0,1.0,0.0,20.0,1.0,-1.4482640436920955,2.5369535494254416,,2.5369535494254416,True,247.0,36.0,1.0,0.0,36.0,1.0,-1.4430619563341285,2.399854309256934,,2.399854309256934,True,247.0,36.0,1.0,0.0,36.0,1.0,-1.4648711877662908,2.4002318651597716,,2.4002318651597716,247.0,36.0,1.0,0.0,36.0,1.0,-1.4434270583542417,2.3998655702661282,,2.3998655702661282,37.0,1.0,-1.8130507201054995,1.9893854572765666,0.0,1.0,,1.9893854572765666,True,,-1.4430619563341285,,,-1.5635378961430293,2.5650964913313454,,2.5650964913313454,684338.0505695653
6210,0.0,0.0,,0.0,0.0,,,,,,True,0.0,0.0,,0.0,0.0,,,,,,True,0.0,0.0,,0.0,0.0,,,,,,True,0.0,0.0,,0.0,0.0,,,,,,True,0.0,0.0,,0.0,0.0,,,,,,0.0,0.0,,0.0,0.0,,,,,,0.0,,,,0.0,,,,True,,,,,,,,,18963.287319565217
6220,0.0,0.0,,0.0,0.0,,,,,,True,0.0,0.0,,0.0,0.0,,,,,,True,0.0,0.0,,0.0,0.0,,,,,,True,0.0,0.0,,0.0,0.0,,,,,,True,0.0,0.0,,0.0,0.0,,,,,,0.0,0.0,,0.0,0.0,,,,,,0.0,,,,0.0,,,,True,,,,,,,,,125620.6209652174
6230,115.0,28.0,1.0,0.0,28.0,1.0,-1.54620387506123,1.9893854572765666,,1.9893854572765666,True,56.0,0.0,,0.0,0.0,,-2.1107157474385425,,,,True,81.0,0.0,,0.0,0.0,,-1.9453777377636128,,,,True,252.0,28.0,1.0,0.0,28.0,1.0,-1.7235143325558377,2.399854309256934,,2.399854309256934,True,252.0,28.0,1.0,0.0,28.0,1.0,-1.7447617182171486,2.4002318651597716,,2.4002318651597716,252.0,28.0,1.0,0.0,28.0,1.0,-1.7239310310409206,2.3998655702661282,,2.3998655702661282,115.0,1.0,-1.54620387506123,1.9893854572765666,0.0,1.0,,1.9893854572765666,True,,-1.7235143325558377,,,-1.8335933731068237,,,,1228280.9786630436
6240,16.0,0.0,,0.0,0.0,,-1.520644536623229,,,,True,33.0,0.0,,0.0,0.0,,-1.3251818281326506,,,,True,43.0,0.0,,0.0,0.0,,-1.2191593979536144,,,,True,92.0,0.0,,0.0,0.0,,-1.2184437857619617,,,,True,92.0,0.0,,0.0,0.0,,-1.240703007209871,,,,92.0,0.0,,0.0,0.0,,-1.2187675634626818,,,,16.0,,-1.520644536623229,,0.0,,,,True,,-1.2184437857619617,,,-1.3170437389173304,,,,162135.69302391305
6250,112.0,62.0,0.43548387096774194,19.0,62.0,0.43548387096774194,-0.11060029229017129,-0.32971041257904543,-0.6312473652097152,-0.32971041257904543,True,143.0,99.0,0.2727272727272727,22.0,99.0,0.2727272727272727,-0.05354712571720205,-0.7687317301836604,-0.5185198457728469,-0.7687317301836604,True,113.0,73.0,0.0,19.0,73.0,0.0,-0.2163414292288412,-1.9278563500021768,-0.6595252839190775,-1.9278563500021768,True,368.0,234.0,0.23076923076923078,60.0,234.0,0.23076923076923078,-0.055751867983234095,-1.0100891689860263,-0.43940280309766366,-1.0100891689860263,True,368.0,234.0,0.23076923076923078,60.0,234.0,0.23076923076923078,-0.08034037451550487,-1.0131123783399982,-0.46173674803073744,-1.0131123783399982,368.0,234.0,0.23076923076923078,60.0,234.0,0.23076923076923078,-0.05586173844731573,-1.0101181717282395,-0.4392535002812814,-1.0101181717282395,112.0,0.43548387096774194,-0.11060029229017129,-0.32971041257904543,19.0,0.43548387096774194,-0.6312473652097152,-0.32971041257904543,True,-1.2329911648968106,-0.055751867983234095,-1.2329911648968106,-0.43940280309766366,-0.0790217680375325,-1.179744306335132,-0.5279008431981664,-1.179744306335132,62356.71972608696
6260,39.0,0.0,,0.0,0.0,,-2.330743990670425,,,,True,61.0,0.0,,0.0,0.0,,-2.3456624180991463,,,,True,22.0,0.0,,0.0,0.0,,-2.903656890776076,,,,True,122.0,0.0,,0.0,0.0,,-2.3482881537325215,,,,True,122.0,0.0,,0.0,0.0,,-2.368283895411008,,,,122.0,0.0,,0.0,0.0,,-2.3488197955139056,,,,39.0,,-2.330743990670425,,0.0,,,,True,,-2.3482881537325215,,,-2.498139372808019,,,,2093017.546526087
6305,0.0,0.0,,0.0,0.0,,,,,,True,0.0,0.0,,0.0,0.0,,,,,,True,0.0,0.0,,0.0,0.0,,,,,,True,0.0,0.0,,0.0,0.0,,,,,,True,0.0,0.0,,0.0,0.0,,,,,,0.0,0.0,,0.0,0.0,,,,,,0.0,,,,0.0,,,,True,,,,,,,,,363492.2506352941
6330,101.0,52.0,0.38461538461538464,32.0,52.0,0.38461538461538464,-0.6410789678208768,-0.5386838865660345,-0.8885021150953374,-0.5386838865660345,True,114.0,69.0,0.37681159420289856,30.0,69.0,0.37681159420289856,-0.6914086879950238,-0.31160137079141087,-0.8961146131283387,-0.31160137079141087,True,112.0,61.0,0.3770491803278688,18.0,61.0,0.3770491803278688,-0.7366461107027555,-0.24440343710323895,-1.2605893000926278,-0.24440343710323895,True,327.0,182.0,0.3791208791208791,80.0,182.0,0.3791208791208791,-0.6050206833191486,-0.3524572124677412,-0.8110308890262717,-0.3524572124677412,True,327.0,182.0,0.3791208791208791,80.0,182.0,0.3791208791208791,-0.6285088092266782,-0.354824559950757,-0.8304179731866298,-0.354824559950757,327.0,182.0,0.3791208791208791,80.0,182.0,0.3791208791208791,-0.6052316059817221,-0.3524784500578972,-0.8108297812291968,-0.3524784500578972,101.0,0.38461538461538464,-0.6410789678208768,-0.5386838865660345,32.0,0.38461538461538464,-0.8885021150953374,-0.5386838865660345,True,-0.4379498683164304,-0.6050206833191486,-0.4379498683164304,-0.8110308890262717,-0.6464206718896932,-0.4428134380137309,-0.9460868033142026,-0.4428134380137309,167514.21021739132
6355,69.0,35.0,0.5428571428571428,0.0,35.0,0.5428571428571428,-1.6386100303409437,0.11139108756491979,,0.11139108756491979,True,137.0,95.0,0.5052631578947369,27.0,95.0,0.5052631578947369,-1.4726094052255752,0.25254804808813797,-1.8856990213448397,0.25254804808813797,True,213.0,138.0,0.6666666666666666,59.0,138.0,0.6666666666666666,-1.2735155322239824,1.0486835829495684,-1.539971261004616,1.0486835829495684,True,419.0,268.0,0.5932835820895522,86.0,268.0,0.5932835820895522,-1.3118695044361752,0.5969103134844435,-1.659472219140974,0.5969103134844435,True,419.0,268.0,0.5932835820895522,86.0,268.0,0.5932835820895522,-1.333941560969909,0.5954897782048558,-1.6721315058922148,0.5954897782048558,419.0,268.0,0.5932835820895522,86.0,268.0,0.5932835820895522,-1.3122104702131236,0.5969002857862704,-1.6591528385642311,0.5969002857862704,69.0,0.5428571428571428,-1.6386100303409437,0.11139108756491979,0.0,0.5428571428571428,,0.11139108756491979,True,0.7097838774103044,-1.3118695044361752,0.7097838774103044,-1.659472219140974,-1.4244821627084356,0.5137540728795418,-1.6543794093323136,0.5137540728795418,891308.8536652174
6360,28.0,16.0,1.0,0.0,16.0,1.0,-0.6042225783427837,1.9893854572765666,,1.9893854572765666,True,19.0,0.0,,0.0,0.0,,-0.9187600945591499,,,,True,116.0,88.0,1.0,19.0,88.0,1.0,-0.009301099852726473,2.5369535494254416,-0.4458271594173796,2.5369535494254416,True,163.0,104.0,1.0,19.0,104.0,1.0,-0.2760778349134379,2.399854309256934,-0.8528516330933938,2.399854309256934,True,163.0,104.0,1.0,19.0,104.0,1.0,-0.30022495023912965,2.4002318651597716,-0.8719070956276059,2.4002318651597716,163.0,104.0,1.0,19.0,104.0,1.0,-0.27622824003508883,2.3998655702661282,-0.8526446954817247,2.3998655702661282,28.0,1.0,-0.6042225783427837,1.9893854572765666,0.0,1.0,,1.9893854572765666,True,2.889445187742198,-0.2760778349134379,2.889445187742198,-0.8528516330933938,-0.46603455606602534,2.5650964913313454,-0.36825800601216363,2.5650964913313454,43047.84412826087
6400,0.0,0.0,,0.0,0.0,,,,,,True,26.0,0.0,,0.0,0.0,,-0.8642426576960969,,,,True,26.0,0.0,,0.0,0.0,,-0.89918031207222,,,,True,52.0,0.0,,0.0,0.0,,-0.9474879341910236,,,,True,52.0,0.0,,0.0,0.0,,-0.9702899764962332,,,,52.0,0.0,,0.0,0.0,,-0.9477618625579914,,,,0.0,,,,0.0,,,,True,,-0.9474879341910236,,,-0.8399617504985083,,,,53097.944132608696
6410,52.0,40.0,0.575,0.0,40.0,0.575,-1.5573746521014993,0.24343756668526992,,0.24343756668526992,True,41.0,0.0,,0.0,0.0,,-1.8697553669955747,,,,True,52.0,0.0,,16.0,0.0,,-1.774481641416407,,-2.0329994886553946,,True,145.0,40.0,0.575,16.0,40.0,0.575,-1.6152776829590973,0.5158605375276982,-2.3129172381623837,0.5158605375276982,True,145.0,40.0,0.575,16.0,40.0,0.575,-1.6367419050924195,0.5143591706261484,-2.3203949695721624,0.5143591706261484,145.0,40.0,0.575,16.0,40.0,0.575,-1.6156744685143112,0.5158495528142399,-2.312506767305127,0.5158495528142399,52.0,0.575,-1.5573746521014993,0.24343756668526992,0.0,0.575,,0.24343756668526992,True,,-1.6152776829590973,,-2.3129172381623837,-1.6989596059771779,,-1.979373589166751,,568310.9879411765
6441,0.0,0.0,,0.0,0.0,,,,,,True,0.0,0.0,,0.0,0.0,,,,,,True,0.0,0.0,,0.0,0.0,,,,,,True,0.0,0.0,,0.0,0.0,,,,,,True,0.0,0.0,,0.0,0.0,,,,,,0.0,0.0,,0.0,0.0,,,,,,0.0,,,,0.0,,,,True,,,,,,,,,45865.15508529412
6442,140.0,54.0,0.5925925925925926,22.0,54.0,0.5925925925925926,-1.082291539567326,0.31570991945484433,-1.775095250863392,0.31570991945484433,True,292.0,169.0,0.4970414201183432,84.0,169.0,0.4970414201183432,-0.8457004423597633,0.2164388061651668,-1.0101619106834736,0.2164388061651668,True,275.0,197.0,0.5380710659898477,72.0,197.0,0.5380710659898477,-0.9120527131245115,0.47452867202486615,-1.1730004930784432,0.47452867202486615,True,707.0,420.0,0.5285714285714286,178.0,420.0,0.5285714285714286,-0.8350621587894506,0.31004609187660553,-1.0416188681373322,0.31004609187660553,True,707.0,420.0,0.5285714285714286,178.0,420.0,0.5285714285714286,-0.8580894298743018,0.3083394645006269,-1.0591774826635822,0.3083394645006269,707.0,420.0,0.5285714285714286,178.0,420.0,0.5285714285714286,-0.8353154035285584,0.3100326769581515,-1.041385616360138,0.3100326769581515,140.0,0.5925925925925926,-1.082291539567326,0.31570991945484433,22.0,0.5925925925925926,-1.775095250863392,0.31570991945484433,True,0.36298062305343437,-0.8350621587894506,0.36298062305343437,-1.0416188681373322,-0.9054532315607431,0.3588813661211494,-1.2550286189512612,0.3588813661211494,575639.0364529411
6460,0.0,0.0,,0.0,0.0,,,,,,True,0.0,0.0,,0.0,0.0,,,,,,True,0.0,0.0,,0.0,0.0,,,,,,True,0.0,0.0,,0.0,0.0,,,,,,True,0.0,0.0,,0.0,0.0,,,,,,0.0,0.0,,0.0,0.0,,,,,,0.0,,,,0.0,,,,True,,,,,,,,,23006.522389130438
6515,34.0,0.0,,0.0,0.0,,-1.29312049029099,,,,True,36.0,0.0,,0.0,0.0,,-1.4294477583696337,,,,True,48.0,37.0,0.5405405405405406,0.0,37.0,0.5405405405405406,-1.3107871248955754,0.48555440644518444,,0.48555440644518444,True,118.0,37.0,0.5405405405405406,0.0,37.0,0.5405405405405406,-1.2366625317108575,0.3631042857658687,,0.3631042857658687,True,118.0,37.0,0.5405405405405406,0.0,37.0,0.5405405405405406,-1.2588852545364357,0.3614505737720713,,0.3614505737720713,118.0,37.0,0.5405405405405406,0.0,37.0,0.5405405405405406,-1.2369896612208933,0.3630914973451682,,0.3630914973451682,34.0,,-1.29312049029099,,0.0,,,,True,,-1.2366625317108575,,,-1.306415661972875,,,,215729.4881413044
6520,269.0,265.0,0.43018867924528303,75.0,265.0,0.43018867924528303,-0.047811827641296364,-0.35146365685693626,-0.28631014066141824,-0.35146365685693626,True,69.0,44.0,1.0,20.0,44.0,1.0,-0.8283995844388187,2.4253943253166144,-0.9876004992277393,2.4253943253166144,True,34.0,0.0,,0.0,0.0,,-1.232877687849871,,,,True,372.0,309.0,0.511326860841424,95.0,309.0,0.511326860841424,-0.42126298444193583,0.23360219023074286,-0.5919126318745325,0.23360219023074286,True,372.0,309.0,0.511326860841424,95.0,309.0,0.511326860841424,-0.4451192423202708,0.23181932470991787,-0.6130372354017942,0.23181932470991787,372.0,309.0,0.511326860841424,95.0,309.0,0.511326860841424,-0.4214401001252254,0.23358787268200418,-0.5917420691775481,0.23358787268200418,269.0,0.43018867924528303,-0.047811827641296364,-0.35146365685693626,75.0,0.43018867924528303,-0.28631014066141824,-0.35146365685693626,True,0.27056410028900285,-0.42126298444193583,0.27056410028900285,-0.5919126318745325,-0.6598460001643133,1.1616644360325536,-0.5622694262798519,1.1616644360325536,131615.26989347825
6530,36.0,0.0,,0.0,0.0,,-0.6009986541062905,,,,True,28.0,0.0,,0.0,0.0,,-0.8436323253888469,,,,True,48.0,37.0,0.5135135135135135,0.0,37.0,0.5135135135135135,-0.5974347356293683,0.36488386862281613,,0.36488386862281613,True,112.0,37.0,0.5135135135135135,0.0,37.0,0.5135135135135135,-0.5838634431412553,0.24329546085462925,,0.24329546085462925,True,112.0,37.0,0.5135135135135135,0.0,37.0,0.5135135135135135,-0.6073939545192771,0.24152226251397102,,0.24152226251397102,112.0,37.0,0.5135135135135135,0.0,37.0,0.5135135135135135,-0.5840704733825328,0.24328125776158208,,0.24328125776158208,36.0,,-0.6009986541062905,,0.0,,,,True,,-0.5838634431412553,,,-0.6373255788271558,,,,54981.27403695653
6540,383.0,335.0,0.4417910447761194,57.0,335.0,0.4417910447761194,0.9549578816039863,-0.30379983185827053,0.5047146503322362,-0.30379983185827053,True,304.0,211.0,0.3696682464454976,39.0,211.0,0.3696682464454976,0.8481142274394488,-0.34297440643510485,0.3366408339259977,-0.34297440643510485,True,357.0,269.0,0.4721189591078067,38.0,269.0,0.4721189591078067,0.8864997147924608,0.1800650523298214,0.29560638925936294,0.1800650523298214,True,1044.0,815.0,0.4331288343558282,134.0,815.0,0.4331288343558282,0.9401002117268655,-0.11304391532309298,0.4977787768693826,-0.11304391532309298,True,1044.0,815.0,0.4331288343558282,134.0,815.0,0.4331288343558282,0.9135166595939248,-0.11517249391502819,0.46801336015178074,-0.11517249391502819,1044.0,815.0,0.4331288343558282,134.0,815.0,0.4331288343558282,0.9401735539980015,-0.1130623259815003,0.4977974365091749,-0.1130623259815003,383.0,0.4417910447761194,0.9549578816039863,-0.30379983185827053,57.0,0.4417910447761194,0.5047146503322362,-0.30379983185827053,True,-0.14851220292649955,0.9401002117268655,-0.14851220292649955,0.4977787768693826,0.9525444538690558,-0.20323219086375333,0.4689991651700443,-0.20323219086375333,23802.489329411765
6600,0.0,0.0,,0.0,0.0,,,,,,True,31.0,0.0,,0.0,0.0,,-0.7927357896651442,,,,True,0.0,0.0,,0.0,0.0,,,,,,True,31.0,0.0,,0.0,0.0,,-1.224008285073123,,,,True,31.0,0.0,,0.0,0.0,,-1.2462563588515174,,,,31.0,0.0,,0.0,0.0,,-1.2243330865073474,,,,0.0,,,,0.0,,,,True,,-1.224008285073123,,,-0.7502720033640927,,,,55248.43742826087
6660,138.0,58.0,1.0,31.0,58.0,1.0,-0.286599711287942,1.9893854572765666,-0.676077491857874,1.9893854572765666,True,150.0,38.0,0.0,0.0,38.0,0.0,-0.32821546995595186,-1.966529000996263,,-1.966529000996263,True,138.0,21.0,0.0,15.0,21.0,0.0,-0.4099626618198137,-1.9278563500021768,-1.125088108602107,-1.9278563500021768,True,426.0,117.0,0.49572649572649574,46.0,117.0,0.49572649572649574,-0.2665364202117835,0.16444691796432676,-0.8832331014491667,0.16444691796432676,True,426.0,117.0,0.49572649572649574,46.0,117.0,0.49572649572649574,-0.2907026503817503,0.16259508330992248,-0.9020476511979755,0.16259508330992248,426.0,117.0,0.49572649572649574,46.0,117.0,0.49572649572649574,-0.2666850699435317,0.16443178384759838,-0.8830219286587229,0.16443178384759838,138.0,1.0,-0.286599711287942,1.9893854572765666,31.0,1.0,-0.676077491857874,1.9893854572765666,True,0.18695913434551478,-0.2665364202117835,0.18695913434551478,-0.8832331014491667,-0.295508292719033,-0.7519562763894467,-0.8298738532292028,-0.7519562763894467,110363.92204565216
6700,0.0,0.0,,0.0,0.0,,,,,,True,0.0,0.0,,0.0,0.0,,,,,,True,0.0,0.0,,0.0,0.0,,,,,,True,0.0,0.0,,0.0,0.0,,,,,,True,0.0,0.0,,0.0,0.0,,,,,,0.0,0.0,,0.0,0.0,,,,,,0.0,,,,0.0,,,,True,,,,,,,,,29039.88714130435
6710,0.0,0.0,,0.0,0.0,,,,,,True,0.0,0.0,,0.0,0.0,,,,,,True,0.0,0.0,,0.0,0.0,,,,,,True,0.0,0.0,,0.0,0.0,,,,,,True,0.0,0.0,,0.0,0.0,,,,,,0.0,0.0,,0.0,0.0,,,,,,0.0,,,,0.0,,,,True,,,,,,,,,42697.625630434784
6720,36.0,17.0,1.0,0.0,17.0,1.0,-0.3198020312995167,1.9893854572765666,,1.9893854572765666,True,40.0,17.0,1.0,0.0,17.0,1.0,-0.35254769426878857,2.4253943253166144,,2.4253943253166144,True,42.0,20.0,1.0,0.0,20.0,1.0,-0.36517454350870976,2.5369535494254416,,2.5369535494254416,True,118.0,54.0,1.0,0.0,54.0,1.0,-0.2706775650969669,2.399854309256934,,2.399854309256934,True,118.0,54.0,1.0,0.0,54.0,1.0,-0.2948354990821356,2.4002318651597716,,2.4002318651597716,118.0,54.0,1.0,0.0,54.0,1.0,-0.2708269766993752,2.3998655702661282,,2.3998655702661282,36.0,1.0,-0.3198020312995167,1.9893854572765666,0.0,1.0,,1.9893854572765666,True,2.889445187742198,-0.2706775650969669,2.889445187742198,,-0.29979119912842583,2.6269870859117606,,2.6269870859117606,30826.340202173917
6730,0.0,0.0,,0.0,0.0,,,,,,True,0.0,0.0,,0.0,0.0,,,,,,True,0.0,0.0,,0.0,0.0,,,,,,True,0.0,0.0,,0.0,0.0,,,,,,True,0.0,0.0,,0.0,0.0,,,,,,0.0,0.0,,0.0,0.0,,,,,,0.0,,,,0.0,,,,True,,,,,,,,,104680.57402826086
6740,0.0,0.0,,0.0,0.0,,,,,,True,0.0,0.0,,0.0,0.0,,,,,,True,0.0,0.0,,0.0,0.0,,,,,,True,0.0,0.0,,0.0,0.0,,,,,,True,0.0,0.0,,0.0,0.0,,,,,,0.0,0.0,,0.0,0.0,,,,,,0.0,,,,0.0,,,,True,,,,,,,,,10284.781623255813
6765,15.0,0.0,,0.0,0.0,,-0.8583339862114805,,,,True,0.0,0.0,,0.0,0.0,,,,,,True,0.0,0.0,,0.0,0.0,,,,,,True,15.0,0.0,,0.0,0.0,,-1.41026099990529,,,,True,15.0,0.0,,0.0,0.0,,-1.4321359433092946,,,,15.0,0.0,,0.0,0.0,,-1.410620067341485,,,,15.0,,-0.8583339862114805,,0.0,,,,True,,-1.41026099990529,,,-0.8163966416288723,,,,38902.06206956522
6800,56.0,35.0,0.0,0.0,35.0,0.0,-0.08219698573917536,-2.1187272264676604,,-2.1187272264676604,True,18.0,0.0,,0.0,0.0,,-0.7470840292814386,,,,True,0.0,0.0,,0.0,0.0,,,,,,True,74.0,35.0,0.0,0.0,35.0,0.0,-0.47896622492418733,-2.0330722124589147,,-2.0330722124589147,True,74.0,35.0,0.0,0.0,35.0,0.0,-0.5027068827064698,-2.037115651389929,,-2.037115651389929,74.0,35.0,0.0,0.0,35.0,0.0,-0.4791539566103302,-2.03311329432655,,-2.03311329432655,56.0,0.0,-0.08219698573917536,-2.1187272264676604,0.0,0.0,,-2.1187272264676604,True,,-0.47896622492418733,,,-0.36914241324726277,,,,29408.339406521736
6825,0.0,0.0,,0.0,0.0,,,,,,True,0.0,0.0,,0.0,0.0,,,,,,True,0.0,0.0,,0.0,0.0,,,,,,True,0.0,0.0,,0.0,0.0,,,,,,True,0.0,0.0,,0.0,0.0,,,,,,0.0,0.0,,0.0,0.0,,,,,,0.0,,,,0.0,,,,True,,,,,,,,,29356.991208695654
6835,0.0,0.0,,0.0,0.0,,,,,,True,0.0,0.0,,0.0,0.0,,,,,,True,0.0,0.0,,0.0,0.0,,,,,,True,0.0,0.0,,0.0,0.0,,,,,,True,0.0,0.0,,0.0,0.0,,,,,,0.0,0.0,,0.0,0.0,,,,,,0.0,,,,0.0,,,,True,,,,,,,,,9260.00930882353
6850,0.0,0.0,,0.0,0.0,,,,,,True,0.0,0.0,,0.0,0.0,,,,,,True,0.0,0.0,,0.0,0.0,,,,,,True,0.0,0.0,,0.0,0.0,,,,,,True,0.0,0.0,,0.0,0.0,,,,,,0.0,0.0,,0.0,0.0,,,,,,0.0,,,,0.0,,,,True,,,,,,,,,33742.643852941175
6950,0.0,0.0,,0.0,0.0,,,,,,True,0.0,0.0,,0.0,0.0,,,,,,True,0.0,0.0,,0.0,0.0,,,,,,True,0.0,0.0,,0.0,0.0,,,,,,True,0.0,0.0,,0.0,0.0,,,,,,0.0,0.0,,0.0,0.0,,,,,,0.0,,,,0.0,,,,True,,,,,,,,,50985.74010869565
7000,117.0,58.0,0.46551724137931033,0.0,58.0,0.46551724137931033,-0.7438074532223372,-0.2063299426556927,,-0.2063299426556927,True,157.0,92.0,0.6304347826086957,15.0,92.0,0.6304347826086957,-0.7115667917650381,0.8022922264618552,-1.4817328636407694,0.8022922264618552,True,164.0,113.0,0.6637168141592921,17.0,113.0,0.6637168141592921,-0.7246817144549025,1.0355130522727911,-1.500260835899524,1.0355130522727911,True,438.0,263.0,0.6083650190114068,32.0,263.0,0.6083650190114068,-0.6378783496641355,0.6637652152009172,-1.4872845189857322,0.6637652152009172,True,438.0,263.0,0.6083650190114068,32.0,263.0,0.6083650190114068,-0.6613006499897083,0.6624113548760483,-1.5013091847229656,0.6624113548760483,438.0,263.0,0.6083650190114068,32.0,263.0,0.6083650190114068,-0.6380953173438823,0.6637559769085395,-1.4869891413862124,0.6637559769085395,117.0,0.46551724137931033,-0.7438074532223372,-0.2063299426556927,0.0,0.46551724137931033,,-0.2063299426556927,True,0.7906078203719956,-0.6378783496641355,0.7906078203719956,-1.4872845189857322,-0.6836914621896959,0.597248808499972,-1.4291945811707134,0.597248808499972,239728.67783478263
7010,3060.0,2917.0,0.6530682207747686,583.0,2917.0,0.6530682207747686,0.9753117676020593,0.5641506146474414,0.6638849606069206,0.5641506146474414,True,2957.0,2859.0,0.6568730325288562,554.0,2859.0,0.6568730325288562,0.9734191182087766,0.9184069929930977,0.6804371400748565,0.9184069929930977,True,3406.0,3296.0,0.6453276699029126,688.0,3296.0,0.6453276699029126,1.000938859916615,0.9534090189549054,0.7915316310277319,0.9534090189549054,True,9423.0,9072.0,0.6514550264550265,1825.0,9072.0,0.6514550264550265,1.0214446572307545,0.8547800520186724,0.8029492322257437,0.8547800520186724,True,9423.0,9072.0,0.6514550264550265,1825.0,9072.0,0.6514550264550265,0.9946981432669877,0.8536166923941022,0.7707639369307886,0.8536166923941022,9423.0,9072.0,0.6514550264550265,1825.0,9072.0,0.6514550264550265,1.021532964915589,0.8547730691812467,0.8029253510831077,0.8547730691812467,3060.0,0.6530682207747686,0.9753117676020593,0.5641506146474414,583.0,0.6530682207747686,0.6638849606069206,0.5641506146474414,True,1.021534377429378,1.0214446572307545,1.021534377429378,0.8029492322257437,1.0399395445067041,0.904171286216642,0.8069860384231952,0.904171286216642,182370.9561260869
7020,110.0,17.0,0.0,0.0,17.0,0.0,-0.49931103980294894,-2.1187272264676604,,-2.1187272264676604,True,183.0,48.0,0.3125,16.0,48.0,0.3125,-0.33455583700730557,-0.5940529615234891,-1.1312615666214791,-0.5940529615234891,True,179.0,15.0,0.0,0.0,15.0,0.0,-0.3842858865270959,-1.9278563500021768,,-1.9278563500021768,True,472.0,80.0,0.1875,16.0,80.0,0.1875,-0.3203486234668928,-1.201898489637193,-1.5553746606210044,-1.201898489637193,True,472.0,80.0,0.1875,16.0,80.0,0.1875,-0.3444070486710883,-1.2051129920368604,-1.5688593990088495,-1.2051129920368604,472.0,80.0,0.1875,16.0,80.0,0.1875,-0.32050717334460377,-1.2019297572154226,-1.5550697912510658,-1.2019297572154226,110.0,0.0,-0.49931103980294894,-2.1187272264676604,0.0,0.0,,-2.1187272264676604,True,-1.4648782097327548,-0.3203486234668928,-1.4648782097327548,-1.5553746606210044,-0.3604838932984537,-1.795632431607065,-1.0640325191723203,-1.795632431607065,136279.7459804348
7030,0.0,0.0,,0.0,0.0,,,,,,True,18.0,0.0,,0.0,0.0,,-0.11827108546739344,,,,True,20.0,0.0,,0.0,0.0,,-0.10281990352353827,,,,True,38.0,0.0,,0.0,0.0,,-0.21526902057874034,,,,True,38.0,0.0,,0.0,0.0,,-0.23953795756850466,,,,38.0,0.0,,0.0,0.0,,-0.2154082383469413,,,,0.0,,,,0.0,,,,True,,-0.21526902057874034,,,-0.06260696269526328,,,,8878.822616279069
7040,190.0,166.0,0.4819277108433735,60.0,166.0,0.4819277108433735,0.7198650172811527,-0.13891388490417753,0.6526814127783047,-0.13891388490417753,True,84.0,52.0,0.34615384615384615,18.0,52.0,0.34615384615384615,0.2868523162539608,-0.44624784958026725,0.02704691991933547,-0.44624784958026725,True,90.0,59.0,0.2542372881355932,20.0,59.0,0.2542372881355932,0.28083266980719646,-0.7927351891307485,0.05074486859354099,-0.7927351891307485,True,364.0,277.0,0.40794223826714804,98.0,277.0,0.40794223826714804,0.5248395498689757,-0.224694245116348,0.4470537798891482,-0.224694245116348,True,364.0,277.0,0.40794223826714804,98.0,277.0,0.40794223826714804,0.4990879124083547,-0.2269341735194736,0.41769059193050484,-0.2269341735194736,364.0,277.0,0.40794223826714804,98.0,277.0,0.40794223826714804,0.524836494205883,-0.22471397411365215,0.44707951059700207,-0.22471397411365215,190.0,0.4819277108433735,0.7198650172811527,-0.13891388490417753,60.0,0.4819277108433735,0.6526814127783047,-0.13891388490417753,True,-0.2834913840362734,0.5248395498689757,-0.2834913840362734,0.4470537798891482,0.48145332331752067,-0.5508605634786282,0.3314589157307146,-0.5508605634786282,19154.42738695652
7100,125.0,0.0,,15.0,0.0,,0.4515398098293973,,-0.18466213992429448,,True,179.0,44.0,0.5,16.0,44.0,0.5,0.6140372438491923,0.22943266216017538,-0.1128494935682622,0.22943266216017538,True,143.0,44.0,0.6590909090909091,15.0,44.0,0.6590909090909091,0.4528304569445658,1.0148592655296622,-0.19210488517169666,1.0148592655296622,True,447.0,88.0,0.5795454545454546,46.0,88.0,0.5795454545454546,0.5605752361452412,0.5360102035354979,-0.024966680378730597,0.5360102035354979,True,447.0,88.0,0.5795454545454546,46.0,88.0,0.5795454545454546,0.5347520074060106,0.5345289320650112,-0.050586936543597076,0.5345289320650112,447.0,88.0,0.5795454545454546,46.0,88.0,0.5795454545454546,0.5605787549854917,0.535999456744207,-0.02487514998630861,0.535999456744207,125.0,,0.4515398098293973,,15.0,,-0.18466213992429448,,True,0.6361589540838312,0.5605752361452412,0.6361589540838312,-0.024966680378730597,0.5590233885701108,0.6868896666935228,-0.08137286996677419,0.6868896666935228,21888.490389130435
7120,380.0,314.0,0.6337579617834395,104.0,314.0,0.6337579617834395,0.8904201853781729,0.4848218947587763,0.767205530465004,0.4848218947587763,True,321.0,258.0,0.6085271317829457,85.0,258.0,0.6085271317829457,0.8110855562173194,0.7060755037755263,0.7009321669341914,0.7060755037755263,True,347.0,283.0,0.6607773851590106,80.0,283.0,0.6607773851590106,0.8064790391251422,1.0223890605736699,0.6528685651733708,1.0223890605736699,True,1048.0,855.0,0.6350877192982456,269.0,855.0,0.6350877192982456,0.8799699184123551,0.7822249820343086,0.8011944132158507,0.7822249820343086,True,1048.0,855.0,0.6350877192982456,269.0,855.0,0.6350877192982456,0.8535068286247649,0.7809892626293543,0.7690230329275899,0.7809892626293543,1048.0,855.0,0.6350877192982456,269.0,855.0,0.6350877192982456,0.8800321981615241,0.7822171424849405,0.8011707766951053,0.7822171424849405,380.0,0.6337579617834395,0.8904201853781729,0.4848218947587763,104.0,0.6337579617834395,0.767205530465004,0.4848218947587763,True,0.9338192408060789,0.8799699184123551,0.9338192408060789,0.8011944132158507,0.8915296792170017,0.8192162972077,0.8019622216524773,0.8192162972077,26970.043780434786
7130,71.0,42.0,0.5238095238095238,15.0,42.0,0.5238095238095238,-0.35302951387772386,0.033141322160268126,-0.7852038764104523,0.033141322160268126,True,89.0,40.0,1.0,0.0,40.0,1.0,-0.32512753944963646,2.4253943253166144,,2.4253943253166144,True,140.0,92.0,0.7934782608695652,45.0,92.0,0.7934782608695652,-0.12699300691204468,1.6148732441088678,-0.18710497196854764,1.6148732441088678,True,300.0,174.0,0.7758620689655172,60.0,174.0,0.7758620689655172,-0.1785481221924641,1.4062673302516577,-0.4622314762164505,1.4062673302516577,True,300.0,174.0,0.7758620689655172,60.0,174.0,0.7758620689655172,-0.20289062419079829,1.4056539735193212,-0.4843843989828632,1.4056539735193212,300.0,174.0,0.7758620689655172,60.0,174.0,0.7758620689655172,-0.17868058420208402,1.406266859236735,-0.46207899108146816,1.406266859236735,71.0,0.5238095238095238,-0.35302951387772386,0.033141322160268126,15.0,0.5238095238095238,-0.7852038764104523,0.033141322160268126,True,1.6882525263697974,-0.1785481221924641,1.6882525263697974,-0.4622314762164505,-0.22171150938879738,1.5288739312461086,-0.4091936268666152,1.5288739312461086,65098.61194565217
7140,0.0,0.0,,0.0,0.0,,,,,,True,0.0,0.0,,0.0,0.0,,,,,,True,32.0,0.0,,0.0,0.0,,-1.3381760432846805,,,,True,32.0,0.0,,0.0,0.0,,-1.7092996181309812,,,,True,32.0,0.0,,0.0,0.0,,-1.730575480916612,,,,32.0,0.0,,0.0,0.0,,-1.7097137014518615,,,,0.0,,,,0.0,,,,True,,-1.7092996181309812,,,-1.3000895496462526,,,,151569.89762608695
7150,0.0,0.0,,0.0,0.0,,,,,,True,0.0,0.0,,0.0,0.0,,,,,,True,0.0,0.0,,0.0,0.0,,,,,,True,0.0,0.0,,0.0,0.0,,,,,,True,0.0,0.0,,0.0,0.0,,,,,,0.0,0.0,,0.0,0.0,,,,,,0.0,,,,0.0,,,,True,,,,,,,,,130018.20426739132
7160,0.0,0.0,,0.0,0.0,,,,,,True,0.0,0.0,,0.0,0.0,,,,,,True,0.0,0.0,,0.0,0.0,,,,,,True,0.0,0.0,,0.0,0.0,,,,,,True,0.0,0.0,,0.0,0.0,,,,,,0.0,0.0,,0.0,0.0,,,,,,0.0,,,,0.0,,,,True,,,,,,,,,22389.661645652173
7200,15.0,0.0,,0.0,0.0,,-2.359033166086963,,,,True,174.0,83.0,0.26506024096385544,34.0,83.0,0.26506024096385544,-1.3241739554249354,-0.8024047458289945,-1.7330259999371829,-0.8024047458289945,True,175.0,110.0,0.2545454545454545,56.0,110.0,0.2545454545454545,-1.3532906252081445,-0.7913592846933287,-1.5449057343816226,-0.7913592846933287,True,364.0,193.0,0.25906735751295334,90.0,193.0,0.25906735751295334,-1.3600719610524226,-0.884645652428902,-1.6122084855409013,-0.884645652428902,True,364.0,193.0,0.25906735751295334,90.0,193.0,0.25906735751295334,-1.3820474509363767,-0.8875437559107322,-1.6252425546290856,-0.8875437559107322,364.0,193.0,0.25906735751295334,90.0,193.0,0.25906735751295334,-1.360421794917414,-0.8846731739657525,-1.6118956935318671,-0.8846731739657525,15.0,,-2.359033166086963,,0.0,,,,True,-1.0813367705769301,-1.3600719610524226,-1.0813367705769301,-1.6122084855409013,-1.6434799414086512,-0.9372357468342061,-1.5793957819781606,-0.9372357468342061,853257.8465739131
7210,65.0,44.0,0.36363636363636365,0.0,44.0,0.36363636363636365,-1.219829794060013,-0.6248680687424869,,-0.6248680687424869,True,21.0,0.0,,0.0,0.0,,-1.9735177874401406,,,,True,16.0,0.0,,0.0,0.0,,-2.1435305187734177,,,,True,102.0,44.0,0.36363636363636365,0.0,44.0,0.36363636363636365,-1.555864863672608,-0.42109893183496955,,-0.42109893183496955,True,102.0,44.0,0.36363636363636365,0.0,44.0,0.36363636363636365,-1.5774481107958416,-0.4235347362809471,,-0.4235347362809471,102.0,44.0,0.36363636363636365,0.0,44.0,0.36363636363636365,-1.5562507187037506,-0.4211209799292123,,-0.4211209799292123,65.0,0.36363636363636365,-1.219829794060013,-0.6248680687424869,0.0,0.36363636363636365,,-0.6248680687424869,True,,-1.555864863672608,,,-1.7444102680858664,,,,354688.6887413044
7220,56.0,17.0,0.0,20.0,17.0,0.0,-1.0599422894396653,-2.1187272264676604,-1.2974084313213439,-2.1187272264676604,True,78.0,53.0,0.6037735849056604,29.0,53.0,0.6037735849056604,-1.0335478189910914,0.6851982903624549,-1.0665424659588378,0.6851982903624549,True,61.0,45.0,0.37777777777777777,24.0,45.0,0.37777777777777777,-1.1957264500639282,-0.2411503879961878,-1.2516225461327408,-0.2411503879961878,True,195.0,115.0,0.4260869565217391,73.0,115.0,0.4260869565217391,-0.9967924543522186,-0.14426004233650955,-1.003976697412684,-0.14426004233650955,True,195.0,115.0,0.4260869565217391,73.0,115.0,0.4260869565217391,-1.0194957221827396,-0.14641975303396987,-1.0218337991644921,-0.14641975303396987,195.0,115.0,0.4260869565217391,73.0,115.0,0.4260869565217391,-0.9970754535603097,-0.14427882158706096,-1.0037486929566732,-0.14427882158706096,56.0,0.0,-1.0599422894396653,-2.1187272264676604,20.0,0.0,-1.2974084313213439,-2.1187272264676604,True,-0.18625080405281885,-0.9967924543522186,-0.18625080405281885,-1.003976697412684,-1.0563787577318318,-0.6640863880135905,-1.1390773634564506,-0.6640863880135905,219906.3168152174
7240,0.0,0.0,,0.0,0.0,,,,,,True,43.0,23.0,0.0,0.0,23.0,0.0,-0.541000656861778,-1.966529000996263,,-1.966529000996263,True,59.0,43.0,0.3953488372093023,20.0,43.0,0.3953488372093023,-0.4128547857824579,-0.16269894790288603,-0.47235719646106905,-0.16269894790288603,True,102.0,66.0,0.25757575757575757,20.0,66.0,0.25757575757575757,-0.5571242445620594,-0.8912578053502869,-0.8772570450799384,-0.8912578053502869,True,102.0,66.0,0.25757575757575757,20.0,66.0,0.25757575757575757,-0.5807083240568507,-0.8941625031877336,-0.8961189825444684,-0.8941625031877336,102.0,66.0,0.25757575757575757,20.0,66.0,0.25757575757575757,-0.5573263554364862,-0.8912854049617691,-0.8770467053521627,-0.8912854049617691,0.0,,,,0.0,,,,True,-1.089330504123027,-0.5571242445620594,-1.089330504123027,-0.8772570450799384,-0.43192949732384506,-1.2436640099368073,-0.3951882613570744,-1.2436640099368073,47446.81345
7260,0.0,0.0,,0.0,0.0,,,,,,True,94.0,0.0,,0.0,0.0,,-0.4109149320518696,,,,True,102.0,30.0,0.0,16.0,30.0,0.0,-0.40602084392954096,-1.9278563500021768,-0.9091904825765128,-1.9278563500021768,True,196.0,30.0,0.0,16.0,30.0,0.0,-0.4981407259232354,-2.0330722124589147,-1.2791070801751345,-2.0330722124589147,True,196.0,30.0,0.0,16.0,30.0,0.0,-0.5218429703661851,-2.037115651389929,-1.2947825090043514,-2.037115651389929,196.0,30.0,0.0,16.0,30.0,0.0,-0.49833198525454375,-2.03311329432655,-1.2788407225248775,-2.03311329432655,0.0,,,,0.0,,,,True,,-0.4981407259232354,,-1.2791070801751345,-0.3629202569324704,,-0.8386113865819828,,80959.45826956522
7300,22.0,0.0,,0.0,0.0,,-0.41251651277474416,,,,True,0.0,0.0,,0.0,0.0,,,,,,True,0.0,0.0,,0.0,0.0,,,,,,True,22.0,0.0,,0.0,0.0,,-0.9548042461410232,,,,True,22.0,0.0,,0.0,0.0,,-0.9775916312734796,,,,22.0,0.0,,0.0,0.0,,-0.9550795205327184,,,,22.0,,-0.41251651277474416,,0.0,,,,True,,-0.9548042461410232,,,-0.3670013729296958,,,,22798.009389130435
7315,44.0,32.0,0.46875,0.0,32.0,0.46875,-1.5353291084388834,-0.193049405962554,,-0.193049405962554,True,77.0,52.0,0.0,25.0,52.0,0.0,-1.4273157479228389,-1.966529000996263,-1.5596517026055026,-1.966529000996263,True,116.0,105.0,0.2571428571428571,30.0,105.0,0.2571428571428571,-1.244951941866497,-0.7797623758636465,-1.5479874135533795,-0.7797623758636465,True,237.0,189.0,0.2222222222222222,55.0,189.0,0.2222222222222222,-1.26588077090727,-1.0479774298553928,-1.5451873368990803,-1.0479774298553928,True,237.0,189.0,0.2222222222222222,55.0,189.0,0.2222222222222222,-1.288044959216773,-1.0510384254899958,-1.5587528566535438,-1.0510384254899958,237.0,189.0,0.2222222222222222,55.0,189.0,0.2222222222222222,-1.266213275867767,-1.0480068799726214,-1.5448838876427682,-1.0480068799726214,44.0,0.46875,-1.5353291084388834,-0.193049405962554,0.0,0.46875,,-0.193049405962554,True,-1.2787960132594665,-1.26588077090727,-1.2787960132594665,-1.5451873368990803,-1.364962247010157,-1.1465689617332528,-1.492965000090297,-1.1465689617332528,459551.5872282609
7320,21.0,0.0,,0.0,0.0,,-0.7760921414874509,,,,True,49.0,0.0,,0.0,0.0,,-0.4559726862699204,,,,True,66.0,0.0,,0.0,0.0,,-0.3380053818451007,,,,True,136.0,0.0,,0.0,0.0,,-0.39874497874888026,,,,True,136.0,0.0,,0.0,0.0,,-0.4226463481945946,,,,136.0,0.0,,0.0,0.0,,-0.3989179516628784,,,,21.0,,-0.7760921414874509,,0.0,,,,True,,-0.39874497874888026,,,-0.4787311168427208,,,,45983.79428695652
7330,265.0,236.0,0.597457627118644,69.0,236.0,0.597457627118644,-0.6095557424862419,0.33569602949816996,-0.9608865571771786,0.33569602949816996,True,424.0,385.0,0.7636363636363637,29.0,385.0,0.7636363636363637,-0.4741445968265189,1.387303357279025,-1.4160522480337205,1.387303357279025,True,376.0,339.0,0.7492625368731564,27.0,339.0,0.7492625368731564,-0.5741774051796998,1.4174584418993423,-1.5456350473071623,1.4174584418993423,True,1065.0,960.0,0.7177083333333333,125.0,960.0,0.7177083333333333,-0.46549581653323285,1.1484760932308975,-1.0515927391727415,1.1484760932308975,True,1065.0,960.0,0.7177083333333333,125.0,960.0,0.7177083333333333,-0.48926346033035345,1.147605639133762,-1.069072264926051,1.147605639133762,1065.0,960.0,0.7177083333333333,125.0,960.0,0.7177083333333333,-0.46568106998951003,1.1484725782821534,-1.0513580970372403,1.1484725782821534,265.0,0.597457627118644,-0.6095557424862419,0.33569602949816996,69.0,0.597457627118644,-0.9608865571771786,0.33569602949816996,True,1.3765969304143617,-0.46549581653323285,1.3765969304143617,-1.0515927391727415,-0.5082351875195276,1.172942605211912,-1.242954582506672,1.172942605211912,411912.77292608697
7340,51.0,0.0,,0.0,0.0,,-1.5971227516459818,,,,True,56.0,37.0,0.5405405405405406,17.0,37.0,0.5405405405405406,-1.7388023311411347,0.4074836078215084,-1.9274510554387103,0.4074836078215084,True,63.0,41.0,0.4878048780487805,18.0,41.0,0.4878048780487805,-1.7068954649449515,0.25009969849910024,-2.0010446068394656,0.25009969849910024,True,170.0,78.0,0.5128205128205128,35.0,78.0,0.5128205128205128,-1.5672715354731994,0.24022343970305893,-1.9307466980564516,0.24022343970305893,True,170.0,78.0,0.5128205128205128,35.0,78.0,0.5128205128205128,-1.5888319309793528,0.2384471776099171,-1.9412548876467837,0.2384471776099171,170.0,78.0,0.5128205128205128,35.0,78.0,0.5128205128205128,-1.5676594890565096,0.24020920033636184,-1.9303895017987234,0.24020920033636184,51.0,,-1.5971227516459818,,0.0,,,,True,0.27856883107082575,-1.5672715354731994,0.27856883107082575,-1.9307466980564516,-1.6456044557589047,0.3511357575627611,-1.9095847800048582,0.3511357575627611,604886.6259804348
7350,0.0,0.0,,0.0,0.0,,,,,,True,0.0,0.0,,0.0,0.0,,,,,,True,0.0,0.0,,0.0,0.0,,,,,,True,0.0,0.0,,0.0,0.0,,,,,,True,0.0,0.0,,0.0,0.0,,,,,,0.0,0.0,,0.0,0.0,,,,,,0.0,,,,0.0,,,,True,,,,,,,,,23168.06300217392
7360,0.0,0.0,,0.0,0.0,,,,,,True,0.0,0.0,,0.0,0.0,,,,,,True,0.0,0.0,,0.0,0.0,,,,,,True,0.0,0.0,,0.0,0.0,,,,,,True,0.0,0.0,,0.0,0.0,,,,,,0.0,0.0,,0.0,0.0,,,,,,0.0,,,,0.0,,,,True,,,,,,,,,49567.44792608696
7410,0.0,0.0,,0.0,0.0,,,,,,True,0.0,0.0,,0.0,0.0,,,,,,True,22.0,0.0,,0.0,0.0,,-1.442712334061562,,,,True,22.0,0.0,,0.0,0.0,,-1.8087591034608375,,,,True,22.0,0.0,,0.0,0.0,,-1.8298357135535281,,,,22.0,0.0,,0.0,0.0,,-1.8091914849253092,,,,0.0,,,,0.0,,,,True,,-1.8087591034608375,,,-1.4054647699586038,,,,127317.18891739132
7420,0.0,0.0,,0.0,0.0,,,,,,True,0.0,0.0,,0.0,0.0,,,,,,True,0.0,0.0,,0.0,0.0,,,,,,True,0.0,0.0,,0.0,0.0,,,,,,True,0.0,0.0,,0.0,0.0,,,,,,0.0,0.0,,0.0,0.0,,,,,,0.0,,,,0.0,,,,True,,,,,,,,,145925.16889782608
7430,156.0,38.0,0.0,0.0,38.0,0.0,0.015358783803626692,-2.1187272264676604,,-2.1187272264676604,True,65.0,43.0,1.0,0.0,43.0,1.0,-0.5054248530767891,2.4253943253166144,,2.4253943253166144,True,55.0,0.0,,0.0,0.0,,-0.6297438650798182,,,,True,276.0,81.0,0.5308641975308642,0.0,81.0,0.5308641975308642,-0.2344117921351791,0.32020976820505465,,0.32020976820505465,True,276.0,81.0,0.5308641975308642,0.0,81.0,0.5308641975308642,-0.25864237935095946,0.3185132771488009,,0.3185132771488009,276.0,81.0,0.5308641975308642,0.0,81.0,0.5308641975308642,-0.23455453171109425,0.32019647329672385,,0.32019647329672385,156.0,0.0,0.015358783803626692,-2.1187272264676604,0.0,0.0,,-2.1187272264676604,True,0.3752679553919881,-0.2344117921351791,0.3752679553919881,,-0.3274398751450322,0.15031803621927026,,0.15031803621927026,67023.30657826086
7510,0.0,0.0,,0.0,0.0,,,,,,True,0.0,0.0,,0.0,0.0,,,,,,True,0.0,0.0,,0.0,0.0,,,,,,True,0.0,0.0,,0.0,0.0,,,,,,True,0.0,0.0,,0.0,0.0,,,,,,0.0,0.0,,0.0,0.0,,,,,,0.0,,,,0.0,,,,True,,,,,,,,,30691.64273913044
7540,0.0,0.0,,0.0,0.0,,,,,,True,0.0,0.0,,0.0,0.0,,,,,,True,0.0,0.0,,0.0,0.0,,,,,,True,0.0,0.0,,0.0,0.0,,,,,,True,0.0,0.0,,0.0,0.0,,,,,,0.0,0.0,,0.0,0.0,,,,,,0.0,,,,0.0,,,,True,,,,,,,,,27337.40929782609
7560,0.0,0.0,,0.0,0.0,,,,,,True,0.0,0.0,,0.0,0.0,,,,,,True,0.0,0.0,,0.0,0.0,,,,,,True,0.0,0.0,,0.0,0.0,,,,,,True,0.0,0.0,,0.0,0.0,,,,,,0.0,0.0,,0.0,0.0,,,,,,0.0,,,,0.0,,,,True,,,,,,,,,8726.505630434784
7610,0.0,0.0,,0.0,0.0,,,,,,True,26.0,0.0,,0.0,0.0,,-0.3093719036597814,,,,True,23.0,15.0,0.0,0.0,15.0,0.0,-0.4117014311690429,-1.9278563500021768,,-1.9278563500021768,True,49.0,15.0,0.0,0.0,15.0,0.0,-0.4523162176268716,-2.0330722124589147,,-2.0330722124589147,True,49.0,15.0,0.0,0.0,15.0,0.0,-0.4761102648440908,-2.037115651389929,,-2.037115651389929,49.0,15.0,0.0,0.0,15.0,0.0,-0.45249904635520577,-2.03311329432655,,-2.03311329432655,0.0,,,,0.0,,,,True,,-0.4523162176268716,,,-0.3146043764805137,,,,18455.379654347827
7640,28.0,0.0,,0.0,0.0,,-1.3368583515045365,,,,True,22.0,0.0,,0.0,0.0,,-1.6333381479851832,,,,True,47.0,0.0,,0.0,0.0,,-1.2674221492812339,,,,True,97.0,0.0,,0.0,0.0,,-1.2822484979280881,,,,True,97.0,0.0,,0.0,0.0,,-1.3043798958639494,,,,97.0,0.0,,0.0,0.0,,-1.2825840141551155,,,,28.0,,-1.3368583515045365,,0.0,,,,True,,-1.2822484979280881,,,-1.3750498414446335,,,,194390.5711
7700,21.0,0.0,,0.0,0.0,,-2.158225297470896,,,,True,0.0,0.0,,0.0,0.0,,,,,,True,41.0,0.0,,0.0,0.0,,-2.070529434361904,,,,True,62.0,0.0,,0.0,0.0,,-2.2007596083580974,,,,True,62.0,0.0,,0.0,0.0,,-2.221050902138567,,,,62.0,0.0,,0.0,0.0,,-2.2012641084495947,,,,21.0,,-2.158225297470896,,0.0,,,,True,,-2.2007596083580974,,,-2.0825200794766117,,,,790233.2965021739
7720,77.0,0.0,,0.0,0.0,,-0.5293010672736185,,,,True,86.0,47.0,0.6595744680851063,19.0,47.0,0.6595744680851063,-0.5761738104760195,0.9302714908271237,-0.8712973621765837,0.9302714908271237,True,82.0,32.0,0.53125,17.0,32.0,0.53125,-0.6377378656510007,0.4440739090687453,-1.0044440232687384,0.4440739090687453,True,245.0,79.0,0.6075949367088608,36.0,79.0,0.6075949367088608,-0.4994582502577303,0.660351496938057,-0.968689829874029,0.660351496938057,True,245.0,79.0,0.6075949367088608,36.0,79.0,0.6075949367088608,-0.5231578552312438,0.6589942320833068,-0.9868267422474748,0.6589942320833068,245.0,79.0,0.6075949367088608,36.0,79.0,0.6075949367088608,-0.4996497519817011,0.660342218337356,-0.9684667444097758,0.660342218337356,77.0,,-0.5293010672736185,,0.0,,,,True,0.7864808205098939,-0.4994582502577303,0.7864808205098939,-0.968689829874029,-0.5369084652985531,0.7613149607812398,-0.867724251419282,0.7613149607812398,101468.23364347826
7730,0.0,0.0,,0.0,0.0,,,,,,True,0.0,0.0,,0.0,0.0,,,,,,True,0.0,0.0,,0.0,0.0,,,,,,True,0.0,0.0,,0.0,0.0,,,,,,True,0.0,0.0,,0.0,0.0,,,,,,0.0,0.0,,0.0,0.0,,,,,,0.0,,,,0.0,,,,True,,,,,,,,,7962.998297777778
7740,0.0,0.0,,0.0,0.0,,,,,,True,0.0,0.0,,0.0,0.0,,,,,,True,0.0,0.0,,0.0,0.0,,,,,,True,0.0,0.0,,0.0,0.0,,,,,,True,0.0,0.0,,0.0,0.0,,,,,,0.0,0.0,,0.0,0.0,,,,,,0.0,,,,0.0,,,,True,,,,,,,,,19925.087497826087
7750,30.0,0.0,,0.0,0.0,,-2.0838297988005676,,,,True,54.0,15.0,1.0,0.0,15.0,1.0,-2.0051347031627533,2.4253943253166144,,2.4253943253166144,True,79.0,41.0,0.6341463414634146,0.0,41.0,0.6341463414634146,-1.834515228519332,0.9034865130494835,,0.9034865130494835,True,163.0,56.0,0.7321428571428571,0.0,56.0,0.7321428571428571,-1.8219302953257772,1.2124632766544745,,1.2124632766544745,True,163.0,56.0,0.7321428571428571,0.0,56.0,0.7321428571428571,-1.8429805188406607,1.21165663751253,,1.21165663751253,163.0,56.0,0.7321428571428571,0.0,56.0,0.7321428571428571,-1.8223650999714995,1.2124605172502323,,1.2124605172502323,30.0,,-2.0838297988005676,,0.0,,,,True,1.4539539578054004,-1.8219302953257772,1.4539539578054004,,-1.94151335244534,1.879830847712443,,1.879830847712443,968664.4432152174
7800,111.0,73.0,0.5068493150684932,23.0,73.0,0.5068493150684932,-0.7543673158591617,-0.03653312648770963,-1.2509216630422797,-0.03653312648770963,True,218.0,143.0,0.3076923076923077,64.0,143.0,0.3076923076923077,-0.5229854000228689,-0.6151679775153778,-0.6565624192167016,-0.6151679775153778,True,301.0,257.0,0.43190661478599224,97.0,257.0,0.43190661478599224,-0.3916744466844423,0.0005245793225921743,-0.4781270918266056,0.0005245793225921743,True,630.0,473.0,0.4059196617336152,184.0,473.0,0.4059196617336152,-0.44205779824679686,-0.23366017827404578,-0.5429210025070546,-0.23366017827404578,True,630.0,473.0,0.4059196617336152,184.0,473.0,0.4059196617336152,-0.4658723967234562,-0.23590904847757718,-0.5644340898875043,-0.23590904847757718,630.0,473.0,0.4059196617336152,184.0,473.0,0.4059196617336152,-0.4422387396736815,-0.2336800131388243,-0.5427572692465675,-0.2336800131388243,111.0,0.5068493150684932,-0.7543673158591617,-0.03653312648770963,23.0,0.5068493150684932,-1.2509216630422797,-0.03653312648770963,True,-0.2943307099724528,-0.44205779824679686,-0.2943307099724528,-0.5429210025070546,-0.5119814858215248,-0.2736085558091775,-0.722905083924838,-0.2736085558091775,232430.96411086957
7810,0.0,0.0,,0.0,0.0,,,,,,True,0.0,0.0,,0.0,0.0,,,,,,True,0.0,0.0,,0.0,0.0,,,,,,True,0.0,0.0,,0.0,0.0,,,,,,True,0.0,0.0,,0.0,0.0,,,,,,0.0,0.0,,0.0,0.0,,,,,,0.0,,,,0.0,,,,True,,,,,,,,,266960.5522108696
7830,0.0,0.0,,0.0,0.0,,,,,,True,0.0,0.0,,0.0,0.0,,,,,,True,0.0,0.0,,0.0,0.0,,,,,,True,0.0,0.0,,0.0,0.0,,,,,,True,0.0,0.0,,0.0,0.0,,,,,,0.0,0.0,,0.0,0.0,,,,,,0.0,,,,0.0,,,,True,,,,,,,,,11544.896615217393
7840,148.0,100.0,0.4,42.0,100.0,0.4,-0.1664448101108202,-0.4754821529699695,-0.41107103886331176,-0.4754821529699695,True,103.0,36.0,0.5833333333333334,18.0,36.0,0.5833333333333334,-0.43250230091194436,0.5954262726862486,-0.8494775782179096,0.5954262726862486,True,116.0,79.0,0.27848101265822783,34.0,79.0,0.27848101265822783,-0.4080722317395645,-0.6844915678830934,-0.5509367647958838,-0.6844915678830934,True,367.0,215.0,0.386046511627907,94.0,215.0,0.386046511627907,-0.25253127023259037,-0.3217563924476799,-0.410052707825906,-0.3217563924476799,True,367.0,215.0,0.386046511627907,94.0,215.0,0.386046511627907,-0.27672555769482177,-0.324093121745161,-0.43261938717197684,-0.324093121745161,367.0,215.0,0.386046511627907,94.0,215.0,0.386046511627907,-0.2526773433549333,-0.3217772675303066,-0.4099074964148197,-0.3217772675303066,148.0,0.4,-0.1664448101108202,-0.4754821529699695,42.0,0.4,-0.41107103886331176,-0.4754821529699695,True,-0.40083424534084316,-0.25253127023259037,-0.40083424534084316,-0.410052707825906,-0.2895412871691972,-0.24055858855743018,-0.5286428324397011,-0.24055858855743018,92434.20261304348
7850,0.0,0.0,,0.0,0.0,,,,,,True,0.0,0.0,,0.0,0.0,,,,,,True,0.0,0.0,,0.0,0.0,,,,,,True,0.0,0.0,,0.0,0.0,,,,,,True,0.0,0.0,,0.0,0.0,,,,,,0.0,0.0,,0.0,0.0,,,,,,0.0,,,,0.0,,,,True,,,,,,,,,10261.166854761905
7905,7292.0,7038.0,0.6697925547030407,989.0,7038.0,0.6697925547030407,1.735781923572683,0.6328560629853499,1.338828638842119,0.6328560629853499,True,3132.0,2965.0,0.69106239460371,367.0,2965.0,0.69106239460371,1.3692941717378746,1.0685640498014048,0.8389652295962206,1.0685640498014048,True,2179.0,2056.0,0.6969844357976653,218.0,2056.0,0.6969844357976653,1.131289320211275,1.1840466586942124,0.5303920966881602,1.1840466586942124,True,12603.0,12059.0,0.6796583464632225,1574.0,12059.0,0.6796583464632225,1.5115979606301506,0.9798032972834437,1.0939376095093882,0.9798032972834437,True,12603.0,12059.0,0.6796583464632225,1574.0,12059.0,0.6796583464632225,1.4838694954192815,0.9787646243909274,1.0594448937938514,0.9787646243909274,12603.0,12059.0,0.6796583464632225,1574.0,12059.0,0.6796583464632225,1.5117764446867792,0.9797977906889235,1.093873164566981,0.9797977906889235,7292.0,0.6697925547030407,1.735781923572683,0.6328560629853499,989.0,0.6697925547030407,1.338828638842119,0.6328560629853499,True,1.1726806865963457,1.5115979606301506,1.1726806865963457,1.0939376095093882,1.47228011788366,1.0756606482875404,1.0006414180803556,1.0756606482875404,90883.0257764706
7925,0.0,0.0,,0.0,0.0,,,,,,True,0.0,0.0,,0.0,0.0,,,,,,True,0.0,0.0,,0.0,0.0,,,,,,True,0.0,0.0,,0.0,0.0,,,,,,True,0.0,0.0,,0.0,0.0,,,,,,0.0,0.0,,0.0,0.0,,,,,,0.0,,,,0.0,,,,True,,,,,,,,,27513.371002941178
7950,41.0,0.0,,0.0,0.0,,-0.6419509681515889,,,,True,31.0,15.0,1.0,0.0,15.0,1.0,-0.902721545211004,2.4253943253166144,,2.4253943253166144,True,27.0,0.0,,0.0,0.0,,-1.009512748905754,,,,True,99.0,15.0,1.0,0.0,15.0,1.0,-0.7515259615928078,2.399854309256934,,2.399854309256934,True,99.0,15.0,1.0,0.0,15.0,1.0,-0.7747205853659845,2.4002318651597716,,2.4002318651597716,99.0,15.0,1.0,0.0,15.0,1.0,-0.7517638376888311,2.3998655702661282,,2.3998655702661282,41.0,,-0.6419509681515889,,0.0,,,,True,,-0.7515259615928078,,,-0.8094020564647134,,,,68122.94345652174
8000,0.0,0.0,,0.0,0.0,,,,,,True,0.0,0.0,,0.0,0.0,,,,,,True,0.0,0.0,,0.0,0.0,,,,,,True,0.0,0.0,,0.0,0.0,,,,,,True,0.0,0.0,,0.0,0.0,,,,,,0.0,0.0,,0.0,0.0,,,,,,0.0,,,,0.0,,,,True,,,,,,,,,35954.93758913044
8025,0.0,0.0,,0.0,0.0,,,,,,True,22.0,0.0,,0.0,0.0,,-0.06516109013661225,,,,True,0.0,0.0,,0.0,0.0,,,,,,True,22.0,0.0,,0.0,0.0,,-0.5360285334360064,,,,True,22.0,0.0,,0.0,0.0,,-0.5596548751367342,,,,22.0,0.0,,0.0,0.0,,-0.5362267632089971,,,,0.0,,,,0.0,,,,True,,-0.5360285334360064,,,-0.016858337289504456,,,,9807.905133333334
8030,0.0,0.0,,0.0,0.0,,,,,,True,0.0,0.0,,0.0,0.0,,,,,,True,0.0,0.0,,0.0,0.0,,,,,,True,0.0,0.0,,0.0,0.0,,,,,,True,0.0,0.0,,0.0,0.0,,,,,,0.0,0.0,,0.0,0.0,,,,,,0.0,,,,0.0,,,,True,,,,,,,,,325845.0491391304
8040,0.0,0.0,,0.0,0.0,,,,,,True,0.0,0.0,,0.0,0.0,,,,,,True,0.0,0.0,,0.0,0.0,,,,,,True,0.0,0.0,,0.0,0.0,,,,,,True,0.0,0.0,,0.0,0.0,,,,,,0.0,0.0,,0.0,0.0,,,,,,0.0,,,,0.0,,,,True,,,,,,,,,19761.377747826085
8100,19.0,0.0,,0.0,0.0,,-0.6956576984753391,,,,True,38.0,0.0,,0.0,0.0,,-0.4500076955276566,,,,True,21.0,0.0,,0.0,0.0,,-0.7969704306469013,,,,True,78.0,0.0,,0.0,0.0,,-0.542899441035199,,,,True,78.0,0.0,,0.0,0.0,,-0.5665120178663667,,,,78.0,0.0,,0.0,0.0,,-0.543098934889272,,,,19.0,,-0.6956576984753391,,0.0,,,,True,,-0.542899441035199,,,-0.6039162988647307,,,,35258.06298695652
8130,0.0,0.0,,0.0,0.0,,,,,,True,0.0,0.0,,0.0,0.0,,,,,,True,0.0,0.0,,0.0,0.0,,,,,,True,0.0,0.0,,0.0,0.0,,,,,,True,0.0,0.0,,0.0,0.0,,,,,,0.0,0.0,,0.0,0.0,,,,,,0.0,,,,0.0,,,,True,,,,,,,,,44746.44480434783
8140,0.0,0.0,,0.0,0.0,,,,,,True,0.0,0.0,,0.0,0.0,,,,,,True,0.0,0.0,,0.0,0.0,,,,,,True,0.0,0.0,,0.0,0.0,,,,,,True,0.0,0.0,,0.0,0.0,,,,,,0.0,0.0,,0.0,0.0,,,,,,0.0,,,,0.0,,,,True,,,,,,,,,556996.1057
8225,50.0,20.0,1.0,0.0,20.0,1.0,-1.3473742651133709,1.9893854572765666,,1.9893854572765666,True,30.0,21.0,1.0,0.0,21.0,1.0,-1.786288429726674,2.4253943253166144,,2.4253943253166144,True,36.0,0.0,,0.0,0.0,,-1.720411475720708,,,,True,116.0,41.0,1.0,0.0,41.0,1.0,-1.4920513148053178,2.399854309256934,,2.399854309256934,True,116.0,41.0,1.0,0.0,41.0,1.0,-1.5137624031436525,2.4002318651597716,,2.4002318651597716,116.0,41.0,1.0,0.0,41.0,1.0,-1.492425429684414,2.3998655702661282,,2.3998655702661282,50.0,1.0,-1.3473742651133709,1.9893854572765666,0.0,1.0,,1.9893854572765666,True,,-1.4920513148053178,,,-1.5821840846138695,2.5012548428027803,,2.5012548428027803,354719.2600705882
8250,250.0,226.0,0.7212389380530974,50.0,226.0,0.7212389380530974,0.8496796062646975,0.8442036029584856,0.548194461075881,0.8442036029584856,True,244.0,241.0,0.5892116182572614,44.0,241.0,0.5892116182572614,0.8429065440557505,0.6212432493623616,0.5207315120257902,0.6212432493623616,True,247.0,222.0,0.6486486486486487,41.0,222.0,0.6486486486486487,0.8038392812169347,0.9682365577346567,0.4604978874483637,0.9682365577346567,True,741.0,689.0,0.6516690856313497,135.0,689.0,0.6516690856313497,0.874131032532565,0.8557289606186121,0.6130983822799048,0.8557289606186121,True,741.0,689.0,0.6516690856313497,135.0,689.0,0.6516690856313497,0.8476796401082927,0.8545665473485548,0.5824185276218546,0.8545665473485548,741.0,689.0,0.6516690856313497,135.0,689.0,0.6516690856313497,0.8741922380677273,0.8557219889856597,0.6131009663587855,0.8557219889856597,250.0,0.7212389380530974,0.8496796062646975,0.8442036029584856,50.0,0.7212389380530974,0.548194461075881,0.8442036029584856,True,1.022681556358496,0.874131032532565,1.022681556358496,0.6130983822799048,0.8876456406124805,0.9033002134208727,0.6017933197924635,0.9033002134208727,19295.058295555555
8255,0.0,0.0,,0.0,0.0,,,,,,True,0.0,0.0,,0.0,0.0,,,,,,True,0.0,0.0,,0.0,0.0,,,,,,True,0.0,0.0,,0.0,0.0,,,,,,True,0.0,0.0,,0.0,0.0,,,,,,0.0,0.0,,0.0,0.0,,,,,,0.0,,,,0.0,,,,True,,,,,,,,,138589.94151086957
8256,0.0,0.0,,0.0,0.0,,,,,,True,0.0,0.0,,0.0,0.0,,,,,,True,0.0,0.0,,0.0,0.0,,,,,,True,0.0,0.0,,0.0,0.0,,,,,,True,0.0,0.0,,0.0,0.0,,,,,,0.0,0.0,,0.0,0.0,,,,,,0.0,,,,0.0,,,,True,,,,,,,,,11857.961639130435
8300,0.0,0.0,,0.0,0.0,,,,,,True,0.0,0.0,,0.0,0.0,,,,,,True,0.0,0.0,,0.0,0.0,,,,,,True,0.0,0.0,,0.0,0.0,,,,,,True,0.0,0.0,,0.0,0.0,,,,,,0.0,0.0,,0.0,0.0,,,,,,0.0,,,,0.0,,,,True,,,,,,,,,121963.3713652174
8310,0.0,0.0,,0.0,0.0,,,,,,True,0.0,0.0,,0.0,0.0,,,,,,True,0.0,0.0,,0.0,0.0,,,,,,True,0.0,0.0,,0.0,0.0,,,,,,True,0.0,0.0,,0.0,0.0,,,,,,0.0,0.0,,0.0,0.0,,,,,,0.0,,,,0.0,,,,True,,,,,,,,,23166.02494565217
8320,0.0,0.0,,0.0,0.0,,,,,,True,0.0,0.0,,0.0,0.0,,,,,,True,0.0,0.0,,0.0,0.0,,,,,,True,0.0,0.0,,0.0,0.0,,,,,,True,0.0,0.0,,0.0,0.0,,,,,,0.0,0.0,,0.0,0.0,,,,,,0.0,,,,0.0,,,,True,,,,,,,,,140542.57771086955
8335,0.0,0.0,,0.0,0.0,,,,,,True,0.0,0.0,,0.0,0.0,,,,,,True,0.0,0.0,,0.0,0.0,,,,,,True,0.0,0.0,,0.0,0.0,,,,,,True,0.0,0.0,,0.0,0.0,,,,,,0.0,0.0,,0.0,0.0,,,,,,0.0,,,,0.0,,,,True,,,,,,,,,14635.354515151515
8350,594.0,592.0,0.4560810810810811,134.0,592.0,0.4560810810810811,0.6669616720491897,-0.245094752462692,0.40737184317546565,-0.245094752462692,True,867.0,835.0,0.4119760479041916,220.0,835.0,0.4119760479041916,0.8568050672520549,-0.15716178632365269,0.7256880449475733,-0.15716178632365269,True,947.0,906.0,0.40397350993377484,188.0,906.0,0.40397350993377484,0.8573318774375165,-0.12419142374333768,0.6228188428680244,-0.12419142374333768,True,2408.0,2333.0,0.42006000857265324,542.0,2333.0,0.42006000857265324,0.8429275446765523,-0.17097705974501323,0.6919269711430577,-0.17097705974501323,True,2408.0,2333.0,0.42006000857265324,542.0,2333.0,0.42006000857265324,0.8165386639268962,-0.17316341554822037,0.6606220375819722,-0.17316341554822037,2408.0,2333.0,0.42006000857265324,542.0,2333.0,0.42006000857265324,0.8429830095234387,-0.17099615446335883,0.691918566511239,-0.17099615446335883,594.0,0.4560810810810811,0.6669616720491897,-0.245094752462692,134.0,0.4560810810810811,0.40737184317546565,-0.245094752462692,True,-0.218550226169826,0.8429275446765523,-0.218550226169826,0.6919269711430577,0.8488948602949079,-0.2260232061743943,0.6784170032929507,-0.2260232061743943,66769.69133478262
8365,757.0,633.0,0.6445497630331753,220.0,633.0,0.6445497630331753,1.501190333684626,0.5291558303532631,1.4927627697840387,0.5291558303532631,True,622.0,544.0,0.6985294117647058,86.0,544.0,0.6985294117647058,1.4564324789849872,1.101358616648761,1.023536525560358,1.101358616648761,True,389.0,341.0,0.750733137829912,35.0,341.0,0.750733137829912,1.162288224839873,1.4240243956091727,0.503460481637011,1.4240243956091727,True,1768.0,1518.0,0.6877470355731226,341.0,1518.0,0.6877470355731226,1.4214171953370385,1.0156598617646337,1.228131414008534,1.0156598617646337,True,3036.0,2744.0,0.6869533527696793,513.0,2744.0,0.6869533527696793,1.6617759319560321,1.0111351025080977,1.4075122311286494,1.0111351025080977,1768.0,1518.0,0.6877470355731226,341.0,1518.0,0.6877470355731226,1.421579088310503,1.0156547785553713,1.2280482624405664,1.0156547785553713,757.0,0.6445497630331753,1.501190333684626,0.5291558303532631,220.0,0.6445497630331753,1.4927627697840387,0.5291558303532631,True,1.2160293244377471,1.4214171953370385,1.2160293244377471,1.228131414008534,1.433150466837146,1.1401635454545986,1.106066102036658,1.1401635454545986,15288.891476470588
8450,0.0,0.0,,0.0,0.0,,,,,,True,0.0,0.0,,0.0,0.0,,,,,,True,0.0,0.0,,0.0,0.0,,,,,,True,0.0,0.0,,0.0,0.0,,,,,,True,0.0,0.0,,0.0,0.0,,,,,,0.0,0.0,,0.0,0.0,,,,,,0.0,,,,0.0,,,,True,,,,,,,,,22970.171982608696
8465,0.0,0.0,,0.0,0.0,,,,,,True,0.0,0.0,,0.0,0.0,,,,,,True,0.0,0.0,,0.0,0.0,,,,,,True,0.0,0.0,,0.0,0.0,,,,,,True,0.0,0.0,,0.0,0.0,,,,,,0.0,0.0,,0.0,0.0,,,,,,0.0,,,,0.0,,,,True,,,,,,,,,15435.101367647056
8500,0.0,0.0,,0.0,0.0,,,,,,True,0.0,0.0,,0.0,0.0,,,,,,True,23.0,0.0,,0.0,0.0,,-1.0532505997324229,,,,True,23.0,0.0,,0.0,0.0,,-1.438211580067977,,,,True,23.0,0.0,,0.0,0.0,,-1.460030528527425,,,,23.0,0.0,,0.0,0.0,,-1.438575789735982,,,,0.0,,,,0.0,,,,True,,-1.438211580067977,,,-1.012877509083269,,,,63104.26949130435
8510,0.0,0.0,,0.0,0.0,,,,,,True,0.0,0.0,,0.0,0.0,,,,,,True,0.0,0.0,,0.0,0.0,,,,,,True,0.0,0.0,,0.0,0.0,,,,,,True,0.0,0.0,,0.0,0.0,,,,,,0.0,0.0,,0.0,0.0,,,,,,0.0,,,,0.0,,,,True,,,,,,,,,14506.34305652174
8530,0.0,0.0,,0.0,0.0,,,,,,True,0.0,0.0,,0.0,0.0,,,,,,True,0.0,0.0,,0.0,0.0,,,,,,True,0.0,0.0,,0.0,0.0,,,,,,True,0.0,0.0,,0.0,0.0,,,,,,0.0,0.0,,0.0,0.0,,,,,,0.0,,,,0.0,,,,True,,,,,,,,,28715.117152173912
8540,0.0,0.0,,0.0,0.0,,,,,,True,0.0,0.0,,0.0,0.0,,,,,,True,0.0,0.0,,0.0,0.0,,,,,,True,0.0,0.0,,0.0,0.0,,,,,,True,0.0,0.0,,0.0,0.0,,,,,,0.0,0.0,,0.0,0.0,,,,,,0.0,,,,0.0,,,,True,,,,,,,,,14145.048060869563
8555,1524.0,1503.0,0.6613439787092482,407.0,1503.0,0.6613439787092482,1.6283599922661132,0.5981483607856741,1.5903611220379288,0.5981483607856741,True,506.0,428.0,0.6728971962616822,140.0,428.0,0.6728971962616822,1.118057138168551,0.988783891475953,1.0509599310278168,0.988783891475953,True,365.0,334.0,0.718562874251497,114.0,334.0,0.718562874251497,0.9004710353296737,1.2803902843170698,0.9318258711341909,1.2803902843170698,True,2395.0,2265.0,0.6719646799116997,661.0,2265.0,0.6719646799116997,1.3546317827476215,0.9456978387779601,1.3468695778384447,0.9456978387779601,True,2395.0,2265.0,0.6719646799116997,661.0,2265.0,0.6719646799116997,1.327217776570397,0.9446251522253661,1.3103712136699062,0.9446251522253661,2395.0,2265.0,0.6719646799116997,661.0,2265.0,0.6719646799116997,1.3547813888178781,0.9456919294747992,1.3467698741622873,0.9456919294747992,1524.0,0.6613439787092482,1.6283599922661132,0.5981483607856741,407.0,0.6613439787092482,1.5903611220379288,0.5981483607856741,True,1.1314490407161413,1.3546317827476215,1.1314490407161413,1.3468695778384447,1.2742108011558335,1.068738418552893,1.2933111877313468,1.068738418552893,23692.95639705882
8600,230.0,167.0,0.4491017964071856,40.0,167.0,0.4491017964071856,0.5205028063510818,-0.27376644035498365,0.09797659738898494,-0.27376644035498365,True,300.0,221.0,0.3438914027149321,53.0,221.0,0.3438914027149321,0.6395221586359646,-0.4561843276940973,0.29359337683286496,-0.4561843276940973,True,221.0,148.0,0.4391891891891892,27.0,148.0,0.4391891891891892,0.43584965396206793,0.03303988961130415,-0.12294383782766943,0.03303988961130415,True,751.0,536.0,0.40298507462686567,120.0,536.0,0.40298507462686567,0.5858898263335391,-0.2466689872898412,0.23550764974306532,-0.2466689872898412,True,751.0,536.0,0.40298507462686567,120.0,536.0,0.40298507462686567,0.5600158834743936,-0.24893083128781104,0.20782193723945813,-0.24893083128781104,751.0,536.0,0.40298507462686567,120.0,536.0,0.40298507462686567,0.5858980024470974,-0.2466889757593512,0.23556286999598539,-0.2466889757593512,230.0,0.4491017964071856,0.5205028063510818,-0.27376644035498365,40.0,0.4491017964071856,0.09797659738898494,-0.27376644035498365,True,-0.3100576531119579,0.5858898263335391,-0.3100576531119579,0.23550764974306532,0.5850529889004298,-0.29105672627096546,0.1751874994552483,-0.29105672627096546,34946.56472391304
8610,0.0,0.0,,0.0,0.0,,,,,,True,0.0,0.0,,0.0,0.0,,,,,,True,0.0,0.0,,0.0,0.0,,,,,,True,0.0,0.0,,0.0,0.0,,,,,,True,0.0,0.0,,0.0,0.0,,,,,,0.0,0.0,,0.0,0.0,,,,,,0.0,,,,0.0,,,,True,,,,,,,,,65276.58004565217
8620,0.0,0.0,,0.0,0.0,,,,,,True,0.0,0.0,,0.0,0.0,,,,,,True,0.0,0.0,,0.0,0.0,,,,,,True,0.0,0.0,,0.0,0.0,,,,,,True,0.0,0.0,,0.0,0.0,,,,,,0.0,0.0,,0.0,0.0,,,,,,0.0,,,,0.0,,,,True,,,,,,,,,103454.03295
8630,95.0,46.0,0.6086956521739131,0.0,46.0,0.6086956521739131,0.0002351725706959877,0.38186310276795615,,0.38186310276795615,True,32.0,0.0,,0.0,0.0,,-0.6334296975229723,,,,True,16.0,0.0,,0.0,0.0,,-1.031489686590154,,,,True,143.0,46.0,0.6086956521739131,0.0,46.0,0.6086956521739131,-0.330082690842246,0.6652308877159501,,0.6652308877159501,True,143.0,46.0,0.6086956521739131,0.0,46.0,0.6086956521739131,-0.35412161525040015,0.6638784891185844,,0.6638784891185844,143.0,46.0,0.6086956521739131,0.0,46.0,0.6086956521739131,-0.33024303155329954,0.6652216667298632,,0.6652216667298632,95.0,0.6086956521739131,0.0002351725706959877,0.38186310276795615,0.0,0.6086956521739131,,0.38186310276795615,True,,-0.330082690842246,,,-0.5105222177288742,,,,42105.62817826087
8640,0.0,0.0,,0.0,0.0,,,,,,True,0.0,0.0,,0.0,0.0,,,,,,True,0.0,0.0,,0.0,0.0,,,,,,True,0.0,0.0,,0.0,0.0,,,,,,True,0.0,0.0,,0.0,0.0,,,,,,0.0,0.0,,0.0,0.0,,,,,,0.0,,,,0.0,,,,True,,,,,,,,,66545.32037826088
8650,15.0,0.0,,0.0,0.0,,-1.2107936940698414,,,,True,24.0,0.0,,0.0,0.0,,-1.123733173196208,,,,True,0.0,0.0,,0.0,0.0,,,,,,True,39.0,0.0,,0.0,0.0,,-1.2959462691535337,,,,True,39.0,0.0,,0.0,0.0,,-1.318050225586004,,,,39.0,0.0,,0.0,0.0,,-1.2962843054396982,,,,15.0,,-1.2107936940698414,,0.0,,,,True,,-1.2959462691535337,,,-1.1278053241169392,,,,80343.3772
8710,47.0,22.0,1.0,0.0,22.0,1.0,-0.48729021363539887,1.9893854572765666,,1.9893854572765666,True,0.0,0.0,,0.0,0.0,,,,,,True,15.0,0.0,,0.0,0.0,,-1.221433420660757,,,,True,62.0,22.0,1.0,0.0,22.0,1.0,-0.893675447442316,2.399854309256934,,2.399854309256934,True,62.0,22.0,1.0,0.0,22.0,1.0,-0.9165852952812353,2.4002318651597716,,2.4002318651597716,62.0,22.0,1.0,0.0,22.0,1.0,-0.8939394756111652,2.3998655702661282,,2.3998655702661282,47.0,1.0,-0.48729021363539887,1.9893854572765666,0.0,1.0,,1.9893854572765666,True,,-0.893675447442316,,,-0.8123925949283124,,,,56805.97443478261
8720,0.0,0.0,,0.0,0.0,,,,,,True,0.0,0.0,,0.0,0.0,,,,,,True,0.0,0.0,,0.0,0.0,,,,,,True,0.0,0.0,,0.0,0.0,,,,,,True,0.0,0.0,,0.0,0.0,,,,,,0.0,0.0,,0.0,0.0,,,,,,0.0,,,,0.0,,,,True,,,,,,,,,21960.906080434783
8730,59.0,34.0,0.0,0.0,34.0,0.0,0.3375476640132469,-2.1187272264676604,,-2.1187272264676604,True,20.0,0.0,,0.0,0.0,,-0.2656643933144058,,,,True,17.0,0.0,,0.0,0.0,,-0.38909241291399616,,,,True,96.0,34.0,0.0,0.0,34.0,0.0,0.05317076081008577,-2.0330722124589147,,-2.0330722124589147,True,96.0,34.0,0.0,0.0,34.0,0.0,0.028364043545704275,-2.037115651389929,,-2.037115651389929,96.0,34.0,0.0,0.0,34.0,0.0,0.05308092947948079,-2.03311329432655,,-2.03311329432655,59.0,0.0,0.3375476640132469,-2.1187272264676604,0.0,0.0,,-2.1187272264676604,True,,0.05317076081008577,,,-0.057759254613280867,,,,13062.535562222223
8740,854.0,800.0,0.49125,189.0,800.0,0.49125,-0.3605801006178657,-0.10061687057830881,-0.7681737459508613,-0.10061687057830881,True,280.0,258.0,0.5465116279069767,67.0,258.0,0.5465116279069767,-1.0374380262014309,0.4337081657096114,-1.3160810744689506,0.4337081657096114,True,159.0,148.0,0.4797297297297297,31.0,148.0,0.4797297297297297,-1.3666031770371763,0.21404569634485612,-1.845358295117378,0.21404569634485612,True,1293.0,1206.0,0.5016583747927031,287.0,1206.0,0.5016583747927031,-0.6958091130155889,0.19074250200052859,-0.9596619012835892,0.19074250200052859,True,1293.0,1206.0,0.5016583747927031,287.0,1206.0,0.5016583747927031,-0.7191153574359499,0.18891689215283106,-0.9778704014880666,0.18891689215283106,1293.0,1206.0,0.5016583747927031,287.0,1206.0,0.5016583747927031,-0.6960367385569027,0.19072767837541554,-0.9594400743132012,0.19072767837541554,854.0,0.49125,-0.3605801006178657,-0.10061687057830881,189.0,0.49125,-0.7681737459508613,-0.10061687057830881,True,0.21874906641810404,-0.6958091130155889,0.21874906641810404,-0.9596619012835892,-0.8801103373855049,0.18356153141954937,-1.2453364003964964,0.18356153141954937,795277.8226934783
8750,0.0,0.0,,0.0,0.0,,,,,,True,21.0,0.0,,0.0,0.0,,-0.9562319124226161,,,,True,22.0,0.0,,0.0,0.0,,-0.9663281061107668,,,,True,43.0,0.0,,0.0,0.0,,-1.0227885999721005,,,,True,43.0,0.0,,0.0,0.0,,-1.0454397882849804,,,,43.0,0.0,,0.0,0.0,,-1.023076381843241,,,,0.0,,,,0.0,,,,True,,-1.0227885999721005,,,-0.9201688319285715,,,,51098.890119565214
8760,0.0,0.0,,0.0,0.0,,,,,,True,0.0,0.0,,0.0,0.0,,,,,,True,0.0,0.0,,0.0,0.0,,,,,,True,0.0,0.0,,0.0,0.0,,,,,,True,0.0,0.0,,0.0,0.0,,,,,,0.0,0.0,,0.0,0.0,,,,,,0.0,,,,0.0,,,,True,,,,,,,,,83554.73848043478
8800,0.0,0.0,,0.0,0.0,,,,,,True,0.0,0.0,,0.0,0.0,,,,,,True,0.0,0.0,,0.0,0.0,,,,,,True,0.0,0.0,,0.0,0.0,,,,,,True,0.0,0.0,,0.0,0.0,,,,,,0.0,0.0,,0.0,0.0,,,,,,0.0,,,,0.0,,,,True,,,,,,,,,268240.2529717392
8810,0.0,0.0,,0.0,0.0,,,,,,True,0.0,0.0,,0.0,0.0,,,,,,True,0.0,0.0,,0.0,0.0,,,,,,True,0.0,0.0,,0.0,0.0,,,,,,True,0.0,0.0,,0.0,0.0,,,,,,0.0,0.0,,0.0,0.0,,,,,,0.0,,,,0.0,,,,True,,,,,,,,,162825.59088695652
8830,144.0,127.0,0.4645669291338583,35.0,127.0,0.4645669291338583,0.7377405216056067,-0.21023393244475178,0.5287081604136272,-0.21023393244475178,True,133.0,113.0,0.45132743362831856,37.0,113.0,0.45132743362831856,0.6929973304473999,0.01566648256087598,0.6031718035883664,0.01566648256087598,True,145.0,126.0,0.5158730158730159,32.0,126.0,0.5158730158730159,0.6935535840690487,0.37541859811524547,0.502868785418614,0.37541859811524547,True,422.0,366.0,0.4781420765027322,104.0,366.0,0.4781420765027322,0.754137710956771,0.0864964796183354,0.6451541524011608,0.0864964796183354,True,422.0,366.0,0.4781420765027322,104.0,366.0,0.4781420765027322,0.7279267077963231,0.08456690433738658,0.6142201084202733,0.08456690433738658,422.0,366.0,0.4781420765027322,104.0,366.0,0.4781420765027322,0.7541768406183154,0.08648042508251748,0.6451522679034859,0.08648042508251748,144.0,0.4645669291338583,0.7377405216056067,-0.21023393244475178,35.0,0.4645669291338583,0.5287081604136272,-0.21023393244475178,True,0.09272129058300171,0.754137710956771,0.09272129058300171,0.6451541524011608,0.7626054864191968,0.04381936157075597,0.6374312415285932,0.04381936157075597,13992.76455652174
8850,0.0,0.0,,0.0,0.0,,,,,,True,19.0,0.0,,0.0,0.0,,-0.1550448001615702,,,,True,0.0,0.0,,0.0,0.0,,,,,,True,19.0,0.0,,0.0,0.0,,-0.6210207308547241,,,,True,19.0,0.0,,0.0,0.0,,-0.644476802981279,,,,19.0,0.0,,0.0,0.0,,-0.6212345971396812,,,,0.0,,,,0.0,,,,True,,-0.6210207308547241,,,-0.10746338627280062,,,,10052.021636585365
8910,0.0,0.0,,0.0,0.0,,,,,,True,16.0,0.0,,0.0,0.0,,0.10083391270554302,,,,True,19.0,0.0,,0.0,0.0,,0.14963268700919097,,,,True,35.0,0.0,,0.0,0.0,,0.009559640083288103,,,,True,35.0,0.0,,0.0,0.0,,-0.015159708608672858,,,,35.0,0.0,,0.0,0.0,,0.009461785359573795,,,,0.0,,,,0.0,,,,True,,0.009559640083288103,,,0.17506401467793542,,,,5199.633973170732
8920,92.0,15.0,0.0,0.0,15.0,0.0,0.21396397758144708,-2.1187272264676604,,-2.1187272264676604,True,85.0,53.0,0.6415094339622641,27.0,53.0,0.6415094339622641,0.12727110328913746,0.8509312460723748,0.07699958710268477,0.8509312460723748,True,67.0,0.0,,0.0,0.0,,-0.03794153297098535,,,,True,244.0,68.0,0.5,27.0,68.0,0.5,0.16948114625380636,0.1833910483990098,-0.4043553316528365,0.1833910483990098,True,244.0,68.0,0.5,27.0,68.0,0.5,0.1444414179554375,0.18155810688492113,-0.426967188893118,0.18155810688492113,244.0,68.0,0.5,27.0,68.0,0.5,0.16941271322550502,0.18337613796978924,-0.4042109144563798,0.18337613796978924,92.0,0.0,0.21396397758144708,-2.1187272264676604,0.0,0.0,,-2.1187272264676604,True,0.20986155852684255,0.16948114625380636,0.20986155852684255,-0.4043553316528365,0.15073487117252093,-0.7506950295247041,0.1624558321082912,-0.7506950295247041,26266.639223913044
8930,0.0,0.0,,0.0,0.0,,,,,,True,0.0,0.0,,0.0,0.0,,,,,,True,0.0,0.0,,0.0,0.0,,,,,,True,0.0,0.0,,0.0,0.0,,,,,,True,0.0,0.0,,0.0,0.0,,,,,,0.0,0.0,,0.0,0.0,,,,,,0.0,,,,0.0,,,,True,,,,,,,,,20915.104810869565
8940,0.0,0.0,,0.0,0.0,,,,,,True,0.0,0.0,,0.0,0.0,,,,,,True,0.0,0.0,,0.0,0.0,,,,,,True,0.0,0.0,,0.0,0.0,,,,,,True,0.0,0.0,,0.0,0.0,,,,,,0.0,0.0,,0.0,0.0,,,,,,0.0,,,,0.0,,,,True,,,,,,,,,7651.555333333333
8950,49.0,22.0,1.0,0.0,22.0,1.0,-0.4414674034025376,1.9893854572765666,,1.9893854572765666,True,70.0,32.0,1.0,0.0,32.0,1.0,-0.3520428528750711,2.4253943253166144,,2.4253943253166144,True,63.0,33.0,1.0,0.0,33.0,1.0,-0.4451125556746872,2.5369535494254416,,2.5369535494254416,True,182.0,87.0,1.0,0.0,87.0,1.0,-0.33290288335786944,2.399854309256934,,2.399854309256934,True,182.0,87.0,1.0,0.0,87.0,1.0,-0.35693615791823396,2.4002318651597716,,2.4002318651597716,182.0,87.0,1.0,0.0,87.0,1.0,-0.33306374291624496,2.3998655702661282,,2.3998655702661282,49.0,1.0,-0.4414674034025376,1.9893854572765666,0.0,1.0,,1.9893854572765666,True,2.889445187742198,-0.33290288335786944,2.889445187742198,,-0.36736200190097507,2.6269870859117606,,2.6269870859117606,53894.25118695652
8990,0.0,0.0,,0.0,0.0,,,,,,True,0.0,0.0,,0.0,0.0,,,,,,True,0.0,0.0,,0.0,0.0,,,,,,True,0.0,0.0,,0.0,0.0,,,,,,True,0.0,0.0,,0.0,0.0,,,,,,0.0,0.0,,0.0,0.0,,,,,,0.0,,,,0.0,,,,True,,,,,,,,,1158346.457914706
9005,0.0,0.0,,0.0,0.0,,,,,,True,0.0,0.0,,0.0,0.0,,,,,,True,0.0,0.0,,0.0,0.0,,,,,,True,0.0,0.0,,0.0,0.0,,,,,,True,0.0,0.0,,0.0,0.0,,,,,,0.0,0.0,,0.0,0.0,,,,,,0.0,,,,0.0,,,,True,,,,,,,,,285497.78540217393
9030,0.0,0.0,,0.0,0.0,,,,,,True,0.0,0.0,,0.0,0.0,,,,,,True,0.0,0.0,,0.0,0.0,,,,,,True,0.0,0.0,,0.0,0.0,,,,,,True,0.0,0.0,,0.0,0.0,,,,,,0.0,0.0,,0.0,0.0,,,,,,0.0,,,,0.0,,,,True,,,,,,,,,158222.59549565215
9040,174.0,105.0,0.7142857142857143,48.0,105.0,0.7142857142857143,0.36629113415553943,0.8156389762067875,0.1773302991920658,0.8156389762067875,True,169.0,112.0,0.7232142857142857,53.0,112.0,0.7232142857142857,0.3180909002428286,1.209772690355014,0.27226448546538373,1.209772690355014,True,205.0,122.0,0.7131147540983607,60.0,122.0,0.7131147540983607,0.3766471361001852,1.2560654635240756,0.31546092826960287,1.2560654635240756,True,548.0,339.0,0.7168141592920354,161.0,339.0,0.7168141592920354,0.410417662359531,1.1445122854081982,0.3711119885624991,1.1445122854081982,True,548.0,339.0,0.7168141592920354,161.0,339.0,0.7168141592920354,0.38489525260044016,1.1436378781722456,0.3423509883672243,1.1436378781722456,548.0,339.0,0.7168141592920354,161.0,339.0,0.7168141592920354,0.4103935558321517,1.1445087236558125,0.37114830556127776,1.1445087236558125,174.0,0.7142857142857143,0.36629113415553943,0.8156389762067875,48.0,0.7142857142857143,0.1773302991920658,0.8156389762067875,True,1.3718049021688996,0.410417662359531,1.3718049021688996,0.3711119885624991,0.4053404171715431,1.2267430551417566,0.34316031752029963,1.2267430551417566,36310.9799826087
9050,27.0,17.0,1.0,0.0,17.0,1.0,-1.0477956035681344,1.9893854572765666,,1.9893854572765666,True,65.0,42.0,0.47619047619047616,19.0,42.0,0.47619047619047616,-0.7331167588430068,0.12486305915272582,-0.8818485210593756,0.12486305915272582,True,98.0,45.0,0.4444444444444444,34.0,45.0,0.4444444444444444,-0.5546102075279467,0.05650360529898667,-0.6156387511407829,0.05650360529898667,True,190.0,104.0,0.5480769230769231,53.0,104.0,0.5480769230769231,-0.6350878259019819,0.39651251578919505,-0.773555270703776,0.39651251578919505,True,190.0,104.0,0.5480769230769231,53.0,104.0,0.5480769230769231,-0.6585157166382881,0.394892122103657,-0.7932395213963457,0.394892122103657,190.0,104.0,0.5480769230769231,53.0,104.0,0.5480769230769231,-0.635304280192741,0.39650012184443745,-0.7733593870104681,0.39650012184443745,27.0,1.0,-1.0477956035681344,1.9893854572765666,0.0,1.0,,1.9893854572765666,True,0.46751383056678086,-0.6350878259019819,0.46751383056678086,-0.773555270703776,-0.7359295516626353,0.8029889689935799,-0.6757441226659743,0.8029889689935799,103409.03669347828
9110,0.0,0.0,,0.0,0.0,,,,,,True,0.0,0.0,,0.0,0.0,,,,,,True,0.0,0.0,,0.0,0.0,,,,,,True,0.0,0.0,,0.0,0.0,,,,,,True,0.0,0.0,,0.0,0.0,,,,,,0.0,0.0,,0.0,0.0,,,,,,0.0,,,,0.0,,,,True,,,,,,,,,12186.36685777778
9121,46.0,24.0,1.0,11.5,24.0,1.0,-1.2048921433604487,1.9893854572765666,-1.658270894875344,1.9893854572765666,True,85.0,64.5,0.6511627906976745,19.0,64.5,0.6511627906976745,-1.041745575490593,0.893328048695843,-1.3585825147867336,0.893328048695843,True,93.5,62.5,0.608,22.0,62.5,0.608,-1.0258555402097052,0.7867480688498149,-1.3603673332239228,0.7867480688498149,True,224.5,151.0,0.6887417218543046,52.5,151.0,0.6887417218543046,-0.9772704284026951,1.0200692329612724,-1.2327323549349838,1.0200692329612724,True,449.0,302.0,0.6887417218543046,105.0,302.0,0.6887417218543046,-0.6565664496000841,1.019070717624434,-0.8839718057922896,1.019070717624434,224.5,151.0,0.6887417218543046,52.5,151.0,0.6887417218543046,-0.9775498360294218,1.0200642018167516,-1.2324724619246092,1.0200642018167516,46.0,1.0,-1.2048921433604487,1.9893854572765666,11.5,1.0,-1.658270894875344,1.9893854572765666,True,1.2213600145882682,-0.9772704284026951,1.2213600145882682,-1.2327323549349838,-1.0507595883853003,1.3747634855650057,-1.396789734579966,1.3747634855650057,243412.40319705883
9122,0.0,0.0,,0.0,0.0,,,,,,True,0.0,0.0,,0.0,0.0,,,,,,True,0.0,0.0,,0.0,0.0,,,,,,True,0.0,0.0,,0.0,0.0,,,,,,True,0.0,0.0,,0.0,0.0,,,,,,0.0,0.0,,0.0,0.0,,,,,,0.0,,,,0.0,,,,True,,,,,,,,,223237.36603235293
9130,230.0,145.0,0.6068965517241379,80.0,145.0,0.6068965517241379,-1.7192671188055946,0.37447219539090487,-2.0594961970695143,0.37447219539090487,True,214.0,129.0,0.3643410852713178,38.0,129.0,0.3643410852713178,-1.9577341797532652,-0.36637088985901345,-2.458289506971476,-0.36637088985901345,True,252.0,138.0,0.34057971014492755,58.0,138.0,0.34057971014492755,-1.9006481457845177,-0.4072326886029155,-2.339862542890553,-0.4072326886029155,True,696.0,412.0,0.441747572815534,176.0,412.0,0.441747572815534,-1.7400679800786056,-0.07483768102133079,-2.0063207973133146,-0.07483768102133079,True,696.0,412.0,0.441747572815534,176.0,412.0,0.441747572815534,-1.7612822029014408,-0.07692815621506131,-2.016229714790031,-0.07692815621506131,696.0,412.0,0.441747572815534,176.0,412.0,0.441747572815534,-1.7404877240351018,-0.07485564055017249,-2.0059530660209615,-0.07485564055017249,230.0,0.6068965517241379,-1.7192671188055946,0.37447219539090487,80.0,0.6068965517241379,-2.0594961970695143,0.37447219539090487,True,-0.10232294196426675,-1.7400679800786056,-0.10232294196426675,-2.0063207973133146,-1.825311465930509,-0.17745049882193142,-2.236071714454109,-0.17745049882193142,3507410.47457174
9141,54.5,24.0,1.0,11.5,24.0,1.0,-0.5073167099248933,1.9893854572765666,-0.9608046413549882,1.9893854572765666,True,92.5,64.5,0.6511627906976745,19.0,64.5,0.6511627906976745,-0.33270304242360826,0.893328048695843,-0.6536411529556806,0.893328048695843,True,111.5,73.0,0.6643835616438356,22.0,73.0,0.6643835616438356,-0.27342665758725426,1.0384899530421996,-0.6303611980568489,1.0384899530421996,True,258.5,161.5,0.7089783281733746,52.5,161.5,0.7089783281733746,-0.2787815945925314,1.1097766218226004,-0.5611878541821923,1.1097766218226004,True,517.0,323.0,0.7089783281733746,105.0,323.0,0.7089783281733746,0.040523062861656266,1.1088675724177532,-0.2177523819681065,1.1088675724177532,258.5,161.5,0.7089783281733746,52.5,161.5,0.7089783281733746,-0.2789324971406739,1.1097726499202714,-0.5610215745213277,1.1097726499202714,54.5,1.0,-0.5073167099248933,1.9893854572765666,11.5,1.0,-0.9608046413549882,1.9893854572765666,True,1.32981137259518,-0.2787815945925314,1.32981137259518,-0.5611878541821923,-0.3253016773879193,1.4708058464360412,-0.6752623238707107,1.4708058464360412,68641.92295588236
9142,8.5,0.0,,0.0,0.0,,-2.223992392261334,,,,True,28.5,0.0,,0.0,0.0,,-1.829956700077723,,,,True,37.0,10.5,1.0,0.0,10.5,1.0,-1.7227473689587949,2.5369535494254416,,2.5369535494254416,True,74.0,10.5,1.0,0.0,10.5,1.0,-1.7310584531354178,2.399854309256934,,2.399854309256934,True,108.0,21.0,1.0,0.0,21.0,1.0,-1.5649633585087697,2.4002318651597716,,2.4002318651597716,74.0,10.5,1.0,0.0,10.5,1.0,-1.731476539556515,2.3998655702661282,,2.3998655702661282,8.5,,-2.223992392261334,,0.0,,,,True,,-1.7310584531354178,,,-1.8921929387288299,,,,366208.19932352944
9210,31.0,22.0,1.0,0.0,22.0,1.0,-0.588414705759766,1.9893854572765666,,1.9893854572765666,True,26.0,0.0,,0.0,0.0,,-0.7904346349551234,,,,True,26.0,0.0,,0.0,0.0,,-0.8258265288612894,,,,True,83.0,22.0,1.0,0.0,22.0,1.0,-0.6455426776560914,2.399854309256934,,2.399854309256934,True,83.0,22.0,1.0,0.0,22.0,1.0,-0.6689496236091084,2.4002318651597716,,2.4002318651597716,83.0,22.0,1.0,0.0,22.0,1.0,-0.6457610553871136,2.3998655702661282,,2.3998655702661282,31.0,1.0,-0.588414705759766,1.9893854572765666,0.0,1.0,,1.9893854572765666,True,,-0.6455426776560914,,,-0.691963959186193,,,,46134.76162826087
9240,18.0,0.0,,0.0,0.0,,-0.8294887822695715,,,,True,0.0,0.0,,0.0,0.0,,,,,,True,0.0,0.0,,0.0,0.0,,,,,,True,18.0,0.0,,0.0,0.0,,-1.3807921169389645,,,,True,18.0,0.0,,0.0,0.0,,-1.4027260969875839,,,,18.0,0.0,,0.0,0.0,,-1.381145762812297,,,,18.0,,-0.8294887822695715,,0.0,,,,True,,-1.3807921169389645,,,-0.7873199478056628,,,,43992.25268260869
9265,95.0,81.0,0.6790123456790124,22.0,81.0,0.6790123456790124,0.538243594205013,0.6707320032352099,0.2758736098006413,0.6707320032352099,True,129.0,115.0,0.41739130434782606,22.0,115.0,0.41739130434782606,0.6798139013191691,-0.13337839523088846,0.3166811943304209,-0.13337839523088846,True,164.0,135.0,0.5777777777777777,36.0,135.0,0.5777777777777777,0.760639897592259,0.6518115918893356,0.5739235384930396,0.6518115918893356,True,388.0,331.0,0.5468277945619335,80.0,331.0,0.5468277945619335,0.7151281357558714,0.3909752208660662,0.5088476892630237,0.3909752208660662,True,388.0,331.0,0.5468277945619335,80.0,331.0,0.5468277945619335,0.6889952826369551,0.38934930478981644,0.4789945005363502,0.38934930478981644,388.0,331.0,0.5468277945619335,80.0,331.0,0.5468277945619335,0.715160088597567,0.39096276153832854,0.5088648058956684,0.39096276153832854,95.0,0.6790123456790124,0.538243594205013,0.6707320032352099,22.0,0.6790123456790124,0.2758736098006413,0.6707320032352099,True,0.46081954192767643,0.7151281357558714,0.46081954192767643,0.5088476892630237,0.7136846627069546,0.42850251563453506,0.47898641155809535,0.42850251563453506,13917.015538235297
9300,0.0,0.0,,0.0,0.0,,,,,,True,0.0,0.0,,0.0,0.0,,,,,,True,0.0,0.0,,0.0,0.0,,,,,,True,0.0,0.0,,0.0,0.0,,,,,,True,0.0,0.0,,0.0,0.0,,,,,,0.0,0.0,,0.0,0.0,,,,,,0.0,,,,0.0,,,,True,,,,,,,,,25595.32489565217
9310,17.0,0.0,,0.0,0.0,,-0.7570404060781563,,,,True,0.0,0.0,,0.0,0.0,,,,,,True,0.0,0.0,,0.0,0.0,,,,,,True,17.0,0.0,,0.0,0.0,,-1.306777292034806,,,,True,17.0,0.0,,0.0,0.0,,-1.3288595500795433,,,,17.0,0.0,,0.0,0.0,,-1.3071173209676372,,,,17.0,,-0.7570404060781563,,0.0,,,,True,,-1.306777292034806,,,-0.7142901555133692,,,,35793.877486956524
9350,137.0,122.0,0.6229508196721312,35.0,122.0,0.6229508196721312,-0.06415235530554389,0.4404249371762844,-0.35299792733283786,0.4404249371762844,True,85.0,71.0,0.5070422535211268,20.0,71.0,0.5070422535211268,-0.3822845222834597,0.26036169966942097,-0.6305747719712593,0.26036169966942097,True,83.0,64.0,0.484375,24.0,64.0,0.484375,-0.4326133122711449,0.23478594503307568,-0.5858763840011986,0.23478594503307568,True,305.0,257.0,0.556420233463035,79.0,257.0,0.556420233463035,-0.20155725231163482,0.43349779767869784,-0.34964206766729594,0.43349779767869784,True,305.0,257.0,0.556420233463035,79.0,257.0,0.556420233463035,-0.22585365884583858,0.43191428972527396,-0.372687779014657,0.43191428972527396,305.0,257.0,0.556420233463035,79.0,257.0,0.556420233463035,-0.2016939474455811,0.43348584044680816,-0.3495052775035952,0.43348584044680816,137.0,0.6229508196721312,-0.06415235530554389,0.4404249371762844,35.0,0.6229508196721312,-0.35299792733283786,0.4404249371762844,True,0.5122270264149568,-0.20155725231163482,0.5122270264149568,-0.34964206766729594,-0.24654257485587036,0.3317540789897914,-0.44674698846302996,0.3317540789897914,69323.00239130434
9365,70.0,24.0,1.0,0.0,24.0,1.0,-0.527483936845117,1.9893854572765666,,1.9893854572765666,True,90.0,49.0,0.40816326530612246,0.0,49.0,0.40816326530612246,-0.5002969598969544,-0.17390723515427245,,-0.17390723515427245,True,109.0,67.0,0.29850746268656714,16.0,67.0,0.29850746268656714,-0.4375249471313305,-0.5950772755461715,-0.9822848540093485,-0.5950772755461715,True,269.0,140.0,0.45714285714285713,16.0,140.0,0.45714285714285713,-0.4038840393603683,-0.006591516817383785,-1.3463477796803087,-0.006591516817383785,True,269.0,140.0,0.45714285714285713,16.0,140.0,0.45714285714285713,-0.4277751134414664,-0.008613929538637535,-1.3614900168934865,-0.008613929538637535,269.0,140.0,0.45714285714285713,16.0,140.0,0.45714285714285713,-0.404057957737423,-0.0066086705127541764,-1.3460720486719242,-0.0066086705127541764,70.0,1.0,-0.527483936845117,1.9893854572765666,0.0,1.0,,1.9893854572765666,True,-0.019817038263045192,-0.4038840393603683,-0.019817038263045192,-1.3463477796803087,-0.44352940830194554,0.4404193043905173,-0.9128084215774632,0.4404193043905173,91899.58008695651
9410,0.0,0.0,,0.0,0.0,,,,,,True,0.0,0.0,,0.0,0.0,,,,,,True,0.0,0.0,,0.0,0.0,,,,,,True,0.0,0.0,,0.0,0.0,,,,,,True,0.0,0.0,,0.0,0.0,,,,,,0.0,0.0,,0.0,0.0,,,,,,0.0,,,,0.0,,,,True,,,,,,,,,38808.27215869565
9415,108.0,100.0,0.62,25.0,100.0,0.62,0.28848434734375794,0.4283026374537603,-0.007528152296661705,0.4283026374537603,True,134.0,105.0,0.47619047619047616,35.0,105.0,0.47619047619047616,0.36259513262142345,0.12486305915272582,0.2176201221430461,0.12486305915272582,True,132.0,98.0,0.5204081632653061,37.0,98.0,0.5204081632653061,0.31225995663140005,0.39566716908770616,0.21938024168441142,0.39566716908770616,True,374.0,303.0,0.5379537953795379,97.0,303.0,0.5379537953795379,0.37804708010794175,0.35163743453673985,0.2703826326548702,0.35163743453673985,True,374.0,303.0,0.5379537953795379,97.0,303.0,0.5379537953795379,0.352589520128279,0.3499722865559492,0.2424203756085245,0.3499722865559492,374.0,303.0,0.5379537953795379,97.0,303.0,0.5379537953795379,0.37801701817510047,0.35162451071835604,0.27043299133277804,0.35162451071835604,108.0,0.62,0.28848434734375794,0.4283026374537603,25.0,0.62,-0.007528152296661705,0.4283026374537603,True,0.41326229605804093,0.37804708010794175,0.41326229605804093,0.2703826326548702,0.37251584446199953,0.3368130264412167,0.2296116711657573,0.3368130264412167,26451.17197391304
9430,69.0,56.0,0.5178571428571429,17.0,56.0,0.5178571428571429,-0.05525687825071792,0.00868827047131448,-0.36289136807853656,0.00868827047131448,True,81.0,63.0,0.2698412698412698,19.0,63.0,0.2698412698412698,-0.03785948517962439,-0.7814068335785027,-0.2669893059195533,-0.7814068335785027,True,96.0,75.0,0.21333333333333335,22.0,75.0,0.21333333333333335,0.0107746588866921,-0.9753635714576182,-0.22996162471233644,-0.9753635714576182,True,246.0,194.0,0.31958762886597936,58.0,194.0,0.31958762886597936,0.041321508254299366,-0.6163637364466331,-0.13999943401488454,-0.6163637364466331,True,246.0,194.0,0.31958762886597936,58.0,194.0,0.31958762886597936,0.01653852925352579,-0.6189942801214683,-0.16470752685813123,-0.6189942801214683,246.0,194.0,0.31958762886597936,58.0,194.0,0.31958762886597936,0.04122949694735527,-0.6163880901783745,-0.13989186804870807,-0.6163880901783745,69.0,0.5178571428571429,-0.05525687825071792,0.00868827047131448,17.0,0.5178571428571429,-0.36289136807853656,0.00868827047131448,True,-0.7569985138704509,0.041321508254299366,-0.7569985138704509,-0.13999943401488454,0.021158180996572143,-0.6920903859740085,-0.20664314098691686,-0.6920903859740085,34281.23015294118
9510,0.0,0.0,,0.0,0.0,,,,,,True,0.0,0.0,,0.0,0.0,,,,,,True,0.0,0.0,,0.0,0.0,,,,,,True,0.0,0.0,,0.0,0.0,,,,,,True,0.0,0.0,,0.0,0.0,,,,,,0.0,0.0,,0.0,0.0,,,,,,0.0,,,,0.0,,,,True,,,,,,,,,58360.51544782608
9570,222.0,194.0,0.4896907216494845,50.0,194.0,0.4896907216494845,0.5522164578591838,-0.10702256174754933,0.27638727305966415,-0.10702256174754933,True,55.0,22.0,1.0,0.0,22.0,1.0,-0.1983580713351944,2.4253943253166144,,2.4253943253166144,True,72.0,58.0,0.3793103448275862,16.0,58.0,0.3793103448275862,-0.0968490274776962,-0.2343077674606666,-0.3666467226905279,-0.2343077674606666,True,349.0,274.0,0.5072992700729927,66.0,274.0,0.5072992700729927,0.25539397283717596,0.21574817629474588,-0.028248518966470838,0.21574817629474588,True,349.0,274.0,0.5072992700729927,66.0,274.0,0.5072992700729927,0.2301821306172635,0.2139475048159408,-0.053842751475529846,0.2139475048159408,349.0,274.0,0.5072992700729927,66.0,274.0,0.5072992700729927,0.25534134569437644,0.2157336479303197,-0.028156531085524406,0.2157336479303197,222.0,0.4896907216494845,0.5522164578591838,-0.10702256174754933,50.0,0.4896907216494845,0.27638727305966415,-0.10702256174754933,True,0.24897956771246813,0.25539397283717596,0.24897956771246813,-0.028248518966470838,0.13518299420823196,0.7699164738435254,0.03848414109116669,0.7699164738435254,31600.107397058822
9600,0.0,0.0,,0.0,0.0,,,,,,True,0.0,0.0,,0.0,0.0,,,,,,True,0.0,0.0,,0.0,0.0,,,,,,True,0.0,0.0,,0.0,0.0,,,,,,True,0.0,0.0,,0.0,0.0,,,,,,0.0,0.0,,0.0,0.0,,,,,,0.0,,,,0.0,,,,True,,,,,,,,,593619.4296717391
9610,0.0,0.0,,0.0,0.0,,,,,,True,0.0,0.0,,0.0,0.0,,,,,,True,0.0,0.0,,0.0,0.0,,,,,,True,0.0,0.0,,0.0,0.0,,,,,,True,0.0,0.0,,0.0,0.0,,,,,,0.0,0.0,,0.0,0.0,,,,,,0.0,,,,0.0,,,,True,,,,,,,,,337539.3012
9620,0.0,0.0,,0.0,0.0,,,,,,True,0.0,0.0,,0.0,0.0,,,,,,True,0.0,0.0,,0.0,0.0,,,,,,True,0.0,0.0,,0.0,0.0,,,,,,True,0.0,0.0,,0.0,0.0,,,,,,0.0,0.0,,0.0,0.0,,,,,,0.0,,,,0.0,,,,True,,,,,,,,,2172639.2820086954
9630,0.0,0.0,,0.0,0.0,,,,,,True,0.0,0.0,,0.0,0.0,,,,,,True,0.0,0.0,,0.0,0.0,,,,,,True,0.0,0.0,,0.0,0.0,,,,,,True,0.0,0.0,,0.0,0.0,,,,,,0.0,0.0,,0.0,0.0,,,,,,0.0,,,,0.0,,,,True,,,,,,,,,19600.067941304347
9640,0.0,0.0,,0.0,0.0,,,,,,True,0.0,0.0,,0.0,0.0,,,,,,True,0.0,0.0,,0.0,0.0,,,,,,True,0.0,0.0,,0.0,0.0,,,,,,True,0.0,0.0,,0.0,0.0,,,,,,0.0,0.0,,0.0,0.0,,,,,,0.0,,,,0.0,,,,True,,,,,,,,,693291.3384543478
9645,249.0,231.0,0.5497835497835498,77.0,231.0,0.5497835497835498,-1.3055973282574227,0.13984554771206625,-1.6552823006111117,0.13984554771206625,True,350.0,272.0,0.4632352941176471,98.0,272.0,0.4632352941176471,-1.2941678980761977,0.06796489281043736,-1.5008711582495786,0.06796489281043736,True,400.0,340.0,0.47058823529411764,102.0,340.0,0.47058823529411764,-1.256779569202155,0.17323066149317284,-1.5691893310737077,0.17323066149317284,True,999.0,843.0,0.48991696322657174,277.0,843.0,0.48991696322657174,-1.177430136304185,0.1386936872666435,-1.3562503254874443,0.1386936872666435,True,999.0,843.0,0.48991696322657174,277.0,843.0,0.48991696322657174,-1.1997715226665282,0.13681616869906996,-1.3713140395079626,0.13681616869906996,999.0,843.0,0.48991696322657174,277.0,843.0,0.48991696322657174,-1.1777463684837868,0.13867824906227103,-1.3559732140634946,0.13867824906227103,249.0,0.5497835497835498,-1.3055973282574227,0.13984554771206625,77.0,0.5497835497835498,-1.6552823006111117,0.13984554771206625,True,0.15582487798513298,-1.177430136304185,0.15582487798513298,-1.3562503254874443,-1.2470058197895435,0.12019408104101681,-1.5145809461384934,0.12019408104101681,1620988.5029108697
9650,0.0,0.0,,0.0,0.0,,,,,,True,0.0,0.0,,0.0,0.0,,,,,,True,0.0,0.0,,0.0,0.0,,,,,,True,0.0,0.0,,0.0,0.0,,,,,,True,0.0,0.0,,0.0,0.0,,,,,,0.0,0.0,,0.0,0.0,,,,,,0.0,,,,0.0,,,,True,,,,,,,,,18309.338906521734
9720,0.0,0.0,,0.0,0.0,,,,,,True,15.0,0.0,,0.0,0.0,,-1.486719969809601,,,,True,0.0,0.0,,0.0,0.0,,,,,,True,15.0,0.0,,0.0,0.0,,-1.88022552875306,,,,True,15.0,0.0,,0.0,0.0,,-1.9011589661996522,,,,15.0,0.0,,0.0,0.0,,-1.8806710583140422,,,,0.0,,,,0.0,,,,True,,-1.88022552875306,,,-1.4498255778456277,,,,100246.74904130436
9760,0.0,0.0,,0.0,0.0,,,,,,True,0.0,0.0,,0.0,0.0,,,,,,True,0.0,0.0,,0.0,0.0,,,,,,True,0.0,0.0,,0.0,0.0,,,,,,True,0.0,0.0,,0.0,0.0,,,,,,0.0,0.0,,0.0,0.0,,,,,,0.0,,,,0.0,,,,True,,,,,,,,,62266.66877647059
